Найденный друг (ID);Найденный друг (ссылка);Чей это друг (ID);Чей это друг (ссылка)
1000921;https://vk.ru/id1000921;214576903;https://vk.ru/id214576903
3992468;https://vk.ru/id3992468;214576903;https://vk.ru/id214576903
5827148;https://vk.ru/id5827148;214576903;https://vk.ru/id214576903
6106776;https://vk.ru/id6106776;214576903;https://vk.ru/id214576903
10166431;https://vk.ru/id10166431;214576903;https://vk.ru/id214576903
14462981;https://vk.ru/id14462981;214576903;https://vk.ru/id214576903
39118773;https://vk.ru/id39118773;214576903;https://vk.ru/id214576903
45366746;https://vk.ru/id45366746;214576903;https://vk.ru/id214576903
49584047;https://vk.ru/id49584047;214576903;https://vk.ru/id214576903
56170247;https://vk.ru/id56170247;214576903;https://vk.ru/id214576903
59903308;https://vk.ru/id59903308;214576903;https://vk.ru/id214576903
89127258;https://vk.ru/id89127258;214576903;https://vk.ru/id214576903
96595205;https://vk.ru/id96595205;214576903;https://vk.ru/id214576903
108311921;https://vk.ru/id108311921;214576903;https://vk.ru/id214576903
113118967;https://vk.ru/id113118967;214576903;https://vk.ru/id214576903
113918975;https://vk.ru/id113918975;214576903;https://vk.ru/id214576903
117226423;https://vk.ru/id117226423;214576903;https://vk.ru/id214576903
129555776;https://vk.ru/id129555776;214576903;https://vk.ru/id214576903
132383226;https://vk.ru/id132383226;214576903;https://vk.ru/id214576903
148526953;https://vk.ru/id148526953;214576903;https://vk.ru/id214576903
151704249;https://vk.ru/id151704249;214576903;https://vk.ru/id214576903
153586082;https://vk.ru/id153586082;214576903;https://vk.ru/id214576903
161629584;https://vk.ru/id161629584;214576903;https://vk.ru/id214576903
163873061;https://vk.ru/id163873061;214576903;https://vk.ru/id214576903
166260935;https://vk.ru/id166260935;214576903;https://vk.ru/id214576903
177926888;https://vk.ru/id177926888;214576903;https://vk.ru/id214576903
181754050;https://vk.ru/id181754050;214576903;https://vk.ru/id214576903
182164636;https://vk.ru/id182164636;214576903;https://vk.ru/id214576903
184842313;https://vk.ru/id184842313;214576903;https://vk.ru/id214576903
185341789;https://vk.ru/id185341789;214576903;https://vk.ru/id214576903
189849704;https://vk.ru/id189849704;214576903;https://vk.ru/id214576903
190729776;https://vk.ru/id190729776;214576903;https://vk.ru/id214576903
190764542;https://vk.ru/id190764542;214576903;https://vk.ru/id214576903
201128718;https://vk.ru/id201128718;214576903;https://vk.ru/id214576903
209230438;https://vk.ru/id209230438;214576903;https://vk.ru/id214576903
210487993;https://vk.ru/id210487993;214576903;https://vk.ru/id214576903
210495800;https://vk.ru/id210495800;214576903;https://vk.ru/id214576903
214603811;https://vk.ru/id214603811;214576903;https://vk.ru/id214576903
222098312;https://vk.ru/id222098312;214576903;https://vk.ru/id214576903
223364702;https://vk.ru/id223364702;214576903;https://vk.ru/id214576903
227158188;https://vk.ru/id227158188;214576903;https://vk.ru/id214576903
230254737;https://vk.ru/id230254737;214576903;https://vk.ru/id214576903
232073422;https://vk.ru/id232073422;214576903;https://vk.ru/id214576903
235748767;https://vk.ru/id235748767;214576903;https://vk.ru/id214576903
236311476;https://vk.ru/id236311476;214576903;https://vk.ru/id214576903
240200561;https://vk.ru/id240200561;214576903;https://vk.ru/id214576903
241477941;https://vk.ru/id241477941;214576903;https://vk.ru/id214576903
246386079;https://vk.ru/id246386079;214576903;https://vk.ru/id214576903
249006572;https://vk.ru/id249006572;214576903;https://vk.ru/id214576903
249816774;https://vk.ru/id249816774;214576903;https://vk.ru/id214576903
252153724;https://vk.ru/id252153724;214576903;https://vk.ru/id214576903
254516647;https://vk.ru/id254516647;214576903;https://vk.ru/id214576903
254781729;https://vk.ru/id254781729;214576903;https://vk.ru/id214576903
265843312;https://vk.ru/id265843312;214576903;https://vk.ru/id214576903
267950837;https://vk.ru/id267950837;214576903;https://vk.ru/id214576903
268543884;https://vk.ru/id268543884;214576903;https://vk.ru/id214576903
268586319;https://vk.ru/id268586319;214576903;https://vk.ru/id214576903
272822818;https://vk.ru/id272822818;214576903;https://vk.ru/id214576903
273186607;https://vk.ru/id273186607;214576903;https://vk.ru/id214576903
276709580;https://vk.ru/id276709580;214576903;https://vk.ru/id214576903
277544170;https://vk.ru/id277544170;214576903;https://vk.ru/id214576903
288338101;https://vk.ru/id288338101;214576903;https://vk.ru/id214576903
300643967;https://vk.ru/id300643967;214576903;https://vk.ru/id214576903
306660024;https://vk.ru/id306660024;214576903;https://vk.ru/id214576903
307802068;https://vk.ru/id307802068;214576903;https://vk.ru/id214576903
307998512;https://vk.ru/id307998512;214576903;https://vk.ru/id214576903
309564914;https://vk.ru/id309564914;214576903;https://vk.ru/id214576903
312529388;https://vk.ru/id312529388;214576903;https://vk.ru/id214576903
314906366;https://vk.ru/id314906366;214576903;https://vk.ru/id214576903
316092452;https://vk.ru/id316092452;214576903;https://vk.ru/id214576903
316478504;https://vk.ru/id316478504;214576903;https://vk.ru/id214576903
324196929;https://vk.ru/id324196929;214576903;https://vk.ru/id214576903
337757609;https://vk.ru/id337757609;214576903;https://vk.ru/id214576903
337864271;https://vk.ru/id337864271;214576903;https://vk.ru/id214576903
338135201;https://vk.ru/id338135201;214576903;https://vk.ru/id214576903
342243498;https://vk.ru/id342243498;214576903;https://vk.ru/id214576903
343494674;https://vk.ru/id343494674;214576903;https://vk.ru/id214576903
348253113;https://vk.ru/id348253113;214576903;https://vk.ru/id214576903
349238012;https://vk.ru/id349238012;214576903;https://vk.ru/id214576903
351692241;https://vk.ru/id351692241;214576903;https://vk.ru/id214576903
352060506;https://vk.ru/id352060506;214576903;https://vk.ru/id214576903
359450337;https://vk.ru/id359450337;214576903;https://vk.ru/id214576903
364805299;https://vk.ru/id364805299;214576903;https://vk.ru/id214576903
373720047;https://vk.ru/id373720047;214576903;https://vk.ru/id214576903
377563947;https://vk.ru/id377563947;214576903;https://vk.ru/id214576903
377620239;https://vk.ru/id377620239;214576903;https://vk.ru/id214576903
384742759;https://vk.ru/id384742759;214576903;https://vk.ru/id214576903
387169661;https://vk.ru/id387169661;214576903;https://vk.ru/id214576903
396226087;https://vk.ru/id396226087;214576903;https://vk.ru/id214576903
400119289;https://vk.ru/id400119289;214576903;https://vk.ru/id214576903
403637402;https://vk.ru/id403637402;214576903;https://vk.ru/id214576903
413817652;https://vk.ru/id413817652;214576903;https://vk.ru/id214576903
413932455;https://vk.ru/id413932455;214576903;https://vk.ru/id214576903
416226483;https://vk.ru/id416226483;214576903;https://vk.ru/id214576903
416312820;https://vk.ru/id416312820;214576903;https://vk.ru/id214576903
418652509;https://vk.ru/id418652509;214576903;https://vk.ru/id214576903
422727877;https://vk.ru/id422727877;214576903;https://vk.ru/id214576903
425071454;https://vk.ru/id425071454;214576903;https://vk.ru/id214576903
444827717;https://vk.ru/id444827717;214576903;https://vk.ru/id214576903
445507534;https://vk.ru/id445507534;214576903;https://vk.ru/id214576903
447639334;https://vk.ru/id447639334;214576903;https://vk.ru/id214576903
455005298;https://vk.ru/id455005298;214576903;https://vk.ru/id214576903
455897943;https://vk.ru/id455897943;214576903;https://vk.ru/id214576903
456092858;https://vk.ru/id456092858;214576903;https://vk.ru/id214576903
463252559;https://vk.ru/id463252559;214576903;https://vk.ru/id214576903
463807025;https://vk.ru/id463807025;214576903;https://vk.ru/id214576903
467160317;https://vk.ru/id467160317;214576903;https://vk.ru/id214576903
474366512;https://vk.ru/id474366512;214576903;https://vk.ru/id214576903
476186983;https://vk.ru/id476186983;214576903;https://vk.ru/id214576903
478035288;https://vk.ru/id478035288;214576903;https://vk.ru/id214576903
494481372;https://vk.ru/id494481372;214576903;https://vk.ru/id214576903
515840685;https://vk.ru/id515840685;214576903;https://vk.ru/id214576903
526613250;https://vk.ru/id526613250;214576903;https://vk.ru/id214576903
527002955;https://vk.ru/id527002955;214576903;https://vk.ru/id214576903
528249514;https://vk.ru/id528249514;214576903;https://vk.ru/id214576903
556846383;https://vk.ru/id556846383;214576903;https://vk.ru/id214576903
576354276;https://vk.ru/id576354276;214576903;https://vk.ru/id214576903
598394385;https://vk.ru/id598394385;214576903;https://vk.ru/id214576903
601974524;https://vk.ru/id601974524;214576903;https://vk.ru/id214576903
619486900;https://vk.ru/id619486900;214576903;https://vk.ru/id214576903
626661121;https://vk.ru/id626661121;214576903;https://vk.ru/id214576903
642927076;https://vk.ru/id642927076;214576903;https://vk.ru/id214576903
653377285;https://vk.ru/id653377285;214576903;https://vk.ru/id214576903
740786280;https://vk.ru/id740786280;214576903;https://vk.ru/id214576903
743673388;https://vk.ru/id743673388;214576903;https://vk.ru/id214576903
817489545;https://vk.ru/id817489545;214576903;https://vk.ru/id214576903
24379170;https://vk.ru/id24379170;147436715;https://vk.ru/id147436715
26098227;https://vk.ru/id26098227;147436715;https://vk.ru/id147436715
65364987;https://vk.ru/id65364987;147436715;https://vk.ru/id147436715
74829123;https://vk.ru/id74829123;147436715;https://vk.ru/id147436715
79210877;https://vk.ru/id79210877;147436715;https://vk.ru/id147436715
86858177;https://vk.ru/id86858177;147436715;https://vk.ru/id147436715
91120310;https://vk.ru/id91120310;147436715;https://vk.ru/id147436715
102842640;https://vk.ru/id102842640;147436715;https://vk.ru/id147436715
106055574;https://vk.ru/id106055574;147436715;https://vk.ru/id147436715
135214897;https://vk.ru/id135214897;147436715;https://vk.ru/id147436715
136928419;https://vk.ru/id136928419;147436715;https://vk.ru/id147436715
139769098;https://vk.ru/id139769098;147436715;https://vk.ru/id147436715
140187486;https://vk.ru/id140187486;147436715;https://vk.ru/id147436715
144632202;https://vk.ru/id144632202;147436715;https://vk.ru/id147436715
152945053;https://vk.ru/id152945053;147436715;https://vk.ru/id147436715
155936588;https://vk.ru/id155936588;147436715;https://vk.ru/id147436715
164940122;https://vk.ru/id164940122;147436715;https://vk.ru/id147436715
166046166;https://vk.ru/id166046166;147436715;https://vk.ru/id147436715
168447245;https://vk.ru/id168447245;147436715;https://vk.ru/id147436715
174247092;https://vk.ru/id174247092;147436715;https://vk.ru/id147436715
180363104;https://vk.ru/id180363104;147436715;https://vk.ru/id147436715
184730658;https://vk.ru/id184730658;147436715;https://vk.ru/id147436715
184947075;https://vk.ru/id184947075;147436715;https://vk.ru/id147436715
189597773;https://vk.ru/id189597773;147436715;https://vk.ru/id147436715
190144508;https://vk.ru/id190144508;147436715;https://vk.ru/id147436715
202950792;https://vk.ru/id202950792;147436715;https://vk.ru/id147436715
204568394;https://vk.ru/id204568394;147436715;https://vk.ru/id147436715
218285940;https://vk.ru/id218285940;147436715;https://vk.ru/id147436715
218541394;https://vk.ru/id218541394;147436715;https://vk.ru/id147436715
221255289;https://vk.ru/id221255289;147436715;https://vk.ru/id147436715
226271544;https://vk.ru/id226271544;147436715;https://vk.ru/id147436715
228889120;https://vk.ru/id228889120;147436715;https://vk.ru/id147436715
234618608;https://vk.ru/id234618608;147436715;https://vk.ru/id147436715
235956354;https://vk.ru/id235956354;147436715;https://vk.ru/id147436715
236332630;https://vk.ru/id236332630;147436715;https://vk.ru/id147436715
238010812;https://vk.ru/id238010812;147436715;https://vk.ru/id147436715
241705644;https://vk.ru/id241705644;147436715;https://vk.ru/id147436715
245594602;https://vk.ru/id245594602;147436715;https://vk.ru/id147436715
246170611;https://vk.ru/id246170611;147436715;https://vk.ru/id147436715
254102471;https://vk.ru/id254102471;147436715;https://vk.ru/id147436715
256392011;https://vk.ru/id256392011;147436715;https://vk.ru/id147436715
258505291;https://vk.ru/id258505291;147436715;https://vk.ru/id147436715
260113741;https://vk.ru/id260113741;147436715;https://vk.ru/id147436715
271224335;https://vk.ru/id271224335;147436715;https://vk.ru/id147436715
273120127;https://vk.ru/id273120127;147436715;https://vk.ru/id147436715
283523118;https://vk.ru/id283523118;147436715;https://vk.ru/id147436715
290473192;https://vk.ru/id290473192;147436715;https://vk.ru/id147436715
291797653;https://vk.ru/id291797653;147436715;https://vk.ru/id147436715
298593055;https://vk.ru/id298593055;147436715;https://vk.ru/id147436715
299546359;https://vk.ru/id299546359;147436715;https://vk.ru/id147436715
303967997;https://vk.ru/id303967997;147436715;https://vk.ru/id147436715
322604785;https://vk.ru/id322604785;147436715;https://vk.ru/id147436715
326066272;https://vk.ru/id326066272;147436715;https://vk.ru/id147436715
334766761;https://vk.ru/id334766761;147436715;https://vk.ru/id147436715
346399644;https://vk.ru/id346399644;147436715;https://vk.ru/id147436715
350847654;https://vk.ru/id350847654;147436715;https://vk.ru/id147436715
352136275;https://vk.ru/id352136275;147436715;https://vk.ru/id147436715
358031307;https://vk.ru/id358031307;147436715;https://vk.ru/id147436715
358718765;https://vk.ru/id358718765;147436715;https://vk.ru/id147436715
359834209;https://vk.ru/id359834209;147436715;https://vk.ru/id147436715
361881052;https://vk.ru/id361881052;147436715;https://vk.ru/id147436715
362948769;https://vk.ru/id362948769;147436715;https://vk.ru/id147436715
363814259;https://vk.ru/id363814259;147436715;https://vk.ru/id147436715
368538238;https://vk.ru/id368538238;147436715;https://vk.ru/id147436715
368689375;https://vk.ru/id368689375;147436715;https://vk.ru/id147436715
373872021;https://vk.ru/id373872021;147436715;https://vk.ru/id147436715
375218672;https://vk.ru/id375218672;147436715;https://vk.ru/id147436715
384586634;https://vk.ru/id384586634;147436715;https://vk.ru/id147436715
386591845;https://vk.ru/id386591845;147436715;https://vk.ru/id147436715
391100290;https://vk.ru/id391100290;147436715;https://vk.ru/id147436715
395331942;https://vk.ru/id395331942;147436715;https://vk.ru/id147436715
398412008;https://vk.ru/id398412008;147436715;https://vk.ru/id147436715
400827022;https://vk.ru/id400827022;147436715;https://vk.ru/id147436715
405748157;https://vk.ru/id405748157;147436715;https://vk.ru/id147436715
410757168;https://vk.ru/id410757168;147436715;https://vk.ru/id147436715
419932736;https://vk.ru/id419932736;147436715;https://vk.ru/id147436715
420113307;https://vk.ru/id420113307;147436715;https://vk.ru/id147436715
422615554;https://vk.ru/id422615554;147436715;https://vk.ru/id147436715
424907993;https://vk.ru/id424907993;147436715;https://vk.ru/id147436715
432844398;https://vk.ru/id432844398;147436715;https://vk.ru/id147436715
435451681;https://vk.ru/id435451681;147436715;https://vk.ru/id147436715
436080486;https://vk.ru/id436080486;147436715;https://vk.ru/id147436715
436940391;https://vk.ru/id436940391;147436715;https://vk.ru/id147436715
438818642;https://vk.ru/id438818642;147436715;https://vk.ru/id147436715
451725072;https://vk.ru/id451725072;147436715;https://vk.ru/id147436715
464646306;https://vk.ru/id464646306;147436715;https://vk.ru/id147436715
470079239;https://vk.ru/id470079239;147436715;https://vk.ru/id147436715
471586900;https://vk.ru/id471586900;147436715;https://vk.ru/id147436715
484658920;https://vk.ru/id484658920;147436715;https://vk.ru/id147436715
487779200;https://vk.ru/id487779200;147436715;https://vk.ru/id147436715
489844391;https://vk.ru/id489844391;147436715;https://vk.ru/id147436715
500903836;https://vk.ru/id500903836;147436715;https://vk.ru/id147436715
504958252;https://vk.ru/id504958252;147436715;https://vk.ru/id147436715
506872096;https://vk.ru/id506872096;147436715;https://vk.ru/id147436715
522670037;https://vk.ru/id522670037;147436715;https://vk.ru/id147436715
536759141;https://vk.ru/id536759141;147436715;https://vk.ru/id147436715
540795105;https://vk.ru/id540795105;147436715;https://vk.ru/id147436715
542514654;https://vk.ru/id542514654;147436715;https://vk.ru/id147436715
545330850;https://vk.ru/id545330850;147436715;https://vk.ru/id147436715
561488016;https://vk.ru/id561488016;147436715;https://vk.ru/id147436715
566577730;https://vk.ru/id566577730;147436715;https://vk.ru/id147436715
591730206;https://vk.ru/id591730206;147436715;https://vk.ru/id147436715
596874034;https://vk.ru/id596874034;147436715;https://vk.ru/id147436715
601694514;https://vk.ru/id601694514;147436715;https://vk.ru/id147436715
608467309;https://vk.ru/id608467309;147436715;https://vk.ru/id147436715
637707360;https://vk.ru/id637707360;147436715;https://vk.ru/id147436715
683834777;https://vk.ru/id683834777;147436715;https://vk.ru/id147436715
710266537;https://vk.ru/id710266537;147436715;https://vk.ru/id147436715
713424200;https://vk.ru/id713424200;147436715;https://vk.ru/id147436715
761226425;https://vk.ru/id761226425;147436715;https://vk.ru/id147436715
772687645;https://vk.ru/id772687645;147436715;https://vk.ru/id147436715
884346675;https://vk.ru/id884346675;147436715;https://vk.ru/id147436715
29538;https://vk.ru/id29538;422397933;https://vk.ru/id422397933
122733;https://vk.ru/id122733;422397933;https://vk.ru/id422397933
341898;https://vk.ru/id341898;422397933;https://vk.ru/id422397933
473891;https://vk.ru/id473891;422397933;https://vk.ru/id422397933
555418;https://vk.ru/id555418;422397933;https://vk.ru/id422397933
673013;https://vk.ru/id673013;422397933;https://vk.ru/id422397933
679462;https://vk.ru/id679462;422397933;https://vk.ru/id422397933
989742;https://vk.ru/id989742;422397933;https://vk.ru/id422397933
1001415;https://vk.ru/id1001415;422397933;https://vk.ru/id422397933
1219568;https://vk.ru/id1219568;422397933;https://vk.ru/id422397933
1550164;https://vk.ru/id1550164;422397933;https://vk.ru/id422397933
1571867;https://vk.ru/id1571867;422397933;https://vk.ru/id422397933
1695736;https://vk.ru/id1695736;422397933;https://vk.ru/id422397933
1816123;https://vk.ru/id1816123;422397933;https://vk.ru/id422397933
2031035;https://vk.ru/id2031035;422397933;https://vk.ru/id422397933
2105249;https://vk.ru/id2105249;422397933;https://vk.ru/id422397933
2225975;https://vk.ru/id2225975;422397933;https://vk.ru/id422397933
2246566;https://vk.ru/id2246566;422397933;https://vk.ru/id422397933
2314396;https://vk.ru/id2314396;422397933;https://vk.ru/id422397933
2592129;https://vk.ru/id2592129;422397933;https://vk.ru/id422397933
2701912;https://vk.ru/id2701912;422397933;https://vk.ru/id422397933
2832209;https://vk.ru/id2832209;422397933;https://vk.ru/id422397933
2864994;https://vk.ru/id2864994;422397933;https://vk.ru/id422397933
2876346;https://vk.ru/id2876346;422397933;https://vk.ru/id422397933
3151086;https://vk.ru/id3151086;422397933;https://vk.ru/id422397933
3324629;https://vk.ru/id3324629;422397933;https://vk.ru/id422397933
3368802;https://vk.ru/id3368802;422397933;https://vk.ru/id422397933
3726456;https://vk.ru/id3726456;422397933;https://vk.ru/id422397933
4013183;https://vk.ru/id4013183;422397933;https://vk.ru/id422397933
4044348;https://vk.ru/id4044348;422397933;https://vk.ru/id422397933
4134204;https://vk.ru/id4134204;422397933;https://vk.ru/id422397933
4388176;https://vk.ru/id4388176;422397933;https://vk.ru/id422397933
4568795;https://vk.ru/id4568795;422397933;https://vk.ru/id422397933
4636054;https://vk.ru/id4636054;422397933;https://vk.ru/id422397933
4879120;https://vk.ru/id4879120;422397933;https://vk.ru/id422397933
4922403;https://vk.ru/id4922403;422397933;https://vk.ru/id422397933
5682862;https://vk.ru/id5682862;422397933;https://vk.ru/id422397933
5704476;https://vk.ru/id5704476;422397933;https://vk.ru/id422397933
5894827;https://vk.ru/id5894827;422397933;https://vk.ru/id422397933
6355649;https://vk.ru/id6355649;422397933;https://vk.ru/id422397933
6386528;https://vk.ru/id6386528;422397933;https://vk.ru/id422397933
6880517;https://vk.ru/id6880517;422397933;https://vk.ru/id422397933
7052716;https://vk.ru/id7052716;422397933;https://vk.ru/id422397933
7134655;https://vk.ru/id7134655;422397933;https://vk.ru/id422397933
7667035;https://vk.ru/id7667035;422397933;https://vk.ru/id422397933
7732622;https://vk.ru/id7732622;422397933;https://vk.ru/id422397933
8045592;https://vk.ru/id8045592;422397933;https://vk.ru/id422397933
8154258;https://vk.ru/id8154258;422397933;https://vk.ru/id422397933
8401429;https://vk.ru/id8401429;422397933;https://vk.ru/id422397933
8725157;https://vk.ru/id8725157;422397933;https://vk.ru/id422397933
9238037;https://vk.ru/id9238037;422397933;https://vk.ru/id422397933
10154449;https://vk.ru/id10154449;422397933;https://vk.ru/id422397933
11282031;https://vk.ru/id11282031;422397933;https://vk.ru/id422397933
11559263;https://vk.ru/id11559263;422397933;https://vk.ru/id422397933
11582761;https://vk.ru/id11582761;422397933;https://vk.ru/id422397933
11798189;https://vk.ru/id11798189;422397933;https://vk.ru/id422397933
12035805;https://vk.ru/id12035805;422397933;https://vk.ru/id422397933
12043394;https://vk.ru/id12043394;422397933;https://vk.ru/id422397933
12170515;https://vk.ru/id12170515;422397933;https://vk.ru/id422397933
12630780;https://vk.ru/id12630780;422397933;https://vk.ru/id422397933
12663972;https://vk.ru/id12663972;422397933;https://vk.ru/id422397933
12745248;https://vk.ru/id12745248;422397933;https://vk.ru/id422397933
12852334;https://vk.ru/id12852334;422397933;https://vk.ru/id422397933
12962238;https://vk.ru/id12962238;422397933;https://vk.ru/id422397933
12981760;https://vk.ru/id12981760;422397933;https://vk.ru/id422397933
13644607;https://vk.ru/id13644607;422397933;https://vk.ru/id422397933
13716579;https://vk.ru/id13716579;422397933;https://vk.ru/id422397933
14011476;https://vk.ru/id14011476;422397933;https://vk.ru/id422397933
14962527;https://vk.ru/id14962527;422397933;https://vk.ru/id422397933
15410407;https://vk.ru/id15410407;422397933;https://vk.ru/id422397933
16476495;https://vk.ru/id16476495;422397933;https://vk.ru/id422397933
17012859;https://vk.ru/id17012859;422397933;https://vk.ru/id422397933
17408795;https://vk.ru/id17408795;422397933;https://vk.ru/id422397933
17632811;https://vk.ru/id17632811;422397933;https://vk.ru/id422397933
17662679;https://vk.ru/id17662679;422397933;https://vk.ru/id422397933
18037347;https://vk.ru/id18037347;422397933;https://vk.ru/id422397933
18112551;https://vk.ru/id18112551;422397933;https://vk.ru/id422397933
18207410;https://vk.ru/id18207410;422397933;https://vk.ru/id422397933
18466579;https://vk.ru/id18466579;422397933;https://vk.ru/id422397933
18939632;https://vk.ru/id18939632;422397933;https://vk.ru/id422397933
19016233;https://vk.ru/id19016233;422397933;https://vk.ru/id422397933
19024546;https://vk.ru/id19024546;422397933;https://vk.ru/id422397933
19631287;https://vk.ru/id19631287;422397933;https://vk.ru/id422397933
19656445;https://vk.ru/id19656445;422397933;https://vk.ru/id422397933
20010076;https://vk.ru/id20010076;422397933;https://vk.ru/id422397933
20341211;https://vk.ru/id20341211;422397933;https://vk.ru/id422397933
20459830;https://vk.ru/id20459830;422397933;https://vk.ru/id422397933
20704570;https://vk.ru/id20704570;422397933;https://vk.ru/id422397933
20922778;https://vk.ru/id20922778;422397933;https://vk.ru/id422397933
21158680;https://vk.ru/id21158680;422397933;https://vk.ru/id422397933
21368250;https://vk.ru/id21368250;422397933;https://vk.ru/id422397933
21413525;https://vk.ru/id21413525;422397933;https://vk.ru/id422397933
21789079;https://vk.ru/id21789079;422397933;https://vk.ru/id422397933
22348189;https://vk.ru/id22348189;422397933;https://vk.ru/id422397933
22557274;https://vk.ru/id22557274;422397933;https://vk.ru/id422397933
22765938;https://vk.ru/id22765938;422397933;https://vk.ru/id422397933
24951403;https://vk.ru/id24951403;422397933;https://vk.ru/id422397933
25210453;https://vk.ru/id25210453;422397933;https://vk.ru/id422397933
25768920;https://vk.ru/id25768920;422397933;https://vk.ru/id422397933
25891559;https://vk.ru/id25891559;422397933;https://vk.ru/id422397933
26205322;https://vk.ru/id26205322;422397933;https://vk.ru/id422397933
26368788;https://vk.ru/id26368788;422397933;https://vk.ru/id422397933
27323089;https://vk.ru/id27323089;422397933;https://vk.ru/id422397933
27347575;https://vk.ru/id27347575;422397933;https://vk.ru/id422397933
27358210;https://vk.ru/id27358210;422397933;https://vk.ru/id422397933
27396826;https://vk.ru/id27396826;422397933;https://vk.ru/id422397933
27612471;https://vk.ru/id27612471;422397933;https://vk.ru/id422397933
27925826;https://vk.ru/id27925826;422397933;https://vk.ru/id422397933
28790159;https://vk.ru/id28790159;422397933;https://vk.ru/id422397933
29447112;https://vk.ru/id29447112;422397933;https://vk.ru/id422397933
29629033;https://vk.ru/id29629033;422397933;https://vk.ru/id422397933
30098524;https://vk.ru/id30098524;422397933;https://vk.ru/id422397933
31006927;https://vk.ru/id31006927;422397933;https://vk.ru/id422397933
31107089;https://vk.ru/id31107089;422397933;https://vk.ru/id422397933
31309061;https://vk.ru/id31309061;422397933;https://vk.ru/id422397933
31327822;https://vk.ru/id31327822;422397933;https://vk.ru/id422397933
31769861;https://vk.ru/id31769861;422397933;https://vk.ru/id422397933
31818891;https://vk.ru/id31818891;422397933;https://vk.ru/id422397933
32368160;https://vk.ru/id32368160;422397933;https://vk.ru/id422397933
32480891;https://vk.ru/id32480891;422397933;https://vk.ru/id422397933
32751176;https://vk.ru/id32751176;422397933;https://vk.ru/id422397933
33642107;https://vk.ru/id33642107;422397933;https://vk.ru/id422397933
33903085;https://vk.ru/id33903085;422397933;https://vk.ru/id422397933
33991768;https://vk.ru/id33991768;422397933;https://vk.ru/id422397933
34061661;https://vk.ru/id34061661;422397933;https://vk.ru/id422397933
34177404;https://vk.ru/id34177404;422397933;https://vk.ru/id422397933
34359546;https://vk.ru/id34359546;422397933;https://vk.ru/id422397933
34753919;https://vk.ru/id34753919;422397933;https://vk.ru/id422397933
34921555;https://vk.ru/id34921555;422397933;https://vk.ru/id422397933
35608556;https://vk.ru/id35608556;422397933;https://vk.ru/id422397933
36293957;https://vk.ru/id36293957;422397933;https://vk.ru/id422397933
36962774;https://vk.ru/id36962774;422397933;https://vk.ru/id422397933
37444604;https://vk.ru/id37444604;422397933;https://vk.ru/id422397933
37474290;https://vk.ru/id37474290;422397933;https://vk.ru/id422397933
38146721;https://vk.ru/id38146721;422397933;https://vk.ru/id422397933
38302369;https://vk.ru/id38302369;422397933;https://vk.ru/id422397933
39538382;https://vk.ru/id39538382;422397933;https://vk.ru/id422397933
40127158;https://vk.ru/id40127158;422397933;https://vk.ru/id422397933
40178585;https://vk.ru/id40178585;422397933;https://vk.ru/id422397933
40219850;https://vk.ru/id40219850;422397933;https://vk.ru/id422397933
41536809;https://vk.ru/id41536809;422397933;https://vk.ru/id422397933
41848948;https://vk.ru/id41848948;422397933;https://vk.ru/id422397933
42687086;https://vk.ru/id42687086;422397933;https://vk.ru/id422397933
43666658;https://vk.ru/id43666658;422397933;https://vk.ru/id422397933
43918195;https://vk.ru/id43918195;422397933;https://vk.ru/id422397933
46808801;https://vk.ru/id46808801;422397933;https://vk.ru/id422397933
48730716;https://vk.ru/id48730716;422397933;https://vk.ru/id422397933
49197576;https://vk.ru/id49197576;422397933;https://vk.ru/id422397933
49847216;https://vk.ru/id49847216;422397933;https://vk.ru/id422397933
49891383;https://vk.ru/id49891383;422397933;https://vk.ru/id422397933
49929173;https://vk.ru/id49929173;422397933;https://vk.ru/id422397933
50168637;https://vk.ru/id50168637;422397933;https://vk.ru/id422397933
50225598;https://vk.ru/id50225598;422397933;https://vk.ru/id422397933
50559179;https://vk.ru/id50559179;422397933;https://vk.ru/id422397933
51094843;https://vk.ru/id51094843;422397933;https://vk.ru/id422397933
51164980;https://vk.ru/id51164980;422397933;https://vk.ru/id422397933
51442175;https://vk.ru/id51442175;422397933;https://vk.ru/id422397933
51709418;https://vk.ru/id51709418;422397933;https://vk.ru/id422397933
51742818;https://vk.ru/id51742818;422397933;https://vk.ru/id422397933
52167654;https://vk.ru/id52167654;422397933;https://vk.ru/id422397933
52336052;https://vk.ru/id52336052;422397933;https://vk.ru/id422397933
52570517;https://vk.ru/id52570517;422397933;https://vk.ru/id422397933
52731575;https://vk.ru/id52731575;422397933;https://vk.ru/id422397933
52898063;https://vk.ru/id52898063;422397933;https://vk.ru/id422397933
52937315;https://vk.ru/id52937315;422397933;https://vk.ru/id422397933
53123960;https://vk.ru/id53123960;422397933;https://vk.ru/id422397933
53903046;https://vk.ru/id53903046;422397933;https://vk.ru/id422397933
54131832;https://vk.ru/id54131832;422397933;https://vk.ru/id422397933
54284910;https://vk.ru/id54284910;422397933;https://vk.ru/id422397933
54752414;https://vk.ru/id54752414;422397933;https://vk.ru/id422397933
54783730;https://vk.ru/id54783730;422397933;https://vk.ru/id422397933
57413463;https://vk.ru/id57413463;422397933;https://vk.ru/id422397933
57417414;https://vk.ru/id57417414;422397933;https://vk.ru/id422397933
57851381;https://vk.ru/id57851381;422397933;https://vk.ru/id422397933
58666607;https://vk.ru/id58666607;422397933;https://vk.ru/id422397933
59112234;https://vk.ru/id59112234;422397933;https://vk.ru/id422397933
59174473;https://vk.ru/id59174473;422397933;https://vk.ru/id422397933
59181636;https://vk.ru/id59181636;422397933;https://vk.ru/id422397933
60202201;https://vk.ru/id60202201;422397933;https://vk.ru/id422397933
60553370;https://vk.ru/id60553370;422397933;https://vk.ru/id422397933
60855159;https://vk.ru/id60855159;422397933;https://vk.ru/id422397933
61059561;https://vk.ru/id61059561;422397933;https://vk.ru/id422397933
61190661;https://vk.ru/id61190661;422397933;https://vk.ru/id422397933
61473593;https://vk.ru/id61473593;422397933;https://vk.ru/id422397933
62442898;https://vk.ru/id62442898;422397933;https://vk.ru/id422397933
62933871;https://vk.ru/id62933871;422397933;https://vk.ru/id422397933
64620300;https://vk.ru/id64620300;422397933;https://vk.ru/id422397933
65098659;https://vk.ru/id65098659;422397933;https://vk.ru/id422397933
66141263;https://vk.ru/id66141263;422397933;https://vk.ru/id422397933
66751322;https://vk.ru/id66751322;422397933;https://vk.ru/id422397933
67052666;https://vk.ru/id67052666;422397933;https://vk.ru/id422397933
68081208;https://vk.ru/id68081208;422397933;https://vk.ru/id422397933
69110189;https://vk.ru/id69110189;422397933;https://vk.ru/id422397933
69114260;https://vk.ru/id69114260;422397933;https://vk.ru/id422397933
69410817;https://vk.ru/id69410817;422397933;https://vk.ru/id422397933
70213692;https://vk.ru/id70213692;422397933;https://vk.ru/id422397933
71291629;https://vk.ru/id71291629;422397933;https://vk.ru/id422397933
71321347;https://vk.ru/id71321347;422397933;https://vk.ru/id422397933
71422818;https://vk.ru/id71422818;422397933;https://vk.ru/id422397933
72258962;https://vk.ru/id72258962;422397933;https://vk.ru/id422397933
73165059;https://vk.ru/id73165059;422397933;https://vk.ru/id422397933
73503151;https://vk.ru/id73503151;422397933;https://vk.ru/id422397933
73835852;https://vk.ru/id73835852;422397933;https://vk.ru/id422397933
73926086;https://vk.ru/id73926086;422397933;https://vk.ru/id422397933
75262780;https://vk.ru/id75262780;422397933;https://vk.ru/id422397933
76328508;https://vk.ru/id76328508;422397933;https://vk.ru/id422397933
76701789;https://vk.ru/id76701789;422397933;https://vk.ru/id422397933
76986238;https://vk.ru/id76986238;422397933;https://vk.ru/id422397933
77363910;https://vk.ru/id77363910;422397933;https://vk.ru/id422397933
77859560;https://vk.ru/id77859560;422397933;https://vk.ru/id422397933
78126800;https://vk.ru/id78126800;422397933;https://vk.ru/id422397933
79324611;https://vk.ru/id79324611;422397933;https://vk.ru/id422397933
79713649;https://vk.ru/id79713649;422397933;https://vk.ru/id422397933
79947151;https://vk.ru/id79947151;422397933;https://vk.ru/id422397933
80127557;https://vk.ru/id80127557;422397933;https://vk.ru/id422397933
80883477;https://vk.ru/id80883477;422397933;https://vk.ru/id422397933
80990428;https://vk.ru/id80990428;422397933;https://vk.ru/id422397933
81013067;https://vk.ru/id81013067;422397933;https://vk.ru/id422397933
82768489;https://vk.ru/id82768489;422397933;https://vk.ru/id422397933
83434829;https://vk.ru/id83434829;422397933;https://vk.ru/id422397933
84929809;https://vk.ru/id84929809;422397933;https://vk.ru/id422397933
85899039;https://vk.ru/id85899039;422397933;https://vk.ru/id422397933
86183420;https://vk.ru/id86183420;422397933;https://vk.ru/id422397933
86345575;https://vk.ru/id86345575;422397933;https://vk.ru/id422397933
87968431;https://vk.ru/id87968431;422397933;https://vk.ru/id422397933
88701491;https://vk.ru/id88701491;422397933;https://vk.ru/id422397933
89331411;https://vk.ru/id89331411;422397933;https://vk.ru/id422397933
89354087;https://vk.ru/id89354087;422397933;https://vk.ru/id422397933
89540828;https://vk.ru/id89540828;422397933;https://vk.ru/id422397933
90223689;https://vk.ru/id90223689;422397933;https://vk.ru/id422397933
90260546;https://vk.ru/id90260546;422397933;https://vk.ru/id422397933
90974472;https://vk.ru/id90974472;422397933;https://vk.ru/id422397933
91011962;https://vk.ru/id91011962;422397933;https://vk.ru/id422397933
91980403;https://vk.ru/id91980403;422397933;https://vk.ru/id422397933
92444064;https://vk.ru/id92444064;422397933;https://vk.ru/id422397933
93309460;https://vk.ru/id93309460;422397933;https://vk.ru/id422397933
94477628;https://vk.ru/id94477628;422397933;https://vk.ru/id422397933
94649851;https://vk.ru/id94649851;422397933;https://vk.ru/id422397933
94702238;https://vk.ru/id94702238;422397933;https://vk.ru/id422397933
94832228;https://vk.ru/id94832228;422397933;https://vk.ru/id422397933
95204852;https://vk.ru/id95204852;422397933;https://vk.ru/id422397933
95290263;https://vk.ru/id95290263;422397933;https://vk.ru/id422397933
95461008;https://vk.ru/id95461008;422397933;https://vk.ru/id422397933
95462639;https://vk.ru/id95462639;422397933;https://vk.ru/id422397933
95492796;https://vk.ru/id95492796;422397933;https://vk.ru/id422397933
96595205;https://vk.ru/id96595205;422397933;https://vk.ru/id422397933
99138057;https://vk.ru/id99138057;422397933;https://vk.ru/id422397933
99619542;https://vk.ru/id99619542;422397933;https://vk.ru/id422397933
99683040;https://vk.ru/id99683040;422397933;https://vk.ru/id422397933
100321510;https://vk.ru/id100321510;422397933;https://vk.ru/id422397933
100573362;https://vk.ru/id100573362;422397933;https://vk.ru/id422397933
101948008;https://vk.ru/id101948008;422397933;https://vk.ru/id422397933
102094817;https://vk.ru/id102094817;422397933;https://vk.ru/id422397933
102773862;https://vk.ru/id102773862;422397933;https://vk.ru/id422397933
102877719;https://vk.ru/id102877719;422397933;https://vk.ru/id422397933
102887372;https://vk.ru/id102887372;422397933;https://vk.ru/id422397933
103195356;https://vk.ru/id103195356;422397933;https://vk.ru/id422397933
104850749;https://vk.ru/id104850749;422397933;https://vk.ru/id422397933
105880385;https://vk.ru/id105880385;422397933;https://vk.ru/id422397933
106005657;https://vk.ru/id106005657;422397933;https://vk.ru/id422397933
106055574;https://vk.ru/id106055574;422397933;https://vk.ru/id422397933
107868768;https://vk.ru/id107868768;422397933;https://vk.ru/id422397933
109010578;https://vk.ru/id109010578;422397933;https://vk.ru/id422397933
110633259;https://vk.ru/id110633259;422397933;https://vk.ru/id422397933
112120311;https://vk.ru/id112120311;422397933;https://vk.ru/id422397933
112329898;https://vk.ru/id112329898;422397933;https://vk.ru/id422397933
112921267;https://vk.ru/id112921267;422397933;https://vk.ru/id422397933
113156250;https://vk.ru/id113156250;422397933;https://vk.ru/id422397933
113831519;https://vk.ru/id113831519;422397933;https://vk.ru/id422397933
113918975;https://vk.ru/id113918975;422397933;https://vk.ru/id422397933
115066430;https://vk.ru/id115066430;422397933;https://vk.ru/id422397933
115459136;https://vk.ru/id115459136;422397933;https://vk.ru/id422397933
116439844;https://vk.ru/id116439844;422397933;https://vk.ru/id422397933
116443250;https://vk.ru/id116443250;422397933;https://vk.ru/id422397933
117493124;https://vk.ru/id117493124;422397933;https://vk.ru/id422397933
117891946;https://vk.ru/id117891946;422397933;https://vk.ru/id422397933
119263557;https://vk.ru/id119263557;422397933;https://vk.ru/id422397933
119576197;https://vk.ru/id119576197;422397933;https://vk.ru/id422397933
119757994;https://vk.ru/id119757994;422397933;https://vk.ru/id422397933
120005882;https://vk.ru/id120005882;422397933;https://vk.ru/id422397933
120038146;https://vk.ru/id120038146;422397933;https://vk.ru/id422397933
120727947;https://vk.ru/id120727947;422397933;https://vk.ru/id422397933
121244946;https://vk.ru/id121244946;422397933;https://vk.ru/id422397933
121277332;https://vk.ru/id121277332;422397933;https://vk.ru/id422397933
122456662;https://vk.ru/id122456662;422397933;https://vk.ru/id422397933
123368600;https://vk.ru/id123368600;422397933;https://vk.ru/id422397933
123893543;https://vk.ru/id123893543;422397933;https://vk.ru/id422397933
124733152;https://vk.ru/id124733152;422397933;https://vk.ru/id422397933
124983957;https://vk.ru/id124983957;422397933;https://vk.ru/id422397933
125492041;https://vk.ru/id125492041;422397933;https://vk.ru/id422397933
126470619;https://vk.ru/id126470619;422397933;https://vk.ru/id422397933
126800467;https://vk.ru/id126800467;422397933;https://vk.ru/id422397933
127863375;https://vk.ru/id127863375;422397933;https://vk.ru/id422397933
128044399;https://vk.ru/id128044399;422397933;https://vk.ru/id422397933
128841732;https://vk.ru/id128841732;422397933;https://vk.ru/id422397933
130041204;https://vk.ru/id130041204;422397933;https://vk.ru/id422397933
130348194;https://vk.ru/id130348194;422397933;https://vk.ru/id422397933
131437288;https://vk.ru/id131437288;422397933;https://vk.ru/id422397933
131675562;https://vk.ru/id131675562;422397933;https://vk.ru/id422397933
131707141;https://vk.ru/id131707141;422397933;https://vk.ru/id422397933
131977147;https://vk.ru/id131977147;422397933;https://vk.ru/id422397933
132130351;https://vk.ru/id132130351;422397933;https://vk.ru/id422397933
132214851;https://vk.ru/id132214851;422397933;https://vk.ru/id422397933
132964595;https://vk.ru/id132964595;422397933;https://vk.ru/id422397933
133165602;https://vk.ru/id133165602;422397933;https://vk.ru/id422397933
133207728;https://vk.ru/id133207728;422397933;https://vk.ru/id422397933
133286376;https://vk.ru/id133286376;422397933;https://vk.ru/id422397933
133350043;https://vk.ru/id133350043;422397933;https://vk.ru/id422397933
133497222;https://vk.ru/id133497222;422397933;https://vk.ru/id422397933
133603848;https://vk.ru/id133603848;422397933;https://vk.ru/id422397933
133855581;https://vk.ru/id133855581;422397933;https://vk.ru/id422397933
134280756;https://vk.ru/id134280756;422397933;https://vk.ru/id422397933
134539336;https://vk.ru/id134539336;422397933;https://vk.ru/id422397933
134848516;https://vk.ru/id134848516;422397933;https://vk.ru/id422397933
134853516;https://vk.ru/id134853516;422397933;https://vk.ru/id422397933
135036075;https://vk.ru/id135036075;422397933;https://vk.ru/id422397933
135404454;https://vk.ru/id135404454;422397933;https://vk.ru/id422397933
135443553;https://vk.ru/id135443553;422397933;https://vk.ru/id422397933
135527442;https://vk.ru/id135527442;422397933;https://vk.ru/id422397933
135546956;https://vk.ru/id135546956;422397933;https://vk.ru/id422397933
135629340;https://vk.ru/id135629340;422397933;https://vk.ru/id422397933
135634139;https://vk.ru/id135634139;422397933;https://vk.ru/id422397933
135725700;https://vk.ru/id135725700;422397933;https://vk.ru/id422397933
135941113;https://vk.ru/id135941113;422397933;https://vk.ru/id422397933
135967536;https://vk.ru/id135967536;422397933;https://vk.ru/id422397933
136050307;https://vk.ru/id136050307;422397933;https://vk.ru/id422397933
136294645;https://vk.ru/id136294645;422397933;https://vk.ru/id422397933
136411909;https://vk.ru/id136411909;422397933;https://vk.ru/id422397933
136894924;https://vk.ru/id136894924;422397933;https://vk.ru/id422397933
137506134;https://vk.ru/id137506134;422397933;https://vk.ru/id422397933
137616768;https://vk.ru/id137616768;422397933;https://vk.ru/id422397933
137801838;https://vk.ru/id137801838;422397933;https://vk.ru/id422397933
138075479;https://vk.ru/id138075479;422397933;https://vk.ru/id422397933
139168534;https://vk.ru/id139168534;422397933;https://vk.ru/id422397933
139209466;https://vk.ru/id139209466;422397933;https://vk.ru/id422397933
139268711;https://vk.ru/id139268711;422397933;https://vk.ru/id422397933
139456358;https://vk.ru/id139456358;422397933;https://vk.ru/id422397933
139603395;https://vk.ru/id139603395;422397933;https://vk.ru/id422397933
139818303;https://vk.ru/id139818303;422397933;https://vk.ru/id422397933
141243992;https://vk.ru/id141243992;422397933;https://vk.ru/id422397933
141729390;https://vk.ru/id141729390;422397933;https://vk.ru/id422397933
141985962;https://vk.ru/id141985962;422397933;https://vk.ru/id422397933
142318132;https://vk.ru/id142318132;422397933;https://vk.ru/id422397933
142450060;https://vk.ru/id142450060;422397933;https://vk.ru/id422397933
142946026;https://vk.ru/id142946026;422397933;https://vk.ru/id422397933
143608679;https://vk.ru/id143608679;422397933;https://vk.ru/id422397933
143972960;https://vk.ru/id143972960;422397933;https://vk.ru/id422397933
144084849;https://vk.ru/id144084849;422397933;https://vk.ru/id422397933
144362527;https://vk.ru/id144362527;422397933;https://vk.ru/id422397933
144735090;https://vk.ru/id144735090;422397933;https://vk.ru/id422397933
144764574;https://vk.ru/id144764574;422397933;https://vk.ru/id422397933
144826920;https://vk.ru/id144826920;422397933;https://vk.ru/id422397933
145087850;https://vk.ru/id145087850;422397933;https://vk.ru/id422397933
145461362;https://vk.ru/id145461362;422397933;https://vk.ru/id422397933
145491162;https://vk.ru/id145491162;422397933;https://vk.ru/id422397933
145786191;https://vk.ru/id145786191;422397933;https://vk.ru/id422397933
145885208;https://vk.ru/id145885208;422397933;https://vk.ru/id422397933
146152917;https://vk.ru/id146152917;422397933;https://vk.ru/id422397933
146553153;https://vk.ru/id146553153;422397933;https://vk.ru/id422397933
147218724;https://vk.ru/id147218724;422397933;https://vk.ru/id422397933
147260919;https://vk.ru/id147260919;422397933;https://vk.ru/id422397933
147285008;https://vk.ru/id147285008;422397933;https://vk.ru/id422397933
147328881;https://vk.ru/id147328881;422397933;https://vk.ru/id422397933
147469778;https://vk.ru/id147469778;422397933;https://vk.ru/id422397933
147678046;https://vk.ru/id147678046;422397933;https://vk.ru/id422397933
147998636;https://vk.ru/id147998636;422397933;https://vk.ru/id422397933
148133660;https://vk.ru/id148133660;422397933;https://vk.ru/id422397933
150467213;https://vk.ru/id150467213;422397933;https://vk.ru/id422397933
150781982;https://vk.ru/id150781982;422397933;https://vk.ru/id422397933
150908044;https://vk.ru/id150908044;422397933;https://vk.ru/id422397933
151358936;https://vk.ru/id151358936;422397933;https://vk.ru/id422397933
151732099;https://vk.ru/id151732099;422397933;https://vk.ru/id422397933
152108450;https://vk.ru/id152108450;422397933;https://vk.ru/id422397933
152344192;https://vk.ru/id152344192;422397933;https://vk.ru/id422397933
153014651;https://vk.ru/id153014651;422397933;https://vk.ru/id422397933
153226869;https://vk.ru/id153226869;422397933;https://vk.ru/id422397933
153232139;https://vk.ru/id153232139;422397933;https://vk.ru/id422397933
153909382;https://vk.ru/id153909382;422397933;https://vk.ru/id422397933
153952828;https://vk.ru/id153952828;422397933;https://vk.ru/id422397933
154143621;https://vk.ru/id154143621;422397933;https://vk.ru/id422397933
154151541;https://vk.ru/id154151541;422397933;https://vk.ru/id422397933
154329115;https://vk.ru/id154329115;422397933;https://vk.ru/id422397933
154495211;https://vk.ru/id154495211;422397933;https://vk.ru/id422397933
154660794;https://vk.ru/id154660794;422397933;https://vk.ru/id422397933
154862028;https://vk.ru/id154862028;422397933;https://vk.ru/id422397933
155275201;https://vk.ru/id155275201;422397933;https://vk.ru/id422397933
155903546;https://vk.ru/id155903546;422397933;https://vk.ru/id422397933
156453102;https://vk.ru/id156453102;422397933;https://vk.ru/id422397933
156571655;https://vk.ru/id156571655;422397933;https://vk.ru/id422397933
156684599;https://vk.ru/id156684599;422397933;https://vk.ru/id422397933
156705944;https://vk.ru/id156705944;422397933;https://vk.ru/id422397933
156706654;https://vk.ru/id156706654;422397933;https://vk.ru/id422397933
157152737;https://vk.ru/id157152737;422397933;https://vk.ru/id422397933
157308424;https://vk.ru/id157308424;422397933;https://vk.ru/id422397933
157474014;https://vk.ru/id157474014;422397933;https://vk.ru/id422397933
158837878;https://vk.ru/id158837878;422397933;https://vk.ru/id422397933
158947551;https://vk.ru/id158947551;422397933;https://vk.ru/id422397933
159100399;https://vk.ru/id159100399;422397933;https://vk.ru/id422397933
159316113;https://vk.ru/id159316113;422397933;https://vk.ru/id422397933
159572647;https://vk.ru/id159572647;422397933;https://vk.ru/id422397933
159957152;https://vk.ru/id159957152;422397933;https://vk.ru/id422397933
160029576;https://vk.ru/id160029576;422397933;https://vk.ru/id422397933
160095416;https://vk.ru/id160095416;422397933;https://vk.ru/id422397933
160363441;https://vk.ru/id160363441;422397933;https://vk.ru/id422397933
160389424;https://vk.ru/id160389424;422397933;https://vk.ru/id422397933
160507265;https://vk.ru/id160507265;422397933;https://vk.ru/id422397933
160522822;https://vk.ru/id160522822;422397933;https://vk.ru/id422397933
161097699;https://vk.ru/id161097699;422397933;https://vk.ru/id422397933
161238896;https://vk.ru/id161238896;422397933;https://vk.ru/id422397933
161277755;https://vk.ru/id161277755;422397933;https://vk.ru/id422397933
161984481;https://vk.ru/id161984481;422397933;https://vk.ru/id422397933
162213040;https://vk.ru/id162213040;422397933;https://vk.ru/id422397933
162218519;https://vk.ru/id162218519;422397933;https://vk.ru/id422397933
162362310;https://vk.ru/id162362310;422397933;https://vk.ru/id422397933
162888879;https://vk.ru/id162888879;422397933;https://vk.ru/id422397933
162979370;https://vk.ru/id162979370;422397933;https://vk.ru/id422397933
162979458;https://vk.ru/id162979458;422397933;https://vk.ru/id422397933
162990353;https://vk.ru/id162990353;422397933;https://vk.ru/id422397933
163165947;https://vk.ru/id163165947;422397933;https://vk.ru/id422397933
163287598;https://vk.ru/id163287598;422397933;https://vk.ru/id422397933
163468987;https://vk.ru/id163468987;422397933;https://vk.ru/id422397933
163731580;https://vk.ru/id163731580;422397933;https://vk.ru/id422397933
163823935;https://vk.ru/id163823935;422397933;https://vk.ru/id422397933
163909254;https://vk.ru/id163909254;422397933;https://vk.ru/id422397933
163976809;https://vk.ru/id163976809;422397933;https://vk.ru/id422397933
164127711;https://vk.ru/id164127711;422397933;https://vk.ru/id422397933
164458329;https://vk.ru/id164458329;422397933;https://vk.ru/id422397933
164510473;https://vk.ru/id164510473;422397933;https://vk.ru/id422397933
165561685;https://vk.ru/id165561685;422397933;https://vk.ru/id422397933
165761550;https://vk.ru/id165761550;422397933;https://vk.ru/id422397933
165868518;https://vk.ru/id165868518;422397933;https://vk.ru/id422397933
165926825;https://vk.ru/id165926825;422397933;https://vk.ru/id422397933
165934402;https://vk.ru/id165934402;422397933;https://vk.ru/id422397933
166111704;https://vk.ru/id166111704;422397933;https://vk.ru/id422397933
166144485;https://vk.ru/id166144485;422397933;https://vk.ru/id422397933
166147232;https://vk.ru/id166147232;422397933;https://vk.ru/id422397933
166295277;https://vk.ru/id166295277;422397933;https://vk.ru/id422397933
166945111;https://vk.ru/id166945111;422397933;https://vk.ru/id422397933
166965964;https://vk.ru/id166965964;422397933;https://vk.ru/id422397933
167157008;https://vk.ru/id167157008;422397933;https://vk.ru/id422397933
167432141;https://vk.ru/id167432141;422397933;https://vk.ru/id422397933
167450600;https://vk.ru/id167450600;422397933;https://vk.ru/id422397933
167709748;https://vk.ru/id167709748;422397933;https://vk.ru/id422397933
168055378;https://vk.ru/id168055378;422397933;https://vk.ru/id422397933
168079138;https://vk.ru/id168079138;422397933;https://vk.ru/id422397933
168113667;https://vk.ru/id168113667;422397933;https://vk.ru/id422397933
168449968;https://vk.ru/id168449968;422397933;https://vk.ru/id422397933
168517664;https://vk.ru/id168517664;422397933;https://vk.ru/id422397933
168563095;https://vk.ru/id168563095;422397933;https://vk.ru/id422397933
168636011;https://vk.ru/id168636011;422397933;https://vk.ru/id422397933
168949962;https://vk.ru/id168949962;422397933;https://vk.ru/id422397933
168977060;https://vk.ru/id168977060;422397933;https://vk.ru/id422397933
169098452;https://vk.ru/id169098452;422397933;https://vk.ru/id422397933
169296376;https://vk.ru/id169296376;422397933;https://vk.ru/id422397933
169948788;https://vk.ru/id169948788;422397933;https://vk.ru/id422397933
169964273;https://vk.ru/id169964273;422397933;https://vk.ru/id422397933
169967973;https://vk.ru/id169967973;422397933;https://vk.ru/id422397933
170028141;https://vk.ru/id170028141;422397933;https://vk.ru/id422397933
170244907;https://vk.ru/id170244907;422397933;https://vk.ru/id422397933
170442933;https://vk.ru/id170442933;422397933;https://vk.ru/id422397933
171065531;https://vk.ru/id171065531;422397933;https://vk.ru/id422397933
171356578;https://vk.ru/id171356578;422397933;https://vk.ru/id422397933
171438925;https://vk.ru/id171438925;422397933;https://vk.ru/id422397933
171752899;https://vk.ru/id171752899;422397933;https://vk.ru/id422397933
171800016;https://vk.ru/id171800016;422397933;https://vk.ru/id422397933
172158181;https://vk.ru/id172158181;422397933;https://vk.ru/id422397933
172320129;https://vk.ru/id172320129;422397933;https://vk.ru/id422397933
172386286;https://vk.ru/id172386286;422397933;https://vk.ru/id422397933
172404086;https://vk.ru/id172404086;422397933;https://vk.ru/id422397933
172520360;https://vk.ru/id172520360;422397933;https://vk.ru/id422397933
172591970;https://vk.ru/id172591970;422397933;https://vk.ru/id422397933
173760169;https://vk.ru/id173760169;422397933;https://vk.ru/id422397933
173957141;https://vk.ru/id173957141;422397933;https://vk.ru/id422397933
174047567;https://vk.ru/id174047567;422397933;https://vk.ru/id422397933
174050412;https://vk.ru/id174050412;422397933;https://vk.ru/id422397933
174050439;https://vk.ru/id174050439;422397933;https://vk.ru/id422397933
174094339;https://vk.ru/id174094339;422397933;https://vk.ru/id422397933
174107261;https://vk.ru/id174107261;422397933;https://vk.ru/id422397933
174111046;https://vk.ru/id174111046;422397933;https://vk.ru/id422397933
174261343;https://vk.ru/id174261343;422397933;https://vk.ru/id422397933
174329217;https://vk.ru/id174329217;422397933;https://vk.ru/id422397933
174369104;https://vk.ru/id174369104;422397933;https://vk.ru/id422397933
174450222;https://vk.ru/id174450222;422397933;https://vk.ru/id422397933
174598792;https://vk.ru/id174598792;422397933;https://vk.ru/id422397933
174601043;https://vk.ru/id174601043;422397933;https://vk.ru/id422397933
174806390;https://vk.ru/id174806390;422397933;https://vk.ru/id422397933
174907453;https://vk.ru/id174907453;422397933;https://vk.ru/id422397933
175058421;https://vk.ru/id175058421;422397933;https://vk.ru/id422397933
175214722;https://vk.ru/id175214722;422397933;https://vk.ru/id422397933
175334016;https://vk.ru/id175334016;422397933;https://vk.ru/id422397933
175336363;https://vk.ru/id175336363;422397933;https://vk.ru/id422397933
175512251;https://vk.ru/id175512251;422397933;https://vk.ru/id422397933
175674316;https://vk.ru/id175674316;422397933;https://vk.ru/id422397933
175885315;https://vk.ru/id175885315;422397933;https://vk.ru/id422397933
175975558;https://vk.ru/id175975558;422397933;https://vk.ru/id422397933
175992721;https://vk.ru/id175992721;422397933;https://vk.ru/id422397933
176013411;https://vk.ru/id176013411;422397933;https://vk.ru/id422397933
176315540;https://vk.ru/id176315540;422397933;https://vk.ru/id422397933
176357293;https://vk.ru/id176357293;422397933;https://vk.ru/id422397933
176526928;https://vk.ru/id176526928;422397933;https://vk.ru/id422397933
176819564;https://vk.ru/id176819564;422397933;https://vk.ru/id422397933
177587694;https://vk.ru/id177587694;422397933;https://vk.ru/id422397933
177790720;https://vk.ru/id177790720;422397933;https://vk.ru/id422397933
177930032;https://vk.ru/id177930032;422397933;https://vk.ru/id422397933
178011844;https://vk.ru/id178011844;422397933;https://vk.ru/id422397933
178114751;https://vk.ru/id178114751;422397933;https://vk.ru/id422397933
178151842;https://vk.ru/id178151842;422397933;https://vk.ru/id422397933
178990482;https://vk.ru/id178990482;422397933;https://vk.ru/id422397933
179060357;https://vk.ru/id179060357;422397933;https://vk.ru/id422397933
179627112;https://vk.ru/id179627112;422397933;https://vk.ru/id422397933
180292595;https://vk.ru/id180292595;422397933;https://vk.ru/id422397933
180378360;https://vk.ru/id180378360;422397933;https://vk.ru/id422397933
180476355;https://vk.ru/id180476355;422397933;https://vk.ru/id422397933
180757500;https://vk.ru/id180757500;422397933;https://vk.ru/id422397933
180863533;https://vk.ru/id180863533;422397933;https://vk.ru/id422397933
180916539;https://vk.ru/id180916539;422397933;https://vk.ru/id422397933
181510469;https://vk.ru/id181510469;422397933;https://vk.ru/id422397933
181599740;https://vk.ru/id181599740;422397933;https://vk.ru/id422397933
181667562;https://vk.ru/id181667562;422397933;https://vk.ru/id422397933
181682332;https://vk.ru/id181682332;422397933;https://vk.ru/id422397933
181805214;https://vk.ru/id181805214;422397933;https://vk.ru/id422397933
181840990;https://vk.ru/id181840990;422397933;https://vk.ru/id422397933
181903019;https://vk.ru/id181903019;422397933;https://vk.ru/id422397933
182185814;https://vk.ru/id182185814;422397933;https://vk.ru/id422397933
182231518;https://vk.ru/id182231518;422397933;https://vk.ru/id422397933
182318819;https://vk.ru/id182318819;422397933;https://vk.ru/id422397933
182423401;https://vk.ru/id182423401;422397933;https://vk.ru/id422397933
182578348;https://vk.ru/id182578348;422397933;https://vk.ru/id422397933
182689050;https://vk.ru/id182689050;422397933;https://vk.ru/id422397933
182729902;https://vk.ru/id182729902;422397933;https://vk.ru/id422397933
182869394;https://vk.ru/id182869394;422397933;https://vk.ru/id422397933
183024627;https://vk.ru/id183024627;422397933;https://vk.ru/id422397933
183113173;https://vk.ru/id183113173;422397933;https://vk.ru/id422397933
183277703;https://vk.ru/id183277703;422397933;https://vk.ru/id422397933
183301587;https://vk.ru/id183301587;422397933;https://vk.ru/id422397933
183823266;https://vk.ru/id183823266;422397933;https://vk.ru/id422397933
183897700;https://vk.ru/id183897700;422397933;https://vk.ru/id422397933
183982091;https://vk.ru/id183982091;422397933;https://vk.ru/id422397933
184358639;https://vk.ru/id184358639;422397933;https://vk.ru/id422397933
184481577;https://vk.ru/id184481577;422397933;https://vk.ru/id422397933
184617889;https://vk.ru/id184617889;422397933;https://vk.ru/id422397933
184630884;https://vk.ru/id184630884;422397933;https://vk.ru/id422397933
185584123;https://vk.ru/id185584123;422397933;https://vk.ru/id422397933
185884701;https://vk.ru/id185884701;422397933;https://vk.ru/id422397933
185923151;https://vk.ru/id185923151;422397933;https://vk.ru/id422397933
186263500;https://vk.ru/id186263500;422397933;https://vk.ru/id422397933
186285552;https://vk.ru/id186285552;422397933;https://vk.ru/id422397933
186865578;https://vk.ru/id186865578;422397933;https://vk.ru/id422397933
186985914;https://vk.ru/id186985914;422397933;https://vk.ru/id422397933
187062448;https://vk.ru/id187062448;422397933;https://vk.ru/id422397933
187780200;https://vk.ru/id187780200;422397933;https://vk.ru/id422397933
187879381;https://vk.ru/id187879381;422397933;https://vk.ru/id422397933
188038125;https://vk.ru/id188038125;422397933;https://vk.ru/id422397933
188228249;https://vk.ru/id188228249;422397933;https://vk.ru/id422397933
188245236;https://vk.ru/id188245236;422397933;https://vk.ru/id422397933
188984480;https://vk.ru/id188984480;422397933;https://vk.ru/id422397933
189311977;https://vk.ru/id189311977;422397933;https://vk.ru/id422397933
189466679;https://vk.ru/id189466679;422397933;https://vk.ru/id422397933
189762499;https://vk.ru/id189762499;422397933;https://vk.ru/id422397933
190029274;https://vk.ru/id190029274;422397933;https://vk.ru/id422397933
190125621;https://vk.ru/id190125621;422397933;https://vk.ru/id422397933
190172809;https://vk.ru/id190172809;422397933;https://vk.ru/id422397933
190707860;https://vk.ru/id190707860;422397933;https://vk.ru/id422397933
191233356;https://vk.ru/id191233356;422397933;https://vk.ru/id422397933
191456606;https://vk.ru/id191456606;422397933;https://vk.ru/id422397933
191645053;https://vk.ru/id191645053;422397933;https://vk.ru/id422397933
191704229;https://vk.ru/id191704229;422397933;https://vk.ru/id422397933
191710797;https://vk.ru/id191710797;422397933;https://vk.ru/id422397933
191757243;https://vk.ru/id191757243;422397933;https://vk.ru/id422397933
191883410;https://vk.ru/id191883410;422397933;https://vk.ru/id422397933
192612228;https://vk.ru/id192612228;422397933;https://vk.ru/id422397933
192687560;https://vk.ru/id192687560;422397933;https://vk.ru/id422397933
192734677;https://vk.ru/id192734677;422397933;https://vk.ru/id422397933
193050287;https://vk.ru/id193050287;422397933;https://vk.ru/id422397933
193080839;https://vk.ru/id193080839;422397933;https://vk.ru/id422397933
193390478;https://vk.ru/id193390478;422397933;https://vk.ru/id422397933
193434042;https://vk.ru/id193434042;422397933;https://vk.ru/id422397933
193511426;https://vk.ru/id193511426;422397933;https://vk.ru/id422397933
193519490;https://vk.ru/id193519490;422397933;https://vk.ru/id422397933
193807278;https://vk.ru/id193807278;422397933;https://vk.ru/id422397933
193979414;https://vk.ru/id193979414;422397933;https://vk.ru/id422397933
194216047;https://vk.ru/id194216047;422397933;https://vk.ru/id422397933
194225041;https://vk.ru/id194225041;422397933;https://vk.ru/id422397933
194379617;https://vk.ru/id194379617;422397933;https://vk.ru/id422397933
194710297;https://vk.ru/id194710297;422397933;https://vk.ru/id422397933
194713528;https://vk.ru/id194713528;422397933;https://vk.ru/id422397933
194883754;https://vk.ru/id194883754;422397933;https://vk.ru/id422397933
195013506;https://vk.ru/id195013506;422397933;https://vk.ru/id422397933
195276101;https://vk.ru/id195276101;422397933;https://vk.ru/id422397933
195506365;https://vk.ru/id195506365;422397933;https://vk.ru/id422397933
195588601;https://vk.ru/id195588601;422397933;https://vk.ru/id422397933
195678666;https://vk.ru/id195678666;422397933;https://vk.ru/id422397933
195935493;https://vk.ru/id195935493;422397933;https://vk.ru/id422397933
196095965;https://vk.ru/id196095965;422397933;https://vk.ru/id422397933
196192837;https://vk.ru/id196192837;422397933;https://vk.ru/id422397933
196248003;https://vk.ru/id196248003;422397933;https://vk.ru/id422397933
196327162;https://vk.ru/id196327162;422397933;https://vk.ru/id422397933
196480844;https://vk.ru/id196480844;422397933;https://vk.ru/id422397933
196585040;https://vk.ru/id196585040;422397933;https://vk.ru/id422397933
196656679;https://vk.ru/id196656679;422397933;https://vk.ru/id422397933
196857281;https://vk.ru/id196857281;422397933;https://vk.ru/id422397933
196916187;https://vk.ru/id196916187;422397933;https://vk.ru/id422397933
196978479;https://vk.ru/id196978479;422397933;https://vk.ru/id422397933
197010676;https://vk.ru/id197010676;422397933;https://vk.ru/id422397933
197074044;https://vk.ru/id197074044;422397933;https://vk.ru/id422397933
197291049;https://vk.ru/id197291049;422397933;https://vk.ru/id422397933
197715683;https://vk.ru/id197715683;422397933;https://vk.ru/id422397933
197850623;https://vk.ru/id197850623;422397933;https://vk.ru/id422397933
198073591;https://vk.ru/id198073591;422397933;https://vk.ru/id422397933
198212170;https://vk.ru/id198212170;422397933;https://vk.ru/id422397933
198461954;https://vk.ru/id198461954;422397933;https://vk.ru/id422397933
198550824;https://vk.ru/id198550824;422397933;https://vk.ru/id422397933
198561140;https://vk.ru/id198561140;422397933;https://vk.ru/id422397933
198598439;https://vk.ru/id198598439;422397933;https://vk.ru/id422397933
198862622;https://vk.ru/id198862622;422397933;https://vk.ru/id422397933
198969334;https://vk.ru/id198969334;422397933;https://vk.ru/id422397933
199228135;https://vk.ru/id199228135;422397933;https://vk.ru/id422397933
199236955;https://vk.ru/id199236955;422397933;https://vk.ru/id422397933
199707895;https://vk.ru/id199707895;422397933;https://vk.ru/id422397933
200311325;https://vk.ru/id200311325;422397933;https://vk.ru/id422397933
200326000;https://vk.ru/id200326000;422397933;https://vk.ru/id422397933
200487700;https://vk.ru/id200487700;422397933;https://vk.ru/id422397933
200870907;https://vk.ru/id200870907;422397933;https://vk.ru/id422397933
200968194;https://vk.ru/id200968194;422397933;https://vk.ru/id422397933
200994880;https://vk.ru/id200994880;422397933;https://vk.ru/id422397933
201124120;https://vk.ru/id201124120;422397933;https://vk.ru/id422397933
201167687;https://vk.ru/id201167687;422397933;https://vk.ru/id422397933
201305691;https://vk.ru/id201305691;422397933;https://vk.ru/id422397933
201369254;https://vk.ru/id201369254;422397933;https://vk.ru/id422397933
201466914;https://vk.ru/id201466914;422397933;https://vk.ru/id422397933
201672588;https://vk.ru/id201672588;422397933;https://vk.ru/id422397933
201976868;https://vk.ru/id201976868;422397933;https://vk.ru/id422397933
202001735;https://vk.ru/id202001735;422397933;https://vk.ru/id422397933
202367845;https://vk.ru/id202367845;422397933;https://vk.ru/id422397933
203077232;https://vk.ru/id203077232;422397933;https://vk.ru/id422397933
203400800;https://vk.ru/id203400800;422397933;https://vk.ru/id422397933
203558994;https://vk.ru/id203558994;422397933;https://vk.ru/id422397933
203728759;https://vk.ru/id203728759;422397933;https://vk.ru/id422397933
203874757;https://vk.ru/id203874757;422397933;https://vk.ru/id422397933
203948383;https://vk.ru/id203948383;422397933;https://vk.ru/id422397933
204200251;https://vk.ru/id204200251;422397933;https://vk.ru/id422397933
204395865;https://vk.ru/id204395865;422397933;https://vk.ru/id422397933
204607572;https://vk.ru/id204607572;422397933;https://vk.ru/id422397933
204759737;https://vk.ru/id204759737;422397933;https://vk.ru/id422397933
205142868;https://vk.ru/id205142868;422397933;https://vk.ru/id422397933
205145714;https://vk.ru/id205145714;422397933;https://vk.ru/id422397933
205350533;https://vk.ru/id205350533;422397933;https://vk.ru/id422397933
205419821;https://vk.ru/id205419821;422397933;https://vk.ru/id422397933
205449705;https://vk.ru/id205449705;422397933;https://vk.ru/id422397933
205466892;https://vk.ru/id205466892;422397933;https://vk.ru/id422397933
205640220;https://vk.ru/id205640220;422397933;https://vk.ru/id422397933
205645144;https://vk.ru/id205645144;422397933;https://vk.ru/id422397933
206015569;https://vk.ru/id206015569;422397933;https://vk.ru/id422397933
206048852;https://vk.ru/id206048852;422397933;https://vk.ru/id422397933
206122526;https://vk.ru/id206122526;422397933;https://vk.ru/id422397933
206255671;https://vk.ru/id206255671;422397933;https://vk.ru/id422397933
206309114;https://vk.ru/id206309114;422397933;https://vk.ru/id422397933
206449445;https://vk.ru/id206449445;422397933;https://vk.ru/id422397933
206493061;https://vk.ru/id206493061;422397933;https://vk.ru/id422397933
206518534;https://vk.ru/id206518534;422397933;https://vk.ru/id422397933
206617252;https://vk.ru/id206617252;422397933;https://vk.ru/id422397933
206644332;https://vk.ru/id206644332;422397933;https://vk.ru/id422397933
206645967;https://vk.ru/id206645967;422397933;https://vk.ru/id422397933
206944226;https://vk.ru/id206944226;422397933;https://vk.ru/id422397933
207082017;https://vk.ru/id207082017;422397933;https://vk.ru/id422397933
207396131;https://vk.ru/id207396131;422397933;https://vk.ru/id422397933
207555272;https://vk.ru/id207555272;422397933;https://vk.ru/id422397933
207640035;https://vk.ru/id207640035;422397933;https://vk.ru/id422397933
207823276;https://vk.ru/id207823276;422397933;https://vk.ru/id422397933
207893537;https://vk.ru/id207893537;422397933;https://vk.ru/id422397933
208354395;https://vk.ru/id208354395;422397933;https://vk.ru/id422397933
208434680;https://vk.ru/id208434680;422397933;https://vk.ru/id422397933
208567150;https://vk.ru/id208567150;422397933;https://vk.ru/id422397933
209166392;https://vk.ru/id209166392;422397933;https://vk.ru/id422397933
209309062;https://vk.ru/id209309062;422397933;https://vk.ru/id422397933
209579895;https://vk.ru/id209579895;422397933;https://vk.ru/id422397933
209727028;https://vk.ru/id209727028;422397933;https://vk.ru/id422397933
209731405;https://vk.ru/id209731405;422397933;https://vk.ru/id422397933
209745063;https://vk.ru/id209745063;422397933;https://vk.ru/id422397933
209818706;https://vk.ru/id209818706;422397933;https://vk.ru/id422397933
210648051;https://vk.ru/id210648051;422397933;https://vk.ru/id422397933
210813066;https://vk.ru/id210813066;422397933;https://vk.ru/id422397933
211295578;https://vk.ru/id211295578;422397933;https://vk.ru/id422397933
211340226;https://vk.ru/id211340226;422397933;https://vk.ru/id422397933
211474743;https://vk.ru/id211474743;422397933;https://vk.ru/id422397933
211566068;https://vk.ru/id211566068;422397933;https://vk.ru/id422397933
211704568;https://vk.ru/id211704568;422397933;https://vk.ru/id422397933
212074882;https://vk.ru/id212074882;422397933;https://vk.ru/id422397933
212225184;https://vk.ru/id212225184;422397933;https://vk.ru/id422397933
212281696;https://vk.ru/id212281696;422397933;https://vk.ru/id422397933
212362240;https://vk.ru/id212362240;422397933;https://vk.ru/id422397933
212491201;https://vk.ru/id212491201;422397933;https://vk.ru/id422397933
212524605;https://vk.ru/id212524605;422397933;https://vk.ru/id422397933
212703876;https://vk.ru/id212703876;422397933;https://vk.ru/id422397933
212706626;https://vk.ru/id212706626;422397933;https://vk.ru/id422397933
212773768;https://vk.ru/id212773768;422397933;https://vk.ru/id422397933
212892346;https://vk.ru/id212892346;422397933;https://vk.ru/id422397933
212960969;https://vk.ru/id212960969;422397933;https://vk.ru/id422397933
213084964;https://vk.ru/id213084964;422397933;https://vk.ru/id422397933
213270261;https://vk.ru/id213270261;422397933;https://vk.ru/id422397933
213388476;https://vk.ru/id213388476;422397933;https://vk.ru/id422397933
213433711;https://vk.ru/id213433711;422397933;https://vk.ru/id422397933
213565576;https://vk.ru/id213565576;422397933;https://vk.ru/id422397933
213672835;https://vk.ru/id213672835;422397933;https://vk.ru/id422397933
213684878;https://vk.ru/id213684878;422397933;https://vk.ru/id422397933
213714684;https://vk.ru/id213714684;422397933;https://vk.ru/id422397933
213760352;https://vk.ru/id213760352;422397933;https://vk.ru/id422397933
213819986;https://vk.ru/id213819986;422397933;https://vk.ru/id422397933
213926037;https://vk.ru/id213926037;422397933;https://vk.ru/id422397933
214029400;https://vk.ru/id214029400;422397933;https://vk.ru/id422397933
214194108;https://vk.ru/id214194108;422397933;https://vk.ru/id422397933
214312931;https://vk.ru/id214312931;422397933;https://vk.ru/id422397933
214316227;https://vk.ru/id214316227;422397933;https://vk.ru/id422397933
214370732;https://vk.ru/id214370732;422397933;https://vk.ru/id422397933
214383880;https://vk.ru/id214383880;422397933;https://vk.ru/id422397933
214701397;https://vk.ru/id214701397;422397933;https://vk.ru/id422397933
214709784;https://vk.ru/id214709784;422397933;https://vk.ru/id422397933
215182979;https://vk.ru/id215182979;422397933;https://vk.ru/id422397933
215223190;https://vk.ru/id215223190;422397933;https://vk.ru/id422397933
215296906;https://vk.ru/id215296906;422397933;https://vk.ru/id422397933
215399461;https://vk.ru/id215399461;422397933;https://vk.ru/id422397933
215439337;https://vk.ru/id215439337;422397933;https://vk.ru/id422397933
215531428;https://vk.ru/id215531428;422397933;https://vk.ru/id422397933
215708667;https://vk.ru/id215708667;422397933;https://vk.ru/id422397933
215716448;https://vk.ru/id215716448;422397933;https://vk.ru/id422397933
215866123;https://vk.ru/id215866123;422397933;https://vk.ru/id422397933
216033643;https://vk.ru/id216033643;422397933;https://vk.ru/id422397933
216432944;https://vk.ru/id216432944;422397933;https://vk.ru/id422397933
216664953;https://vk.ru/id216664953;422397933;https://vk.ru/id422397933
216749044;https://vk.ru/id216749044;422397933;https://vk.ru/id422397933
217196449;https://vk.ru/id217196449;422397933;https://vk.ru/id422397933
217209405;https://vk.ru/id217209405;422397933;https://vk.ru/id422397933
217447456;https://vk.ru/id217447456;422397933;https://vk.ru/id422397933
217533724;https://vk.ru/id217533724;422397933;https://vk.ru/id422397933
217671534;https://vk.ru/id217671534;422397933;https://vk.ru/id422397933
217851893;https://vk.ru/id217851893;422397933;https://vk.ru/id422397933
217859624;https://vk.ru/id217859624;422397933;https://vk.ru/id422397933
217960032;https://vk.ru/id217960032;422397933;https://vk.ru/id422397933
218556832;https://vk.ru/id218556832;422397933;https://vk.ru/id422397933
218571361;https://vk.ru/id218571361;422397933;https://vk.ru/id422397933
218744086;https://vk.ru/id218744086;422397933;https://vk.ru/id422397933
218778321;https://vk.ru/id218778321;422397933;https://vk.ru/id422397933
218879135;https://vk.ru/id218879135;422397933;https://vk.ru/id422397933
219045786;https://vk.ru/id219045786;422397933;https://vk.ru/id422397933
219297860;https://vk.ru/id219297860;422397933;https://vk.ru/id422397933
219336425;https://vk.ru/id219336425;422397933;https://vk.ru/id422397933
219656804;https://vk.ru/id219656804;422397933;https://vk.ru/id422397933
219744114;https://vk.ru/id219744114;422397933;https://vk.ru/id422397933
219814823;https://vk.ru/id219814823;422397933;https://vk.ru/id422397933
219934248;https://vk.ru/id219934248;422397933;https://vk.ru/id422397933
219988923;https://vk.ru/id219988923;422397933;https://vk.ru/id422397933
220015551;https://vk.ru/id220015551;422397933;https://vk.ru/id422397933
220028182;https://vk.ru/id220028182;422397933;https://vk.ru/id422397933
220142526;https://vk.ru/id220142526;422397933;https://vk.ru/id422397933
220154584;https://vk.ru/id220154584;422397933;https://vk.ru/id422397933
220177154;https://vk.ru/id220177154;422397933;https://vk.ru/id422397933
220221186;https://vk.ru/id220221186;422397933;https://vk.ru/id422397933
220481971;https://vk.ru/id220481971;422397933;https://vk.ru/id422397933
220547167;https://vk.ru/id220547167;422397933;https://vk.ru/id422397933
220763372;https://vk.ru/id220763372;422397933;https://vk.ru/id422397933
221126571;https://vk.ru/id221126571;422397933;https://vk.ru/id422397933
221144644;https://vk.ru/id221144644;422397933;https://vk.ru/id422397933
221174556;https://vk.ru/id221174556;422397933;https://vk.ru/id422397933
221288596;https://vk.ru/id221288596;422397933;https://vk.ru/id422397933
221369877;https://vk.ru/id221369877;422397933;https://vk.ru/id422397933
221583201;https://vk.ru/id221583201;422397933;https://vk.ru/id422397933
221675965;https://vk.ru/id221675965;422397933;https://vk.ru/id422397933
221914462;https://vk.ru/id221914462;422397933;https://vk.ru/id422397933
222068171;https://vk.ru/id222068171;422397933;https://vk.ru/id422397933
222142696;https://vk.ru/id222142696;422397933;https://vk.ru/id422397933
222152183;https://vk.ru/id222152183;422397933;https://vk.ru/id422397933
222330352;https://vk.ru/id222330352;422397933;https://vk.ru/id422397933
222331168;https://vk.ru/id222331168;422397933;https://vk.ru/id422397933
222377715;https://vk.ru/id222377715;422397933;https://vk.ru/id422397933
222421023;https://vk.ru/id222421023;422397933;https://vk.ru/id422397933
222423187;https://vk.ru/id222423187;422397933;https://vk.ru/id422397933
222502985;https://vk.ru/id222502985;422397933;https://vk.ru/id422397933
222541651;https://vk.ru/id222541651;422397933;https://vk.ru/id422397933
222542953;https://vk.ru/id222542953;422397933;https://vk.ru/id422397933
222779709;https://vk.ru/id222779709;422397933;https://vk.ru/id422397933
222789125;https://vk.ru/id222789125;422397933;https://vk.ru/id422397933
222880097;https://vk.ru/id222880097;422397933;https://vk.ru/id422397933
222890304;https://vk.ru/id222890304;422397933;https://vk.ru/id422397933
223034415;https://vk.ru/id223034415;422397933;https://vk.ru/id422397933
223113540;https://vk.ru/id223113540;422397933;https://vk.ru/id422397933
223204564;https://vk.ru/id223204564;422397933;https://vk.ru/id422397933
223229180;https://vk.ru/id223229180;422397933;https://vk.ru/id422397933
223255428;https://vk.ru/id223255428;422397933;https://vk.ru/id422397933
223269886;https://vk.ru/id223269886;422397933;https://vk.ru/id422397933
223364702;https://vk.ru/id223364702;422397933;https://vk.ru/id422397933
223415521;https://vk.ru/id223415521;422397933;https://vk.ru/id422397933
223509790;https://vk.ru/id223509790;422397933;https://vk.ru/id422397933
223578987;https://vk.ru/id223578987;422397933;https://vk.ru/id422397933
223589739;https://vk.ru/id223589739;422397933;https://vk.ru/id422397933
223747470;https://vk.ru/id223747470;422397933;https://vk.ru/id422397933
223754298;https://vk.ru/id223754298;422397933;https://vk.ru/id422397933
223763558;https://vk.ru/id223763558;422397933;https://vk.ru/id422397933
223864481;https://vk.ru/id223864481;422397933;https://vk.ru/id422397933
223946511;https://vk.ru/id223946511;422397933;https://vk.ru/id422397933
224052072;https://vk.ru/id224052072;422397933;https://vk.ru/id422397933
224283539;https://vk.ru/id224283539;422397933;https://vk.ru/id422397933
224414743;https://vk.ru/id224414743;422397933;https://vk.ru/id422397933
224574950;https://vk.ru/id224574950;422397933;https://vk.ru/id422397933
224669726;https://vk.ru/id224669726;422397933;https://vk.ru/id422397933
224755609;https://vk.ru/id224755609;422397933;https://vk.ru/id422397933
224895439;https://vk.ru/id224895439;422397933;https://vk.ru/id422397933
225061233;https://vk.ru/id225061233;422397933;https://vk.ru/id422397933
225285913;https://vk.ru/id225285913;422397933;https://vk.ru/id422397933
225632479;https://vk.ru/id225632479;422397933;https://vk.ru/id422397933
225830752;https://vk.ru/id225830752;422397933;https://vk.ru/id422397933
225970132;https://vk.ru/id225970132;422397933;https://vk.ru/id422397933
226239102;https://vk.ru/id226239102;422397933;https://vk.ru/id422397933
226513687;https://vk.ru/id226513687;422397933;https://vk.ru/id422397933
226528620;https://vk.ru/id226528620;422397933;https://vk.ru/id422397933
226628055;https://vk.ru/id226628055;422397933;https://vk.ru/id422397933
226660505;https://vk.ru/id226660505;422397933;https://vk.ru/id422397933
226738907;https://vk.ru/id226738907;422397933;https://vk.ru/id422397933
226749696;https://vk.ru/id226749696;422397933;https://vk.ru/id422397933
226898630;https://vk.ru/id226898630;422397933;https://vk.ru/id422397933
226954851;https://vk.ru/id226954851;422397933;https://vk.ru/id422397933
226985307;https://vk.ru/id226985307;422397933;https://vk.ru/id422397933
227007538;https://vk.ru/id227007538;422397933;https://vk.ru/id422397933
227093320;https://vk.ru/id227093320;422397933;https://vk.ru/id422397933
227144684;https://vk.ru/id227144684;422397933;https://vk.ru/id422397933
227298645;https://vk.ru/id227298645;422397933;https://vk.ru/id422397933
227304044;https://vk.ru/id227304044;422397933;https://vk.ru/id422397933
227338330;https://vk.ru/id227338330;422397933;https://vk.ru/id422397933
227390977;https://vk.ru/id227390977;422397933;https://vk.ru/id422397933
227538927;https://vk.ru/id227538927;422397933;https://vk.ru/id422397933
227648606;https://vk.ru/id227648606;422397933;https://vk.ru/id422397933
227896347;https://vk.ru/id227896347;422397933;https://vk.ru/id422397933
227896915;https://vk.ru/id227896915;422397933;https://vk.ru/id422397933
227978175;https://vk.ru/id227978175;422397933;https://vk.ru/id422397933
228027422;https://vk.ru/id228027422;422397933;https://vk.ru/id422397933
228128499;https://vk.ru/id228128499;422397933;https://vk.ru/id422397933
228340237;https://vk.ru/id228340237;422397933;https://vk.ru/id422397933
228354475;https://vk.ru/id228354475;422397933;https://vk.ru/id422397933
228543618;https://vk.ru/id228543618;422397933;https://vk.ru/id422397933
228736515;https://vk.ru/id228736515;422397933;https://vk.ru/id422397933
229017385;https://vk.ru/id229017385;422397933;https://vk.ru/id422397933
229054099;https://vk.ru/id229054099;422397933;https://vk.ru/id422397933
229152517;https://vk.ru/id229152517;422397933;https://vk.ru/id422397933
229234102;https://vk.ru/id229234102;422397933;https://vk.ru/id422397933
229237953;https://vk.ru/id229237953;422397933;https://vk.ru/id422397933
229306625;https://vk.ru/id229306625;422397933;https://vk.ru/id422397933
229349299;https://vk.ru/id229349299;422397933;https://vk.ru/id422397933
229385601;https://vk.ru/id229385601;422397933;https://vk.ru/id422397933
229522916;https://vk.ru/id229522916;422397933;https://vk.ru/id422397933
229550415;https://vk.ru/id229550415;422397933;https://vk.ru/id422397933
229610131;https://vk.ru/id229610131;422397933;https://vk.ru/id422397933
229722306;https://vk.ru/id229722306;422397933;https://vk.ru/id422397933
229859719;https://vk.ru/id229859719;422397933;https://vk.ru/id422397933
229890121;https://vk.ru/id229890121;422397933;https://vk.ru/id422397933
229983286;https://vk.ru/id229983286;422397933;https://vk.ru/id422397933
230355595;https://vk.ru/id230355595;422397933;https://vk.ru/id422397933
230381483;https://vk.ru/id230381483;422397933;https://vk.ru/id422397933
230444214;https://vk.ru/id230444214;422397933;https://vk.ru/id422397933
230468422;https://vk.ru/id230468422;422397933;https://vk.ru/id422397933
230592137;https://vk.ru/id230592137;422397933;https://vk.ru/id422397933
230759968;https://vk.ru/id230759968;422397933;https://vk.ru/id422397933
231111090;https://vk.ru/id231111090;422397933;https://vk.ru/id422397933
231114780;https://vk.ru/id231114780;422397933;https://vk.ru/id422397933
231152379;https://vk.ru/id231152379;422397933;https://vk.ru/id422397933
231208318;https://vk.ru/id231208318;422397933;https://vk.ru/id422397933
231245336;https://vk.ru/id231245336;422397933;https://vk.ru/id422397933
231284350;https://vk.ru/id231284350;422397933;https://vk.ru/id422397933
231305192;https://vk.ru/id231305192;422397933;https://vk.ru/id422397933
231316925;https://vk.ru/id231316925;422397933;https://vk.ru/id422397933
231373838;https://vk.ru/id231373838;422397933;https://vk.ru/id422397933
231475272;https://vk.ru/id231475272;422397933;https://vk.ru/id422397933
231569141;https://vk.ru/id231569141;422397933;https://vk.ru/id422397933
231733628;https://vk.ru/id231733628;422397933;https://vk.ru/id422397933
231892641;https://vk.ru/id231892641;422397933;https://vk.ru/id422397933
232206902;https://vk.ru/id232206902;422397933;https://vk.ru/id422397933
232292946;https://vk.ru/id232292946;422397933;https://vk.ru/id422397933
232382148;https://vk.ru/id232382148;422397933;https://vk.ru/id422397933
232456409;https://vk.ru/id232456409;422397933;https://vk.ru/id422397933
232525713;https://vk.ru/id232525713;422397933;https://vk.ru/id422397933
232551301;https://vk.ru/id232551301;422397933;https://vk.ru/id422397933
232589935;https://vk.ru/id232589935;422397933;https://vk.ru/id422397933
232722087;https://vk.ru/id232722087;422397933;https://vk.ru/id422397933
232886017;https://vk.ru/id232886017;422397933;https://vk.ru/id422397933
233073936;https://vk.ru/id233073936;422397933;https://vk.ru/id422397933
233086257;https://vk.ru/id233086257;422397933;https://vk.ru/id422397933
233099073;https://vk.ru/id233099073;422397933;https://vk.ru/id422397933
233143785;https://vk.ru/id233143785;422397933;https://vk.ru/id422397933
233947712;https://vk.ru/id233947712;422397933;https://vk.ru/id422397933
233985147;https://vk.ru/id233985147;422397933;https://vk.ru/id422397933
233995414;https://vk.ru/id233995414;422397933;https://vk.ru/id422397933
234481545;https://vk.ru/id234481545;422397933;https://vk.ru/id422397933
234618608;https://vk.ru/id234618608;422397933;https://vk.ru/id422397933
234637365;https://vk.ru/id234637365;422397933;https://vk.ru/id422397933
234711228;https://vk.ru/id234711228;422397933;https://vk.ru/id422397933
234841472;https://vk.ru/id234841472;422397933;https://vk.ru/id422397933
234843252;https://vk.ru/id234843252;422397933;https://vk.ru/id422397933
234964711;https://vk.ru/id234964711;422397933;https://vk.ru/id422397933
235598630;https://vk.ru/id235598630;422397933;https://vk.ru/id422397933
235880599;https://vk.ru/id235880599;422397933;https://vk.ru/id422397933
236107347;https://vk.ru/id236107347;422397933;https://vk.ru/id422397933
236434667;https://vk.ru/id236434667;422397933;https://vk.ru/id422397933
236445460;https://vk.ru/id236445460;422397933;https://vk.ru/id422397933
236450283;https://vk.ru/id236450283;422397933;https://vk.ru/id422397933
236875072;https://vk.ru/id236875072;422397933;https://vk.ru/id422397933
236899965;https://vk.ru/id236899965;422397933;https://vk.ru/id422397933
237420148;https://vk.ru/id237420148;422397933;https://vk.ru/id422397933
237650573;https://vk.ru/id237650573;422397933;https://vk.ru/id422397933
237781574;https://vk.ru/id237781574;422397933;https://vk.ru/id422397933
237872068;https://vk.ru/id237872068;422397933;https://vk.ru/id422397933
237977644;https://vk.ru/id237977644;422397933;https://vk.ru/id422397933
237978888;https://vk.ru/id237978888;422397933;https://vk.ru/id422397933
238010812;https://vk.ru/id238010812;422397933;https://vk.ru/id422397933
238018373;https://vk.ru/id238018373;422397933;https://vk.ru/id422397933
238022154;https://vk.ru/id238022154;422397933;https://vk.ru/id422397933
238041074;https://vk.ru/id238041074;422397933;https://vk.ru/id422397933
238263330;https://vk.ru/id238263330;422397933;https://vk.ru/id422397933
238302341;https://vk.ru/id238302341;422397933;https://vk.ru/id422397933
238325941;https://vk.ru/id238325941;422397933;https://vk.ru/id422397933
238378308;https://vk.ru/id238378308;422397933;https://vk.ru/id422397933
238444902;https://vk.ru/id238444902;422397933;https://vk.ru/id422397933
238500162;https://vk.ru/id238500162;422397933;https://vk.ru/id422397933
238735041;https://vk.ru/id238735041;422397933;https://vk.ru/id422397933
238818634;https://vk.ru/id238818634;422397933;https://vk.ru/id422397933
238823470;https://vk.ru/id238823470;422397933;https://vk.ru/id422397933
238857154;https://vk.ru/id238857154;422397933;https://vk.ru/id422397933
239146072;https://vk.ru/id239146072;422397933;https://vk.ru/id422397933
239294612;https://vk.ru/id239294612;422397933;https://vk.ru/id422397933
239561281;https://vk.ru/id239561281;422397933;https://vk.ru/id422397933
239982327;https://vk.ru/id239982327;422397933;https://vk.ru/id422397933
240028895;https://vk.ru/id240028895;422397933;https://vk.ru/id422397933
240073810;https://vk.ru/id240073810;422397933;https://vk.ru/id422397933
240176040;https://vk.ru/id240176040;422397933;https://vk.ru/id422397933
240184673;https://vk.ru/id240184673;422397933;https://vk.ru/id422397933
240200561;https://vk.ru/id240200561;422397933;https://vk.ru/id422397933
240302302;https://vk.ru/id240302302;422397933;https://vk.ru/id422397933
240351677;https://vk.ru/id240351677;422397933;https://vk.ru/id422397933
240390518;https://vk.ru/id240390518;422397933;https://vk.ru/id422397933
240483487;https://vk.ru/id240483487;422397933;https://vk.ru/id422397933
240645052;https://vk.ru/id240645052;422397933;https://vk.ru/id422397933
240650417;https://vk.ru/id240650417;422397933;https://vk.ru/id422397933
240705087;https://vk.ru/id240705087;422397933;https://vk.ru/id422397933
240803496;https://vk.ru/id240803496;422397933;https://vk.ru/id422397933
241012982;https://vk.ru/id241012982;422397933;https://vk.ru/id422397933
241041089;https://vk.ru/id241041089;422397933;https://vk.ru/id422397933
241092352;https://vk.ru/id241092352;422397933;https://vk.ru/id422397933
241181127;https://vk.ru/id241181127;422397933;https://vk.ru/id422397933
241309982;https://vk.ru/id241309982;422397933;https://vk.ru/id422397933
241713455;https://vk.ru/id241713455;422397933;https://vk.ru/id422397933
241820875;https://vk.ru/id241820875;422397933;https://vk.ru/id422397933
241890551;https://vk.ru/id241890551;422397933;https://vk.ru/id422397933
241986839;https://vk.ru/id241986839;422397933;https://vk.ru/id422397933
242041031;https://vk.ru/id242041031;422397933;https://vk.ru/id422397933
242191376;https://vk.ru/id242191376;422397933;https://vk.ru/id422397933
242208827;https://vk.ru/id242208827;422397933;https://vk.ru/id422397933
242235308;https://vk.ru/id242235308;422397933;https://vk.ru/id422397933
242290332;https://vk.ru/id242290332;422397933;https://vk.ru/id422397933
242492713;https://vk.ru/id242492713;422397933;https://vk.ru/id422397933
242766448;https://vk.ru/id242766448;422397933;https://vk.ru/id422397933
242785061;https://vk.ru/id242785061;422397933;https://vk.ru/id422397933
242910269;https://vk.ru/id242910269;422397933;https://vk.ru/id422397933
243094734;https://vk.ru/id243094734;422397933;https://vk.ru/id422397933
243380330;https://vk.ru/id243380330;422397933;https://vk.ru/id422397933
243407007;https://vk.ru/id243407007;422397933;https://vk.ru/id422397933
243696669;https://vk.ru/id243696669;422397933;https://vk.ru/id422397933
243922603;https://vk.ru/id243922603;422397933;https://vk.ru/id422397933
243933852;https://vk.ru/id243933852;422397933;https://vk.ru/id422397933
243955509;https://vk.ru/id243955509;422397933;https://vk.ru/id422397933
244073800;https://vk.ru/id244073800;422397933;https://vk.ru/id422397933
244527900;https://vk.ru/id244527900;422397933;https://vk.ru/id422397933
244612107;https://vk.ru/id244612107;422397933;https://vk.ru/id422397933
244623543;https://vk.ru/id244623543;422397933;https://vk.ru/id422397933
244868989;https://vk.ru/id244868989;422397933;https://vk.ru/id422397933
244918129;https://vk.ru/id244918129;422397933;https://vk.ru/id422397933
245142819;https://vk.ru/id245142819;422397933;https://vk.ru/id422397933
245240376;https://vk.ru/id245240376;422397933;https://vk.ru/id422397933
245257490;https://vk.ru/id245257490;422397933;https://vk.ru/id422397933
245398987;https://vk.ru/id245398987;422397933;https://vk.ru/id422397933
245588035;https://vk.ru/id245588035;422397933;https://vk.ru/id422397933
245668241;https://vk.ru/id245668241;422397933;https://vk.ru/id422397933
245746755;https://vk.ru/id245746755;422397933;https://vk.ru/id422397933
245823210;https://vk.ru/id245823210;422397933;https://vk.ru/id422397933
246036313;https://vk.ru/id246036313;422397933;https://vk.ru/id422397933
246070637;https://vk.ru/id246070637;422397933;https://vk.ru/id422397933
246074882;https://vk.ru/id246074882;422397933;https://vk.ru/id422397933
246172000;https://vk.ru/id246172000;422397933;https://vk.ru/id422397933
246255799;https://vk.ru/id246255799;422397933;https://vk.ru/id422397933
246476955;https://vk.ru/id246476955;422397933;https://vk.ru/id422397933
246549061;https://vk.ru/id246549061;422397933;https://vk.ru/id422397933
246608222;https://vk.ru/id246608222;422397933;https://vk.ru/id422397933
246635743;https://vk.ru/id246635743;422397933;https://vk.ru/id422397933
246827879;https://vk.ru/id246827879;422397933;https://vk.ru/id422397933
246872239;https://vk.ru/id246872239;422397933;https://vk.ru/id422397933
246898764;https://vk.ru/id246898764;422397933;https://vk.ru/id422397933
247278469;https://vk.ru/id247278469;422397933;https://vk.ru/id422397933
247348753;https://vk.ru/id247348753;422397933;https://vk.ru/id422397933
247386790;https://vk.ru/id247386790;422397933;https://vk.ru/id422397933
247456695;https://vk.ru/id247456695;422397933;https://vk.ru/id422397933
247531513;https://vk.ru/id247531513;422397933;https://vk.ru/id422397933
247541840;https://vk.ru/id247541840;422397933;https://vk.ru/id422397933
247634331;https://vk.ru/id247634331;422397933;https://vk.ru/id422397933
247636154;https://vk.ru/id247636154;422397933;https://vk.ru/id422397933
247673407;https://vk.ru/id247673407;422397933;https://vk.ru/id422397933
247891367;https://vk.ru/id247891367;422397933;https://vk.ru/id422397933
247892082;https://vk.ru/id247892082;422397933;https://vk.ru/id422397933
248114606;https://vk.ru/id248114606;422397933;https://vk.ru/id422397933
248136440;https://vk.ru/id248136440;422397933;https://vk.ru/id422397933
248236056;https://vk.ru/id248236056;422397933;https://vk.ru/id422397933
248363492;https://vk.ru/id248363492;422397933;https://vk.ru/id422397933
248403944;https://vk.ru/id248403944;422397933;https://vk.ru/id422397933
248464984;https://vk.ru/id248464984;422397933;https://vk.ru/id422397933
248890858;https://vk.ru/id248890858;422397933;https://vk.ru/id422397933
249212114;https://vk.ru/id249212114;422397933;https://vk.ru/id422397933
249319571;https://vk.ru/id249319571;422397933;https://vk.ru/id422397933
249460254;https://vk.ru/id249460254;422397933;https://vk.ru/id422397933
249598247;https://vk.ru/id249598247;422397933;https://vk.ru/id422397933
249681090;https://vk.ru/id249681090;422397933;https://vk.ru/id422397933
249683155;https://vk.ru/id249683155;422397933;https://vk.ru/id422397933
250088318;https://vk.ru/id250088318;422397933;https://vk.ru/id422397933
250154249;https://vk.ru/id250154249;422397933;https://vk.ru/id422397933
250283577;https://vk.ru/id250283577;422397933;https://vk.ru/id422397933
250332639;https://vk.ru/id250332639;422397933;https://vk.ru/id422397933
250439336;https://vk.ru/id250439336;422397933;https://vk.ru/id422397933
250758046;https://vk.ru/id250758046;422397933;https://vk.ru/id422397933
250851935;https://vk.ru/id250851935;422397933;https://vk.ru/id422397933
250971960;https://vk.ru/id250971960;422397933;https://vk.ru/id422397933
251079281;https://vk.ru/id251079281;422397933;https://vk.ru/id422397933
251109215;https://vk.ru/id251109215;422397933;https://vk.ru/id422397933
251148870;https://vk.ru/id251148870;422397933;https://vk.ru/id422397933
251158994;https://vk.ru/id251158994;422397933;https://vk.ru/id422397933
251190117;https://vk.ru/id251190117;422397933;https://vk.ru/id422397933
251252985;https://vk.ru/id251252985;422397933;https://vk.ru/id422397933
251281744;https://vk.ru/id251281744;422397933;https://vk.ru/id422397933
251341311;https://vk.ru/id251341311;422397933;https://vk.ru/id422397933
251361204;https://vk.ru/id251361204;422397933;https://vk.ru/id422397933
251562464;https://vk.ru/id251562464;422397933;https://vk.ru/id422397933
251679714;https://vk.ru/id251679714;422397933;https://vk.ru/id422397933
251807484;https://vk.ru/id251807484;422397933;https://vk.ru/id422397933
251915901;https://vk.ru/id251915901;422397933;https://vk.ru/id422397933
252008062;https://vk.ru/id252008062;422397933;https://vk.ru/id422397933
252067349;https://vk.ru/id252067349;422397933;https://vk.ru/id422397933
252071193;https://vk.ru/id252071193;422397933;https://vk.ru/id422397933
252306365;https://vk.ru/id252306365;422397933;https://vk.ru/id422397933
252589919;https://vk.ru/id252589919;422397933;https://vk.ru/id422397933
252623913;https://vk.ru/id252623913;422397933;https://vk.ru/id422397933
252634776;https://vk.ru/id252634776;422397933;https://vk.ru/id422397933
252901142;https://vk.ru/id252901142;422397933;https://vk.ru/id422397933
252982058;https://vk.ru/id252982058;422397933;https://vk.ru/id422397933
253093978;https://vk.ru/id253093978;422397933;https://vk.ru/id422397933
253500483;https://vk.ru/id253500483;422397933;https://vk.ru/id422397933
253597375;https://vk.ru/id253597375;422397933;https://vk.ru/id422397933
253792135;https://vk.ru/id253792135;422397933;https://vk.ru/id422397933
253829984;https://vk.ru/id253829984;422397933;https://vk.ru/id422397933
253851801;https://vk.ru/id253851801;422397933;https://vk.ru/id422397933
254011486;https://vk.ru/id254011486;422397933;https://vk.ru/id422397933
254256699;https://vk.ru/id254256699;422397933;https://vk.ru/id422397933
254265746;https://vk.ru/id254265746;422397933;https://vk.ru/id422397933
254316173;https://vk.ru/id254316173;422397933;https://vk.ru/id422397933
254441874;https://vk.ru/id254441874;422397933;https://vk.ru/id422397933
254474327;https://vk.ru/id254474327;422397933;https://vk.ru/id422397933
254486382;https://vk.ru/id254486382;422397933;https://vk.ru/id422397933
254765579;https://vk.ru/id254765579;422397933;https://vk.ru/id422397933
254781729;https://vk.ru/id254781729;422397933;https://vk.ru/id422397933
254864297;https://vk.ru/id254864297;422397933;https://vk.ru/id422397933
255014960;https://vk.ru/id255014960;422397933;https://vk.ru/id422397933
255131364;https://vk.ru/id255131364;422397933;https://vk.ru/id422397933
255179424;https://vk.ru/id255179424;422397933;https://vk.ru/id422397933
255243397;https://vk.ru/id255243397;422397933;https://vk.ru/id422397933
255278730;https://vk.ru/id255278730;422397933;https://vk.ru/id422397933
255416797;https://vk.ru/id255416797;422397933;https://vk.ru/id422397933
255426305;https://vk.ru/id255426305;422397933;https://vk.ru/id422397933
255544788;https://vk.ru/id255544788;422397933;https://vk.ru/id422397933
255682311;https://vk.ru/id255682311;422397933;https://vk.ru/id422397933
255706814;https://vk.ru/id255706814;422397933;https://vk.ru/id422397933
255767242;https://vk.ru/id255767242;422397933;https://vk.ru/id422397933
255812366;https://vk.ru/id255812366;422397933;https://vk.ru/id422397933
255935458;https://vk.ru/id255935458;422397933;https://vk.ru/id422397933
256262373;https://vk.ru/id256262373;422397933;https://vk.ru/id422397933
256286039;https://vk.ru/id256286039;422397933;https://vk.ru/id422397933
256334027;https://vk.ru/id256334027;422397933;https://vk.ru/id422397933
256791646;https://vk.ru/id256791646;422397933;https://vk.ru/id422397933
257301641;https://vk.ru/id257301641;422397933;https://vk.ru/id422397933
257479991;https://vk.ru/id257479991;422397933;https://vk.ru/id422397933
257672737;https://vk.ru/id257672737;422397933;https://vk.ru/id422397933
257748716;https://vk.ru/id257748716;422397933;https://vk.ru/id422397933
258016342;https://vk.ru/id258016342;422397933;https://vk.ru/id422397933
258102373;https://vk.ru/id258102373;422397933;https://vk.ru/id422397933
258172779;https://vk.ru/id258172779;422397933;https://vk.ru/id422397933
258228595;https://vk.ru/id258228595;422397933;https://vk.ru/id422397933
258482836;https://vk.ru/id258482836;422397933;https://vk.ru/id422397933
258546778;https://vk.ru/id258546778;422397933;https://vk.ru/id422397933
258583667;https://vk.ru/id258583667;422397933;https://vk.ru/id422397933
258679112;https://vk.ru/id258679112;422397933;https://vk.ru/id422397933
258719814;https://vk.ru/id258719814;422397933;https://vk.ru/id422397933
258803391;https://vk.ru/id258803391;422397933;https://vk.ru/id422397933
258832769;https://vk.ru/id258832769;422397933;https://vk.ru/id422397933
258893349;https://vk.ru/id258893349;422397933;https://vk.ru/id422397933
258916571;https://vk.ru/id258916571;422397933;https://vk.ru/id422397933
259047478;https://vk.ru/id259047478;422397933;https://vk.ru/id422397933
259075579;https://vk.ru/id259075579;422397933;https://vk.ru/id422397933
259212844;https://vk.ru/id259212844;422397933;https://vk.ru/id422397933
259267965;https://vk.ru/id259267965;422397933;https://vk.ru/id422397933
259589773;https://vk.ru/id259589773;422397933;https://vk.ru/id422397933
260373109;https://vk.ru/id260373109;422397933;https://vk.ru/id422397933
260487907;https://vk.ru/id260487907;422397933;https://vk.ru/id422397933
260496205;https://vk.ru/id260496205;422397933;https://vk.ru/id422397933
260514424;https://vk.ru/id260514424;422397933;https://vk.ru/id422397933
260654438;https://vk.ru/id260654438;422397933;https://vk.ru/id422397933
260772486;https://vk.ru/id260772486;422397933;https://vk.ru/id422397933
260875449;https://vk.ru/id260875449;422397933;https://vk.ru/id422397933
261186573;https://vk.ru/id261186573;422397933;https://vk.ru/id422397933
261197212;https://vk.ru/id261197212;422397933;https://vk.ru/id422397933
261292859;https://vk.ru/id261292859;422397933;https://vk.ru/id422397933
261407979;https://vk.ru/id261407979;422397933;https://vk.ru/id422397933
261608594;https://vk.ru/id261608594;422397933;https://vk.ru/id422397933
261644143;https://vk.ru/id261644143;422397933;https://vk.ru/id422397933
261759044;https://vk.ru/id261759044;422397933;https://vk.ru/id422397933
262008036;https://vk.ru/id262008036;422397933;https://vk.ru/id422397933
262135446;https://vk.ru/id262135446;422397933;https://vk.ru/id422397933
262153059;https://vk.ru/id262153059;422397933;https://vk.ru/id422397933
262337556;https://vk.ru/id262337556;422397933;https://vk.ru/id422397933
263069749;https://vk.ru/id263069749;422397933;https://vk.ru/id422397933
263470202;https://vk.ru/id263470202;422397933;https://vk.ru/id422397933
263472805;https://vk.ru/id263472805;422397933;https://vk.ru/id422397933
263565014;https://vk.ru/id263565014;422397933;https://vk.ru/id422397933
263613720;https://vk.ru/id263613720;422397933;https://vk.ru/id422397933
263633628;https://vk.ru/id263633628;422397933;https://vk.ru/id422397933
263724088;https://vk.ru/id263724088;422397933;https://vk.ru/id422397933
263806696;https://vk.ru/id263806696;422397933;https://vk.ru/id422397933
263963590;https://vk.ru/id263963590;422397933;https://vk.ru/id422397933
264147099;https://vk.ru/id264147099;422397933;https://vk.ru/id422397933
264232439;https://vk.ru/id264232439;422397933;https://vk.ru/id422397933
264255564;https://vk.ru/id264255564;422397933;https://vk.ru/id422397933
264259545;https://vk.ru/id264259545;422397933;https://vk.ru/id422397933
264302541;https://vk.ru/id264302541;422397933;https://vk.ru/id422397933
264371573;https://vk.ru/id264371573;422397933;https://vk.ru/id422397933
264377250;https://vk.ru/id264377250;422397933;https://vk.ru/id422397933
264880849;https://vk.ru/id264880849;422397933;https://vk.ru/id422397933
264991614;https://vk.ru/id264991614;422397933;https://vk.ru/id422397933
265111970;https://vk.ru/id265111970;422397933;https://vk.ru/id422397933
265285398;https://vk.ru/id265285398;422397933;https://vk.ru/id422397933
265395483;https://vk.ru/id265395483;422397933;https://vk.ru/id422397933
265723329;https://vk.ru/id265723329;422397933;https://vk.ru/id422397933
265799095;https://vk.ru/id265799095;422397933;https://vk.ru/id422397933
265823755;https://vk.ru/id265823755;422397933;https://vk.ru/id422397933
266009802;https://vk.ru/id266009802;422397933;https://vk.ru/id422397933
266174432;https://vk.ru/id266174432;422397933;https://vk.ru/id422397933
266358047;https://vk.ru/id266358047;422397933;https://vk.ru/id422397933
266605622;https://vk.ru/id266605622;422397933;https://vk.ru/id422397933
266607703;https://vk.ru/id266607703;422397933;https://vk.ru/id422397933
266706928;https://vk.ru/id266706928;422397933;https://vk.ru/id422397933
266775434;https://vk.ru/id266775434;422397933;https://vk.ru/id422397933
266784523;https://vk.ru/id266784523;422397933;https://vk.ru/id422397933
266834131;https://vk.ru/id266834131;422397933;https://vk.ru/id422397933
267032308;https://vk.ru/id267032308;422397933;https://vk.ru/id422397933
267062350;https://vk.ru/id267062350;422397933;https://vk.ru/id422397933
267195393;https://vk.ru/id267195393;422397933;https://vk.ru/id422397933
267398968;https://vk.ru/id267398968;422397933;https://vk.ru/id422397933
267435265;https://vk.ru/id267435265;422397933;https://vk.ru/id422397933
267581690;https://vk.ru/id267581690;422397933;https://vk.ru/id422397933
267685600;https://vk.ru/id267685600;422397933;https://vk.ru/id422397933
267711730;https://vk.ru/id267711730;422397933;https://vk.ru/id422397933
267750362;https://vk.ru/id267750362;422397933;https://vk.ru/id422397933
267930810;https://vk.ru/id267930810;422397933;https://vk.ru/id422397933
267997293;https://vk.ru/id267997293;422397933;https://vk.ru/id422397933
268051182;https://vk.ru/id268051182;422397933;https://vk.ru/id422397933
268056379;https://vk.ru/id268056379;422397933;https://vk.ru/id422397933
268362674;https://vk.ru/id268362674;422397933;https://vk.ru/id422397933
268580519;https://vk.ru/id268580519;422397933;https://vk.ru/id422397933
268732642;https://vk.ru/id268732642;422397933;https://vk.ru/id422397933
268799979;https://vk.ru/id268799979;422397933;https://vk.ru/id422397933
268818303;https://vk.ru/id268818303;422397933;https://vk.ru/id422397933
268873550;https://vk.ru/id268873550;422397933;https://vk.ru/id422397933
268874533;https://vk.ru/id268874533;422397933;https://vk.ru/id422397933
268972551;https://vk.ru/id268972551;422397933;https://vk.ru/id422397933
269052926;https://vk.ru/id269052926;422397933;https://vk.ru/id422397933
269074055;https://vk.ru/id269074055;422397933;https://vk.ru/id422397933
269082486;https://vk.ru/id269082486;422397933;https://vk.ru/id422397933
269159177;https://vk.ru/id269159177;422397933;https://vk.ru/id422397933
269235046;https://vk.ru/id269235046;422397933;https://vk.ru/id422397933
269388306;https://vk.ru/id269388306;422397933;https://vk.ru/id422397933
269422761;https://vk.ru/id269422761;422397933;https://vk.ru/id422397933
269625933;https://vk.ru/id269625933;422397933;https://vk.ru/id422397933
269883904;https://vk.ru/id269883904;422397933;https://vk.ru/id422397933
269884774;https://vk.ru/id269884774;422397933;https://vk.ru/id422397933
269947557;https://vk.ru/id269947557;422397933;https://vk.ru/id422397933
270068438;https://vk.ru/id270068438;422397933;https://vk.ru/id422397933
270176628;https://vk.ru/id270176628;422397933;https://vk.ru/id422397933
270218464;https://vk.ru/id270218464;422397933;https://vk.ru/id422397933
270331335;https://vk.ru/id270331335;422397933;https://vk.ru/id422397933
270445375;https://vk.ru/id270445375;422397933;https://vk.ru/id422397933
270616559;https://vk.ru/id270616559;422397933;https://vk.ru/id422397933
270642907;https://vk.ru/id270642907;422397933;https://vk.ru/id422397933
270805244;https://vk.ru/id270805244;422397933;https://vk.ru/id422397933
270847682;https://vk.ru/id270847682;422397933;https://vk.ru/id422397933
270914165;https://vk.ru/id270914165;422397933;https://vk.ru/id422397933
271057290;https://vk.ru/id271057290;422397933;https://vk.ru/id422397933
271289868;https://vk.ru/id271289868;422397933;https://vk.ru/id422397933
271403980;https://vk.ru/id271403980;422397933;https://vk.ru/id422397933
271424323;https://vk.ru/id271424323;422397933;https://vk.ru/id422397933
271523526;https://vk.ru/id271523526;422397933;https://vk.ru/id422397933
271964902;https://vk.ru/id271964902;422397933;https://vk.ru/id422397933
272071979;https://vk.ru/id272071979;422397933;https://vk.ru/id422397933
272246613;https://vk.ru/id272246613;422397933;https://vk.ru/id422397933
272252272;https://vk.ru/id272252272;422397933;https://vk.ru/id422397933
272278862;https://vk.ru/id272278862;422397933;https://vk.ru/id422397933
272479455;https://vk.ru/id272479455;422397933;https://vk.ru/id422397933
273334081;https://vk.ru/id273334081;422397933;https://vk.ru/id422397933
273457784;https://vk.ru/id273457784;422397933;https://vk.ru/id422397933
273954696;https://vk.ru/id273954696;422397933;https://vk.ru/id422397933
274019938;https://vk.ru/id274019938;422397933;https://vk.ru/id422397933
274030573;https://vk.ru/id274030573;422397933;https://vk.ru/id422397933
274092356;https://vk.ru/id274092356;422397933;https://vk.ru/id422397933
274464761;https://vk.ru/id274464761;422397933;https://vk.ru/id422397933
274471945;https://vk.ru/id274471945;422397933;https://vk.ru/id422397933
274553833;https://vk.ru/id274553833;422397933;https://vk.ru/id422397933
274611630;https://vk.ru/id274611630;422397933;https://vk.ru/id422397933
274674601;https://vk.ru/id274674601;422397933;https://vk.ru/id422397933
274824362;https://vk.ru/id274824362;422397933;https://vk.ru/id422397933
274917359;https://vk.ru/id274917359;422397933;https://vk.ru/id422397933
275041202;https://vk.ru/id275041202;422397933;https://vk.ru/id422397933
275334164;https://vk.ru/id275334164;422397933;https://vk.ru/id422397933
275580489;https://vk.ru/id275580489;422397933;https://vk.ru/id422397933
275700003;https://vk.ru/id275700003;422397933;https://vk.ru/id422397933
276355217;https://vk.ru/id276355217;422397933;https://vk.ru/id422397933
276633877;https://vk.ru/id276633877;422397933;https://vk.ru/id422397933
276677063;https://vk.ru/id276677063;422397933;https://vk.ru/id422397933
276871869;https://vk.ru/id276871869;422397933;https://vk.ru/id422397933
276879340;https://vk.ru/id276879340;422397933;https://vk.ru/id422397933
276916624;https://vk.ru/id276916624;422397933;https://vk.ru/id422397933
276924562;https://vk.ru/id276924562;422397933;https://vk.ru/id422397933
277103008;https://vk.ru/id277103008;422397933;https://vk.ru/id422397933
277267389;https://vk.ru/id277267389;422397933;https://vk.ru/id422397933
277315392;https://vk.ru/id277315392;422397933;https://vk.ru/id422397933
277317537;https://vk.ru/id277317537;422397933;https://vk.ru/id422397933
277344938;https://vk.ru/id277344938;422397933;https://vk.ru/id422397933
277480991;https://vk.ru/id277480991;422397933;https://vk.ru/id422397933
277550805;https://vk.ru/id277550805;422397933;https://vk.ru/id422397933
277707820;https://vk.ru/id277707820;422397933;https://vk.ru/id422397933
277798791;https://vk.ru/id277798791;422397933;https://vk.ru/id422397933
277837687;https://vk.ru/id277837687;422397933;https://vk.ru/id422397933
277851803;https://vk.ru/id277851803;422397933;https://vk.ru/id422397933
277857595;https://vk.ru/id277857595;422397933;https://vk.ru/id422397933
278328914;https://vk.ru/id278328914;422397933;https://vk.ru/id422397933
278375735;https://vk.ru/id278375735;422397933;https://vk.ru/id422397933
278529143;https://vk.ru/id278529143;422397933;https://vk.ru/id422397933
278613091;https://vk.ru/id278613091;422397933;https://vk.ru/id422397933
278704712;https://vk.ru/id278704712;422397933;https://vk.ru/id422397933
278771087;https://vk.ru/id278771087;422397933;https://vk.ru/id422397933
279061052;https://vk.ru/id279061052;422397933;https://vk.ru/id422397933
279094172;https://vk.ru/id279094172;422397933;https://vk.ru/id422397933
279275059;https://vk.ru/id279275059;422397933;https://vk.ru/id422397933
279378453;https://vk.ru/id279378453;422397933;https://vk.ru/id422397933
279403228;https://vk.ru/id279403228;422397933;https://vk.ru/id422397933
279509627;https://vk.ru/id279509627;422397933;https://vk.ru/id422397933
279671965;https://vk.ru/id279671965;422397933;https://vk.ru/id422397933
279682980;https://vk.ru/id279682980;422397933;https://vk.ru/id422397933
279930477;https://vk.ru/id279930477;422397933;https://vk.ru/id422397933
280001982;https://vk.ru/id280001982;422397933;https://vk.ru/id422397933
280245690;https://vk.ru/id280245690;422397933;https://vk.ru/id422397933
280292248;https://vk.ru/id280292248;422397933;https://vk.ru/id422397933
280619822;https://vk.ru/id280619822;422397933;https://vk.ru/id422397933
280638738;https://vk.ru/id280638738;422397933;https://vk.ru/id422397933
280670435;https://vk.ru/id280670435;422397933;https://vk.ru/id422397933
280715826;https://vk.ru/id280715826;422397933;https://vk.ru/id422397933
280831516;https://vk.ru/id280831516;422397933;https://vk.ru/id422397933
280837272;https://vk.ru/id280837272;422397933;https://vk.ru/id422397933
281374737;https://vk.ru/id281374737;422397933;https://vk.ru/id422397933
281514171;https://vk.ru/id281514171;422397933;https://vk.ru/id422397933
281624415;https://vk.ru/id281624415;422397933;https://vk.ru/id422397933
281641201;https://vk.ru/id281641201;422397933;https://vk.ru/id422397933
281821408;https://vk.ru/id281821408;422397933;https://vk.ru/id422397933
281860156;https://vk.ru/id281860156;422397933;https://vk.ru/id422397933
282123138;https://vk.ru/id282123138;422397933;https://vk.ru/id422397933
282526929;https://vk.ru/id282526929;422397933;https://vk.ru/id422397933
282789215;https://vk.ru/id282789215;422397933;https://vk.ru/id422397933
282803068;https://vk.ru/id282803068;422397933;https://vk.ru/id422397933
282859301;https://vk.ru/id282859301;422397933;https://vk.ru/id422397933
283057484;https://vk.ru/id283057484;422397933;https://vk.ru/id422397933
283195695;https://vk.ru/id283195695;422397933;https://vk.ru/id422397933
283326172;https://vk.ru/id283326172;422397933;https://vk.ru/id422397933
283338127;https://vk.ru/id283338127;422397933;https://vk.ru/id422397933
283439160;https://vk.ru/id283439160;422397933;https://vk.ru/id422397933
283506867;https://vk.ru/id283506867;422397933;https://vk.ru/id422397933
283522496;https://vk.ru/id283522496;422397933;https://vk.ru/id422397933
283588640;https://vk.ru/id283588640;422397933;https://vk.ru/id422397933
283780361;https://vk.ru/id283780361;422397933;https://vk.ru/id422397933
283922767;https://vk.ru/id283922767;422397933;https://vk.ru/id422397933
283962272;https://vk.ru/id283962272;422397933;https://vk.ru/id422397933
284222219;https://vk.ru/id284222219;422397933;https://vk.ru/id422397933
284518750;https://vk.ru/id284518750;422397933;https://vk.ru/id422397933
284583831;https://vk.ru/id284583831;422397933;https://vk.ru/id422397933
284697859;https://vk.ru/id284697859;422397933;https://vk.ru/id422397933
285195828;https://vk.ru/id285195828;422397933;https://vk.ru/id422397933
285199847;https://vk.ru/id285199847;422397933;https://vk.ru/id422397933
285518720;https://vk.ru/id285518720;422397933;https://vk.ru/id422397933
286061279;https://vk.ru/id286061279;422397933;https://vk.ru/id422397933
286087324;https://vk.ru/id286087324;422397933;https://vk.ru/id422397933
286288768;https://vk.ru/id286288768;422397933;https://vk.ru/id422397933
286314540;https://vk.ru/id286314540;422397933;https://vk.ru/id422397933
286323399;https://vk.ru/id286323399;422397933;https://vk.ru/id422397933
286396617;https://vk.ru/id286396617;422397933;https://vk.ru/id422397933
286412859;https://vk.ru/id286412859;422397933;https://vk.ru/id422397933
286428735;https://vk.ru/id286428735;422397933;https://vk.ru/id422397933
286638665;https://vk.ru/id286638665;422397933;https://vk.ru/id422397933
286877958;https://vk.ru/id286877958;422397933;https://vk.ru/id422397933
287239186;https://vk.ru/id287239186;422397933;https://vk.ru/id422397933
287258997;https://vk.ru/id287258997;422397933;https://vk.ru/id422397933
287365362;https://vk.ru/id287365362;422397933;https://vk.ru/id422397933
287603126;https://vk.ru/id287603126;422397933;https://vk.ru/id422397933
287610502;https://vk.ru/id287610502;422397933;https://vk.ru/id422397933
287622460;https://vk.ru/id287622460;422397933;https://vk.ru/id422397933
287712889;https://vk.ru/id287712889;422397933;https://vk.ru/id422397933
287818063;https://vk.ru/id287818063;422397933;https://vk.ru/id422397933
287892283;https://vk.ru/id287892283;422397933;https://vk.ru/id422397933
288275574;https://vk.ru/id288275574;422397933;https://vk.ru/id422397933
288325285;https://vk.ru/id288325285;422397933;https://vk.ru/id422397933
288413974;https://vk.ru/id288413974;422397933;https://vk.ru/id422397933
288491155;https://vk.ru/id288491155;422397933;https://vk.ru/id422397933
288526707;https://vk.ru/id288526707;422397933;https://vk.ru/id422397933
288652937;https://vk.ru/id288652937;422397933;https://vk.ru/id422397933
289112234;https://vk.ru/id289112234;422397933;https://vk.ru/id422397933
289168622;https://vk.ru/id289168622;422397933;https://vk.ru/id422397933
289228935;https://vk.ru/id289228935;422397933;https://vk.ru/id422397933
289259684;https://vk.ru/id289259684;422397933;https://vk.ru/id422397933
289368932;https://vk.ru/id289368932;422397933;https://vk.ru/id422397933
289675715;https://vk.ru/id289675715;422397933;https://vk.ru/id422397933
289791533;https://vk.ru/id289791533;422397933;https://vk.ru/id422397933
289831363;https://vk.ru/id289831363;422397933;https://vk.ru/id422397933
289860147;https://vk.ru/id289860147;422397933;https://vk.ru/id422397933
290319857;https://vk.ru/id290319857;422397933;https://vk.ru/id422397933
290331024;https://vk.ru/id290331024;422397933;https://vk.ru/id422397933
290812470;https://vk.ru/id290812470;422397933;https://vk.ru/id422397933
290973711;https://vk.ru/id290973711;422397933;https://vk.ru/id422397933
291235535;https://vk.ru/id291235535;422397933;https://vk.ru/id422397933
291256911;https://vk.ru/id291256911;422397933;https://vk.ru/id422397933
291629464;https://vk.ru/id291629464;422397933;https://vk.ru/id422397933
291642057;https://vk.ru/id291642057;422397933;https://vk.ru/id422397933
292085323;https://vk.ru/id292085323;422397933;https://vk.ru/id422397933
292099292;https://vk.ru/id292099292;422397933;https://vk.ru/id422397933
292143773;https://vk.ru/id292143773;422397933;https://vk.ru/id422397933
292175519;https://vk.ru/id292175519;422397933;https://vk.ru/id422397933
292346330;https://vk.ru/id292346330;422397933;https://vk.ru/id422397933
292464718;https://vk.ru/id292464718;422397933;https://vk.ru/id422397933
292624731;https://vk.ru/id292624731;422397933;https://vk.ru/id422397933
292677904;https://vk.ru/id292677904;422397933;https://vk.ru/id422397933
292763254;https://vk.ru/id292763254;422397933;https://vk.ru/id422397933
292789492;https://vk.ru/id292789492;422397933;https://vk.ru/id422397933
293304800;https://vk.ru/id293304800;422397933;https://vk.ru/id422397933
293474513;https://vk.ru/id293474513;422397933;https://vk.ru/id422397933
293751593;https://vk.ru/id293751593;422397933;https://vk.ru/id422397933
293806751;https://vk.ru/id293806751;422397933;https://vk.ru/id422397933
293878154;https://vk.ru/id293878154;422397933;https://vk.ru/id422397933
293999584;https://vk.ru/id293999584;422397933;https://vk.ru/id422397933
294073223;https://vk.ru/id294073223;422397933;https://vk.ru/id422397933
294241314;https://vk.ru/id294241314;422397933;https://vk.ru/id422397933
294291570;https://vk.ru/id294291570;422397933;https://vk.ru/id422397933
294456063;https://vk.ru/id294456063;422397933;https://vk.ru/id422397933
294485732;https://vk.ru/id294485732;422397933;https://vk.ru/id422397933
294637878;https://vk.ru/id294637878;422397933;https://vk.ru/id422397933
294644133;https://vk.ru/id294644133;422397933;https://vk.ru/id422397933
294677713;https://vk.ru/id294677713;422397933;https://vk.ru/id422397933
294722694;https://vk.ru/id294722694;422397933;https://vk.ru/id422397933
294979032;https://vk.ru/id294979032;422397933;https://vk.ru/id422397933
294994998;https://vk.ru/id294994998;422397933;https://vk.ru/id422397933
295318977;https://vk.ru/id295318977;422397933;https://vk.ru/id422397933
295517441;https://vk.ru/id295517441;422397933;https://vk.ru/id422397933
295523877;https://vk.ru/id295523877;422397933;https://vk.ru/id422397933
295856717;https://vk.ru/id295856717;422397933;https://vk.ru/id422397933
296160555;https://vk.ru/id296160555;422397933;https://vk.ru/id422397933
296331294;https://vk.ru/id296331294;422397933;https://vk.ru/id422397933
296352536;https://vk.ru/id296352536;422397933;https://vk.ru/id422397933
296397634;https://vk.ru/id296397634;422397933;https://vk.ru/id422397933
296473964;https://vk.ru/id296473964;422397933;https://vk.ru/id422397933
296485275;https://vk.ru/id296485275;422397933;https://vk.ru/id422397933
296500865;https://vk.ru/id296500865;422397933;https://vk.ru/id422397933
296687996;https://vk.ru/id296687996;422397933;https://vk.ru/id422397933
296717105;https://vk.ru/id296717105;422397933;https://vk.ru/id422397933
297096110;https://vk.ru/id297096110;422397933;https://vk.ru/id422397933
297118104;https://vk.ru/id297118104;422397933;https://vk.ru/id422397933
297410085;https://vk.ru/id297410085;422397933;https://vk.ru/id422397933
297437644;https://vk.ru/id297437644;422397933;https://vk.ru/id422397933
297443784;https://vk.ru/id297443784;422397933;https://vk.ru/id422397933
297659880;https://vk.ru/id297659880;422397933;https://vk.ru/id422397933
297695075;https://vk.ru/id297695075;422397933;https://vk.ru/id422397933
297758866;https://vk.ru/id297758866;422397933;https://vk.ru/id422397933
297765008;https://vk.ru/id297765008;422397933;https://vk.ru/id422397933
297817515;https://vk.ru/id297817515;422397933;https://vk.ru/id422397933
298048725;https://vk.ru/id298048725;422397933;https://vk.ru/id422397933
298070226;https://vk.ru/id298070226;422397933;https://vk.ru/id422397933
298139347;https://vk.ru/id298139347;422397933;https://vk.ru/id422397933
299280352;https://vk.ru/id299280352;422397933;https://vk.ru/id422397933
299366868;https://vk.ru/id299366868;422397933;https://vk.ru/id422397933
299546359;https://vk.ru/id299546359;422397933;https://vk.ru/id422397933
299547783;https://vk.ru/id299547783;422397933;https://vk.ru/id422397933
299786690;https://vk.ru/id299786690;422397933;https://vk.ru/id422397933
299838624;https://vk.ru/id299838624;422397933;https://vk.ru/id422397933
299957810;https://vk.ru/id299957810;422397933;https://vk.ru/id422397933
300261030;https://vk.ru/id300261030;422397933;https://vk.ru/id422397933
300524500;https://vk.ru/id300524500;422397933;https://vk.ru/id422397933
300538497;https://vk.ru/id300538497;422397933;https://vk.ru/id422397933
300590664;https://vk.ru/id300590664;422397933;https://vk.ru/id422397933
300616094;https://vk.ru/id300616094;422397933;https://vk.ru/id422397933
300642235;https://vk.ru/id300642235;422397933;https://vk.ru/id422397933
300645383;https://vk.ru/id300645383;422397933;https://vk.ru/id422397933
300670505;https://vk.ru/id300670505;422397933;https://vk.ru/id422397933
300688771;https://vk.ru/id300688771;422397933;https://vk.ru/id422397933
300800978;https://vk.ru/id300800978;422397933;https://vk.ru/id422397933
301202965;https://vk.ru/id301202965;422397933;https://vk.ru/id422397933
301319835;https://vk.ru/id301319835;422397933;https://vk.ru/id422397933
301509942;https://vk.ru/id301509942;422397933;https://vk.ru/id422397933
301511246;https://vk.ru/id301511246;422397933;https://vk.ru/id422397933
301640351;https://vk.ru/id301640351;422397933;https://vk.ru/id422397933
301748117;https://vk.ru/id301748117;422397933;https://vk.ru/id422397933
301770055;https://vk.ru/id301770055;422397933;https://vk.ru/id422397933
301876303;https://vk.ru/id301876303;422397933;https://vk.ru/id422397933
301911898;https://vk.ru/id301911898;422397933;https://vk.ru/id422397933
302012873;https://vk.ru/id302012873;422397933;https://vk.ru/id422397933
302336314;https://vk.ru/id302336314;422397933;https://vk.ru/id422397933
302424308;https://vk.ru/id302424308;422397933;https://vk.ru/id422397933
302715585;https://vk.ru/id302715585;422397933;https://vk.ru/id422397933
302849833;https://vk.ru/id302849833;422397933;https://vk.ru/id422397933
302868341;https://vk.ru/id302868341;422397933;https://vk.ru/id422397933
302985067;https://vk.ru/id302985067;422397933;https://vk.ru/id422397933
303076504;https://vk.ru/id303076504;422397933;https://vk.ru/id422397933
303187309;https://vk.ru/id303187309;422397933;https://vk.ru/id422397933
303209321;https://vk.ru/id303209321;422397933;https://vk.ru/id422397933
303317181;https://vk.ru/id303317181;422397933;https://vk.ru/id422397933
303371974;https://vk.ru/id303371974;422397933;https://vk.ru/id422397933
303411007;https://vk.ru/id303411007;422397933;https://vk.ru/id422397933
303458995;https://vk.ru/id303458995;422397933;https://vk.ru/id422397933
303486140;https://vk.ru/id303486140;422397933;https://vk.ru/id422397933
303651239;https://vk.ru/id303651239;422397933;https://vk.ru/id422397933
303776379;https://vk.ru/id303776379;422397933;https://vk.ru/id422397933
303920706;https://vk.ru/id303920706;422397933;https://vk.ru/id422397933
303943716;https://vk.ru/id303943716;422397933;https://vk.ru/id422397933
304185129;https://vk.ru/id304185129;422397933;https://vk.ru/id422397933
304236357;https://vk.ru/id304236357;422397933;https://vk.ru/id422397933
304253122;https://vk.ru/id304253122;422397933;https://vk.ru/id422397933
304341710;https://vk.ru/id304341710;422397933;https://vk.ru/id422397933
304578465;https://vk.ru/id304578465;422397933;https://vk.ru/id422397933
304604908;https://vk.ru/id304604908;422397933;https://vk.ru/id422397933
304709021;https://vk.ru/id304709021;422397933;https://vk.ru/id422397933
304942001;https://vk.ru/id304942001;422397933;https://vk.ru/id422397933
305241667;https://vk.ru/id305241667;422397933;https://vk.ru/id422397933
305307014;https://vk.ru/id305307014;422397933;https://vk.ru/id422397933
305854393;https://vk.ru/id305854393;422397933;https://vk.ru/id422397933
305876997;https://vk.ru/id305876997;422397933;https://vk.ru/id422397933
305882323;https://vk.ru/id305882323;422397933;https://vk.ru/id422397933
305897771;https://vk.ru/id305897771;422397933;https://vk.ru/id422397933
305958825;https://vk.ru/id305958825;422397933;https://vk.ru/id422397933
306022875;https://vk.ru/id306022875;422397933;https://vk.ru/id422397933
306129879;https://vk.ru/id306129879;422397933;https://vk.ru/id422397933
306179953;https://vk.ru/id306179953;422397933;https://vk.ru/id422397933
306188206;https://vk.ru/id306188206;422397933;https://vk.ru/id422397933
306687355;https://vk.ru/id306687355;422397933;https://vk.ru/id422397933
306774060;https://vk.ru/id306774060;422397933;https://vk.ru/id422397933
306896554;https://vk.ru/id306896554;422397933;https://vk.ru/id422397933
307173218;https://vk.ru/id307173218;422397933;https://vk.ru/id422397933
307236510;https://vk.ru/id307236510;422397933;https://vk.ru/id422397933
307287802;https://vk.ru/id307287802;422397933;https://vk.ru/id422397933
307291533;https://vk.ru/id307291533;422397933;https://vk.ru/id422397933
307294708;https://vk.ru/id307294708;422397933;https://vk.ru/id422397933
307353492;https://vk.ru/id307353492;422397933;https://vk.ru/id422397933
307499829;https://vk.ru/id307499829;422397933;https://vk.ru/id422397933
307717025;https://vk.ru/id307717025;422397933;https://vk.ru/id422397933
307863880;https://vk.ru/id307863880;422397933;https://vk.ru/id422397933
307864513;https://vk.ru/id307864513;422397933;https://vk.ru/id422397933
308009232;https://vk.ru/id308009232;422397933;https://vk.ru/id422397933
308179012;https://vk.ru/id308179012;422397933;https://vk.ru/id422397933
308281619;https://vk.ru/id308281619;422397933;https://vk.ru/id422397933
308834772;https://vk.ru/id308834772;422397933;https://vk.ru/id422397933
308977525;https://vk.ru/id308977525;422397933;https://vk.ru/id422397933
309244760;https://vk.ru/id309244760;422397933;https://vk.ru/id422397933
309285990;https://vk.ru/id309285990;422397933;https://vk.ru/id422397933
309424528;https://vk.ru/id309424528;422397933;https://vk.ru/id422397933
309822445;https://vk.ru/id309822445;422397933;https://vk.ru/id422397933
309931782;https://vk.ru/id309931782;422397933;https://vk.ru/id422397933
309964652;https://vk.ru/id309964652;422397933;https://vk.ru/id422397933
309989158;https://vk.ru/id309989158;422397933;https://vk.ru/id422397933
310067813;https://vk.ru/id310067813;422397933;https://vk.ru/id422397933
310195850;https://vk.ru/id310195850;422397933;https://vk.ru/id422397933
310303056;https://vk.ru/id310303056;422397933;https://vk.ru/id422397933
310329007;https://vk.ru/id310329007;422397933;https://vk.ru/id422397933
310668413;https://vk.ru/id310668413;422397933;https://vk.ru/id422397933
310719397;https://vk.ru/id310719397;422397933;https://vk.ru/id422397933
310914675;https://vk.ru/id310914675;422397933;https://vk.ru/id422397933
311307360;https://vk.ru/id311307360;422397933;https://vk.ru/id422397933
312092892;https://vk.ru/id312092892;422397933;https://vk.ru/id422397933
312191432;https://vk.ru/id312191432;422397933;https://vk.ru/id422397933
312439487;https://vk.ru/id312439487;422397933;https://vk.ru/id422397933
312529388;https://vk.ru/id312529388;422397933;https://vk.ru/id422397933
312798872;https://vk.ru/id312798872;422397933;https://vk.ru/id422397933
313342400;https://vk.ru/id313342400;422397933;https://vk.ru/id422397933
313392697;https://vk.ru/id313392697;422397933;https://vk.ru/id422397933
313582059;https://vk.ru/id313582059;422397933;https://vk.ru/id422397933
313629829;https://vk.ru/id313629829;422397933;https://vk.ru/id422397933
313632186;https://vk.ru/id313632186;422397933;https://vk.ru/id422397933
314270149;https://vk.ru/id314270149;422397933;https://vk.ru/id422397933
314525866;https://vk.ru/id314525866;422397933;https://vk.ru/id422397933
314654828;https://vk.ru/id314654828;422397933;https://vk.ru/id422397933
314764938;https://vk.ru/id314764938;422397933;https://vk.ru/id422397933
314865488;https://vk.ru/id314865488;422397933;https://vk.ru/id422397933
314944327;https://vk.ru/id314944327;422397933;https://vk.ru/id422397933
314975272;https://vk.ru/id314975272;422397933;https://vk.ru/id422397933
315016793;https://vk.ru/id315016793;422397933;https://vk.ru/id422397933
315286875;https://vk.ru/id315286875;422397933;https://vk.ru/id422397933
315561137;https://vk.ru/id315561137;422397933;https://vk.ru/id422397933
315747797;https://vk.ru/id315747797;422397933;https://vk.ru/id422397933
315901792;https://vk.ru/id315901792;422397933;https://vk.ru/id422397933
315980892;https://vk.ru/id315980892;422397933;https://vk.ru/id422397933
316277308;https://vk.ru/id316277308;422397933;https://vk.ru/id422397933
316298853;https://vk.ru/id316298853;422397933;https://vk.ru/id422397933
316415391;https://vk.ru/id316415391;422397933;https://vk.ru/id422397933
316422842;https://vk.ru/id316422842;422397933;https://vk.ru/id422397933
316458998;https://vk.ru/id316458998;422397933;https://vk.ru/id422397933
316798382;https://vk.ru/id316798382;422397933;https://vk.ru/id422397933
316872145;https://vk.ru/id316872145;422397933;https://vk.ru/id422397933
316960905;https://vk.ru/id316960905;422397933;https://vk.ru/id422397933
317371706;https://vk.ru/id317371706;422397933;https://vk.ru/id422397933
317684371;https://vk.ru/id317684371;422397933;https://vk.ru/id422397933
317874848;https://vk.ru/id317874848;422397933;https://vk.ru/id422397933
317891720;https://vk.ru/id317891720;422397933;https://vk.ru/id422397933
317993917;https://vk.ru/id317993917;422397933;https://vk.ru/id422397933
317998023;https://vk.ru/id317998023;422397933;https://vk.ru/id422397933
318022430;https://vk.ru/id318022430;422397933;https://vk.ru/id422397933
318247679;https://vk.ru/id318247679;422397933;https://vk.ru/id422397933
318768118;https://vk.ru/id318768118;422397933;https://vk.ru/id422397933
318865662;https://vk.ru/id318865662;422397933;https://vk.ru/id422397933
319139245;https://vk.ru/id319139245;422397933;https://vk.ru/id422397933
319600748;https://vk.ru/id319600748;422397933;https://vk.ru/id422397933
319875285;https://vk.ru/id319875285;422397933;https://vk.ru/id422397933
319922049;https://vk.ru/id319922049;422397933;https://vk.ru/id422397933
319978900;https://vk.ru/id319978900;422397933;https://vk.ru/id422397933
320132164;https://vk.ru/id320132164;422397933;https://vk.ru/id422397933
320164296;https://vk.ru/id320164296;422397933;https://vk.ru/id422397933
320303548;https://vk.ru/id320303548;422397933;https://vk.ru/id422397933
320478868;https://vk.ru/id320478868;422397933;https://vk.ru/id422397933
320735906;https://vk.ru/id320735906;422397933;https://vk.ru/id422397933
320800157;https://vk.ru/id320800157;422397933;https://vk.ru/id422397933
321293522;https://vk.ru/id321293522;422397933;https://vk.ru/id422397933
321357713;https://vk.ru/id321357713;422397933;https://vk.ru/id422397933
321367280;https://vk.ru/id321367280;422397933;https://vk.ru/id422397933
321502348;https://vk.ru/id321502348;422397933;https://vk.ru/id422397933
321608797;https://vk.ru/id321608797;422397933;https://vk.ru/id422397933
321760878;https://vk.ru/id321760878;422397933;https://vk.ru/id422397933
321768418;https://vk.ru/id321768418;422397933;https://vk.ru/id422397933
321805476;https://vk.ru/id321805476;422397933;https://vk.ru/id422397933
321844535;https://vk.ru/id321844535;422397933;https://vk.ru/id422397933
321964718;https://vk.ru/id321964718;422397933;https://vk.ru/id422397933
322029952;https://vk.ru/id322029952;422397933;https://vk.ru/id422397933
322318522;https://vk.ru/id322318522;422397933;https://vk.ru/id422397933
322379997;https://vk.ru/id322379997;422397933;https://vk.ru/id422397933
322593450;https://vk.ru/id322593450;422397933;https://vk.ru/id422397933
322709418;https://vk.ru/id322709418;422397933;https://vk.ru/id422397933
322902024;https://vk.ru/id322902024;422397933;https://vk.ru/id422397933
322975485;https://vk.ru/id322975485;422397933;https://vk.ru/id422397933
323033203;https://vk.ru/id323033203;422397933;https://vk.ru/id422397933
323045441;https://vk.ru/id323045441;422397933;https://vk.ru/id422397933
323086408;https://vk.ru/id323086408;422397933;https://vk.ru/id422397933
323203734;https://vk.ru/id323203734;422397933;https://vk.ru/id422397933
323240709;https://vk.ru/id323240709;422397933;https://vk.ru/id422397933
323278977;https://vk.ru/id323278977;422397933;https://vk.ru/id422397933
323399954;https://vk.ru/id323399954;422397933;https://vk.ru/id422397933
323423508;https://vk.ru/id323423508;422397933;https://vk.ru/id422397933
323512944;https://vk.ru/id323512944;422397933;https://vk.ru/id422397933
323580914;https://vk.ru/id323580914;422397933;https://vk.ru/id422397933
323732150;https://vk.ru/id323732150;422397933;https://vk.ru/id422397933
323899013;https://vk.ru/id323899013;422397933;https://vk.ru/id422397933
323901111;https://vk.ru/id323901111;422397933;https://vk.ru/id422397933
324320812;https://vk.ru/id324320812;422397933;https://vk.ru/id422397933
324322550;https://vk.ru/id324322550;422397933;https://vk.ru/id422397933
324329046;https://vk.ru/id324329046;422397933;https://vk.ru/id422397933
324500449;https://vk.ru/id324500449;422397933;https://vk.ru/id422397933
324646319;https://vk.ru/id324646319;422397933;https://vk.ru/id422397933
324734949;https://vk.ru/id324734949;422397933;https://vk.ru/id422397933
324789042;https://vk.ru/id324789042;422397933;https://vk.ru/id422397933
324907694;https://vk.ru/id324907694;422397933;https://vk.ru/id422397933
325181639;https://vk.ru/id325181639;422397933;https://vk.ru/id422397933
325334240;https://vk.ru/id325334240;422397933;https://vk.ru/id422397933
325454378;https://vk.ru/id325454378;422397933;https://vk.ru/id422397933
325807393;https://vk.ru/id325807393;422397933;https://vk.ru/id422397933
325864819;https://vk.ru/id325864819;422397933;https://vk.ru/id422397933
326064203;https://vk.ru/id326064203;422397933;https://vk.ru/id422397933
326201913;https://vk.ru/id326201913;422397933;https://vk.ru/id422397933
326380192;https://vk.ru/id326380192;422397933;https://vk.ru/id422397933
326605936;https://vk.ru/id326605936;422397933;https://vk.ru/id422397933
326657537;https://vk.ru/id326657537;422397933;https://vk.ru/id422397933
326796254;https://vk.ru/id326796254;422397933;https://vk.ru/id422397933
326824311;https://vk.ru/id326824311;422397933;https://vk.ru/id422397933
326869471;https://vk.ru/id326869471;422397933;https://vk.ru/id422397933
326872755;https://vk.ru/id326872755;422397933;https://vk.ru/id422397933
327028805;https://vk.ru/id327028805;422397933;https://vk.ru/id422397933
327109565;https://vk.ru/id327109565;422397933;https://vk.ru/id422397933
327171783;https://vk.ru/id327171783;422397933;https://vk.ru/id422397933
327427225;https://vk.ru/id327427225;422397933;https://vk.ru/id422397933
327481405;https://vk.ru/id327481405;422397933;https://vk.ru/id422397933
327517151;https://vk.ru/id327517151;422397933;https://vk.ru/id422397933
327576947;https://vk.ru/id327576947;422397933;https://vk.ru/id422397933
327584385;https://vk.ru/id327584385;422397933;https://vk.ru/id422397933
327667133;https://vk.ru/id327667133;422397933;https://vk.ru/id422397933
327669161;https://vk.ru/id327669161;422397933;https://vk.ru/id422397933
327676556;https://vk.ru/id327676556;422397933;https://vk.ru/id422397933
327928395;https://vk.ru/id327928395;422397933;https://vk.ru/id422397933
328123536;https://vk.ru/id328123536;422397933;https://vk.ru/id422397933
328245290;https://vk.ru/id328245290;422397933;https://vk.ru/id422397933
328612232;https://vk.ru/id328612232;422397933;https://vk.ru/id422397933
328755059;https://vk.ru/id328755059;422397933;https://vk.ru/id422397933
328989794;https://vk.ru/id328989794;422397933;https://vk.ru/id422397933
328995096;https://vk.ru/id328995096;422397933;https://vk.ru/id422397933
329081596;https://vk.ru/id329081596;422397933;https://vk.ru/id422397933
329100883;https://vk.ru/id329100883;422397933;https://vk.ru/id422397933
329230516;https://vk.ru/id329230516;422397933;https://vk.ru/id422397933
329352324;https://vk.ru/id329352324;422397933;https://vk.ru/id422397933
329574607;https://vk.ru/id329574607;422397933;https://vk.ru/id422397933
330014814;https://vk.ru/id330014814;422397933;https://vk.ru/id422397933
330127728;https://vk.ru/id330127728;422397933;https://vk.ru/id422397933
330174377;https://vk.ru/id330174377;422397933;https://vk.ru/id422397933
330287316;https://vk.ru/id330287316;422397933;https://vk.ru/id422397933
330586082;https://vk.ru/id330586082;422397933;https://vk.ru/id422397933
330595613;https://vk.ru/id330595613;422397933;https://vk.ru/id422397933
330766858;https://vk.ru/id330766858;422397933;https://vk.ru/id422397933
331017992;https://vk.ru/id331017992;422397933;https://vk.ru/id422397933
331295568;https://vk.ru/id331295568;422397933;https://vk.ru/id422397933
331502409;https://vk.ru/id331502409;422397933;https://vk.ru/id422397933
331695280;https://vk.ru/id331695280;422397933;https://vk.ru/id422397933
331701930;https://vk.ru/id331701930;422397933;https://vk.ru/id422397933
331849215;https://vk.ru/id331849215;422397933;https://vk.ru/id422397933
331997323;https://vk.ru/id331997323;422397933;https://vk.ru/id422397933
332417264;https://vk.ru/id332417264;422397933;https://vk.ru/id422397933
332605322;https://vk.ru/id332605322;422397933;https://vk.ru/id422397933
332828448;https://vk.ru/id332828448;422397933;https://vk.ru/id422397933
332858724;https://vk.ru/id332858724;422397933;https://vk.ru/id422397933
332923459;https://vk.ru/id332923459;422397933;https://vk.ru/id422397933
333399098;https://vk.ru/id333399098;422397933;https://vk.ru/id422397933
333557998;https://vk.ru/id333557998;422397933;https://vk.ru/id422397933
333602197;https://vk.ru/id333602197;422397933;https://vk.ru/id422397933
333606236;https://vk.ru/id333606236;422397933;https://vk.ru/id422397933
333703544;https://vk.ru/id333703544;422397933;https://vk.ru/id422397933
333798099;https://vk.ru/id333798099;422397933;https://vk.ru/id422397933
333917653;https://vk.ru/id333917653;422397933;https://vk.ru/id422397933
333944837;https://vk.ru/id333944837;422397933;https://vk.ru/id422397933
334050440;https://vk.ru/id334050440;422397933;https://vk.ru/id422397933
334157459;https://vk.ru/id334157459;422397933;https://vk.ru/id422397933
334198683;https://vk.ru/id334198683;422397933;https://vk.ru/id422397933
334248425;https://vk.ru/id334248425;422397933;https://vk.ru/id422397933
334286974;https://vk.ru/id334286974;422397933;https://vk.ru/id422397933
334605715;https://vk.ru/id334605715;422397933;https://vk.ru/id422397933
334644724;https://vk.ru/id334644724;422397933;https://vk.ru/id422397933
334696789;https://vk.ru/id334696789;422397933;https://vk.ru/id422397933
334702318;https://vk.ru/id334702318;422397933;https://vk.ru/id422397933
335156320;https://vk.ru/id335156320;422397933;https://vk.ru/id422397933
335262698;https://vk.ru/id335262698;422397933;https://vk.ru/id422397933
335295880;https://vk.ru/id335295880;422397933;https://vk.ru/id422397933
335304265;https://vk.ru/id335304265;422397933;https://vk.ru/id422397933
335570928;https://vk.ru/id335570928;422397933;https://vk.ru/id422397933
335730071;https://vk.ru/id335730071;422397933;https://vk.ru/id422397933
335789546;https://vk.ru/id335789546;422397933;https://vk.ru/id422397933
335836719;https://vk.ru/id335836719;422397933;https://vk.ru/id422397933
335892490;https://vk.ru/id335892490;422397933;https://vk.ru/id422397933
336030440;https://vk.ru/id336030440;422397933;https://vk.ru/id422397933
336437065;https://vk.ru/id336437065;422397933;https://vk.ru/id422397933
336440239;https://vk.ru/id336440239;422397933;https://vk.ru/id422397933
336567790;https://vk.ru/id336567790;422397933;https://vk.ru/id422397933
336611084;https://vk.ru/id336611084;422397933;https://vk.ru/id422397933
336825247;https://vk.ru/id336825247;422397933;https://vk.ru/id422397933
337099855;https://vk.ru/id337099855;422397933;https://vk.ru/id422397933
337110493;https://vk.ru/id337110493;422397933;https://vk.ru/id422397933
337158958;https://vk.ru/id337158958;422397933;https://vk.ru/id422397933
337208192;https://vk.ru/id337208192;422397933;https://vk.ru/id422397933
337784241;https://vk.ru/id337784241;422397933;https://vk.ru/id422397933
338282860;https://vk.ru/id338282860;422397933;https://vk.ru/id422397933
338352456;https://vk.ru/id338352456;422397933;https://vk.ru/id422397933
338355926;https://vk.ru/id338355926;422397933;https://vk.ru/id422397933
338500517;https://vk.ru/id338500517;422397933;https://vk.ru/id422397933
338528138;https://vk.ru/id338528138;422397933;https://vk.ru/id422397933
338567653;https://vk.ru/id338567653;422397933;https://vk.ru/id422397933
338582989;https://vk.ru/id338582989;422397933;https://vk.ru/id422397933
338586446;https://vk.ru/id338586446;422397933;https://vk.ru/id422397933
338708261;https://vk.ru/id338708261;422397933;https://vk.ru/id422397933
338849068;https://vk.ru/id338849068;422397933;https://vk.ru/id422397933
339023925;https://vk.ru/id339023925;422397933;https://vk.ru/id422397933
339121065;https://vk.ru/id339121065;422397933;https://vk.ru/id422397933
339221639;https://vk.ru/id339221639;422397933;https://vk.ru/id422397933
339460970;https://vk.ru/id339460970;422397933;https://vk.ru/id422397933
339809335;https://vk.ru/id339809335;422397933;https://vk.ru/id422397933
339850725;https://vk.ru/id339850725;422397933;https://vk.ru/id422397933
340120292;https://vk.ru/id340120292;422397933;https://vk.ru/id422397933
340182850;https://vk.ru/id340182850;422397933;https://vk.ru/id422397933
340377087;https://vk.ru/id340377087;422397933;https://vk.ru/id422397933
340628150;https://vk.ru/id340628150;422397933;https://vk.ru/id422397933
340920352;https://vk.ru/id340920352;422397933;https://vk.ru/id422397933
341069127;https://vk.ru/id341069127;422397933;https://vk.ru/id422397933
341083632;https://vk.ru/id341083632;422397933;https://vk.ru/id422397933
341085185;https://vk.ru/id341085185;422397933;https://vk.ru/id422397933
341278930;https://vk.ru/id341278930;422397933;https://vk.ru/id422397933
341309958;https://vk.ru/id341309958;422397933;https://vk.ru/id422397933
341349919;https://vk.ru/id341349919;422397933;https://vk.ru/id422397933
341438575;https://vk.ru/id341438575;422397933;https://vk.ru/id422397933
341833057;https://vk.ru/id341833057;422397933;https://vk.ru/id422397933
342532562;https://vk.ru/id342532562;422397933;https://vk.ru/id422397933
342666168;https://vk.ru/id342666168;422397933;https://vk.ru/id422397933
342745917;https://vk.ru/id342745917;422397933;https://vk.ru/id422397933
343001082;https://vk.ru/id343001082;422397933;https://vk.ru/id422397933
343159097;https://vk.ru/id343159097;422397933;https://vk.ru/id422397933
343366152;https://vk.ru/id343366152;422397933;https://vk.ru/id422397933
343491458;https://vk.ru/id343491458;422397933;https://vk.ru/id422397933
344122171;https://vk.ru/id344122171;422397933;https://vk.ru/id422397933
344206211;https://vk.ru/id344206211;422397933;https://vk.ru/id422397933
344476738;https://vk.ru/id344476738;422397933;https://vk.ru/id422397933
344478101;https://vk.ru/id344478101;422397933;https://vk.ru/id422397933
344705544;https://vk.ru/id344705544;422397933;https://vk.ru/id422397933
344930081;https://vk.ru/id344930081;422397933;https://vk.ru/id422397933
345076821;https://vk.ru/id345076821;422397933;https://vk.ru/id422397933
345232277;https://vk.ru/id345232277;422397933;https://vk.ru/id422397933
345294223;https://vk.ru/id345294223;422397933;https://vk.ru/id422397933
345414192;https://vk.ru/id345414192;422397933;https://vk.ru/id422397933
345630803;https://vk.ru/id345630803;422397933;https://vk.ru/id422397933
345652936;https://vk.ru/id345652936;422397933;https://vk.ru/id422397933
345818816;https://vk.ru/id345818816;422397933;https://vk.ru/id422397933
345823143;https://vk.ru/id345823143;422397933;https://vk.ru/id422397933
345857650;https://vk.ru/id345857650;422397933;https://vk.ru/id422397933
345958009;https://vk.ru/id345958009;422397933;https://vk.ru/id422397933
346191929;https://vk.ru/id346191929;422397933;https://vk.ru/id422397933
346351782;https://vk.ru/id346351782;422397933;https://vk.ru/id422397933
346399644;https://vk.ru/id346399644;422397933;https://vk.ru/id422397933
346494351;https://vk.ru/id346494351;422397933;https://vk.ru/id422397933
346498707;https://vk.ru/id346498707;422397933;https://vk.ru/id422397933
346847354;https://vk.ru/id346847354;422397933;https://vk.ru/id422397933
346864051;https://vk.ru/id346864051;422397933;https://vk.ru/id422397933
346867029;https://vk.ru/id346867029;422397933;https://vk.ru/id422397933
347505926;https://vk.ru/id347505926;422397933;https://vk.ru/id422397933
347587632;https://vk.ru/id347587632;422397933;https://vk.ru/id422397933
347958250;https://vk.ru/id347958250;422397933;https://vk.ru/id422397933
347964922;https://vk.ru/id347964922;422397933;https://vk.ru/id422397933
348614192;https://vk.ru/id348614192;422397933;https://vk.ru/id422397933
348968693;https://vk.ru/id348968693;422397933;https://vk.ru/id422397933
348987606;https://vk.ru/id348987606;422397933;https://vk.ru/id422397933
349116192;https://vk.ru/id349116192;422397933;https://vk.ru/id422397933
349193795;https://vk.ru/id349193795;422397933;https://vk.ru/id422397933
349382408;https://vk.ru/id349382408;422397933;https://vk.ru/id422397933
349475578;https://vk.ru/id349475578;422397933;https://vk.ru/id422397933
349531579;https://vk.ru/id349531579;422397933;https://vk.ru/id422397933
349599147;https://vk.ru/id349599147;422397933;https://vk.ru/id422397933
349667969;https://vk.ru/id349667969;422397933;https://vk.ru/id422397933
349777336;https://vk.ru/id349777336;422397933;https://vk.ru/id422397933
350009142;https://vk.ru/id350009142;422397933;https://vk.ru/id422397933
350521276;https://vk.ru/id350521276;422397933;https://vk.ru/id422397933
350526783;https://vk.ru/id350526783;422397933;https://vk.ru/id422397933
350715665;https://vk.ru/id350715665;422397933;https://vk.ru/id422397933
350941319;https://vk.ru/id350941319;422397933;https://vk.ru/id422397933
350946207;https://vk.ru/id350946207;422397933;https://vk.ru/id422397933
351353301;https://vk.ru/id351353301;422397933;https://vk.ru/id422397933
351384580;https://vk.ru/id351384580;422397933;https://vk.ru/id422397933
352102584;https://vk.ru/id352102584;422397933;https://vk.ru/id422397933
352136275;https://vk.ru/id352136275;422397933;https://vk.ru/id422397933
352364312;https://vk.ru/id352364312;422397933;https://vk.ru/id422397933
352425953;https://vk.ru/id352425953;422397933;https://vk.ru/id422397933
352595190;https://vk.ru/id352595190;422397933;https://vk.ru/id422397933
352672508;https://vk.ru/id352672508;422397933;https://vk.ru/id422397933
353008707;https://vk.ru/id353008707;422397933;https://vk.ru/id422397933
353126971;https://vk.ru/id353126971;422397933;https://vk.ru/id422397933
353307088;https://vk.ru/id353307088;422397933;https://vk.ru/id422397933
353597654;https://vk.ru/id353597654;422397933;https://vk.ru/id422397933
353887657;https://vk.ru/id353887657;422397933;https://vk.ru/id422397933
354013820;https://vk.ru/id354013820;422397933;https://vk.ru/id422397933
354213850;https://vk.ru/id354213850;422397933;https://vk.ru/id422397933
354217897;https://vk.ru/id354217897;422397933;https://vk.ru/id422397933
354271341;https://vk.ru/id354271341;422397933;https://vk.ru/id422397933
354746845;https://vk.ru/id354746845;422397933;https://vk.ru/id422397933
354926283;https://vk.ru/id354926283;422397933;https://vk.ru/id422397933
354929858;https://vk.ru/id354929858;422397933;https://vk.ru/id422397933
355098255;https://vk.ru/id355098255;422397933;https://vk.ru/id422397933
355338614;https://vk.ru/id355338614;422397933;https://vk.ru/id422397933
355368339;https://vk.ru/id355368339;422397933;https://vk.ru/id422397933
355488054;https://vk.ru/id355488054;422397933;https://vk.ru/id422397933
355520008;https://vk.ru/id355520008;422397933;https://vk.ru/id422397933
355651644;https://vk.ru/id355651644;422397933;https://vk.ru/id422397933
355749270;https://vk.ru/id355749270;422397933;https://vk.ru/id422397933
356198829;https://vk.ru/id356198829;422397933;https://vk.ru/id422397933
357004461;https://vk.ru/id357004461;422397933;https://vk.ru/id422397933
357111839;https://vk.ru/id357111839;422397933;https://vk.ru/id422397933
357200760;https://vk.ru/id357200760;422397933;https://vk.ru/id422397933
357233684;https://vk.ru/id357233684;422397933;https://vk.ru/id422397933
357383070;https://vk.ru/id357383070;422397933;https://vk.ru/id422397933
357408019;https://vk.ru/id357408019;422397933;https://vk.ru/id422397933
357468573;https://vk.ru/id357468573;422397933;https://vk.ru/id422397933
357548629;https://vk.ru/id357548629;422397933;https://vk.ru/id422397933
357666649;https://vk.ru/id357666649;422397933;https://vk.ru/id422397933
358193925;https://vk.ru/id358193925;422397933;https://vk.ru/id422397933
358278036;https://vk.ru/id358278036;422397933;https://vk.ru/id422397933
358311543;https://vk.ru/id358311543;422397933;https://vk.ru/id422397933
358812484;https://vk.ru/id358812484;422397933;https://vk.ru/id422397933
358843294;https://vk.ru/id358843294;422397933;https://vk.ru/id422397933
358983424;https://vk.ru/id358983424;422397933;https://vk.ru/id422397933
359178717;https://vk.ru/id359178717;422397933;https://vk.ru/id422397933
359188368;https://vk.ru/id359188368;422397933;https://vk.ru/id422397933
359364120;https://vk.ru/id359364120;422397933;https://vk.ru/id422397933
359450337;https://vk.ru/id359450337;422397933;https://vk.ru/id422397933
359588764;https://vk.ru/id359588764;422397933;https://vk.ru/id422397933
359959291;https://vk.ru/id359959291;422397933;https://vk.ru/id422397933
360067592;https://vk.ru/id360067592;422397933;https://vk.ru/id422397933
360187135;https://vk.ru/id360187135;422397933;https://vk.ru/id422397933
360390661;https://vk.ru/id360390661;422397933;https://vk.ru/id422397933
360398931;https://vk.ru/id360398931;422397933;https://vk.ru/id422397933
360419313;https://vk.ru/id360419313;422397933;https://vk.ru/id422397933
360636295;https://vk.ru/id360636295;422397933;https://vk.ru/id422397933
360682452;https://vk.ru/id360682452;422397933;https://vk.ru/id422397933
360697240;https://vk.ru/id360697240;422397933;https://vk.ru/id422397933
361075228;https://vk.ru/id361075228;422397933;https://vk.ru/id422397933
361089085;https://vk.ru/id361089085;422397933;https://vk.ru/id422397933
361093303;https://vk.ru/id361093303;422397933;https://vk.ru/id422397933
361139828;https://vk.ru/id361139828;422397933;https://vk.ru/id422397933
361191404;https://vk.ru/id361191404;422397933;https://vk.ru/id422397933
361223771;https://vk.ru/id361223771;422397933;https://vk.ru/id422397933
361538912;https://vk.ru/id361538912;422397933;https://vk.ru/id422397933
361550477;https://vk.ru/id361550477;422397933;https://vk.ru/id422397933
361728155;https://vk.ru/id361728155;422397933;https://vk.ru/id422397933
361951273;https://vk.ru/id361951273;422397933;https://vk.ru/id422397933
361974540;https://vk.ru/id361974540;422397933;https://vk.ru/id422397933
362173155;https://vk.ru/id362173155;422397933;https://vk.ru/id422397933
362191020;https://vk.ru/id362191020;422397933;https://vk.ru/id422397933
362441301;https://vk.ru/id362441301;422397933;https://vk.ru/id422397933
362484561;https://vk.ru/id362484561;422397933;https://vk.ru/id422397933
362507766;https://vk.ru/id362507766;422397933;https://vk.ru/id422397933
362749263;https://vk.ru/id362749263;422397933;https://vk.ru/id422397933
362843540;https://vk.ru/id362843540;422397933;https://vk.ru/id422397933
362908769;https://vk.ru/id362908769;422397933;https://vk.ru/id422397933
363023241;https://vk.ru/id363023241;422397933;https://vk.ru/id422397933
363050506;https://vk.ru/id363050506;422397933;https://vk.ru/id422397933
363087460;https://vk.ru/id363087460;422397933;https://vk.ru/id422397933
363175603;https://vk.ru/id363175603;422397933;https://vk.ru/id422397933
363225100;https://vk.ru/id363225100;422397933;https://vk.ru/id422397933
363546344;https://vk.ru/id363546344;422397933;https://vk.ru/id422397933
363590346;https://vk.ru/id363590346;422397933;https://vk.ru/id422397933
363597817;https://vk.ru/id363597817;422397933;https://vk.ru/id422397933
363717332;https://vk.ru/id363717332;422397933;https://vk.ru/id422397933
363907351;https://vk.ru/id363907351;422397933;https://vk.ru/id422397933
363966450;https://vk.ru/id363966450;422397933;https://vk.ru/id422397933
363993799;https://vk.ru/id363993799;422397933;https://vk.ru/id422397933
364006597;https://vk.ru/id364006597;422397933;https://vk.ru/id422397933
364404544;https://vk.ru/id364404544;422397933;https://vk.ru/id422397933
364956921;https://vk.ru/id364956921;422397933;https://vk.ru/id422397933
365320601;https://vk.ru/id365320601;422397933;https://vk.ru/id422397933
365387078;https://vk.ru/id365387078;422397933;https://vk.ru/id422397933
365582305;https://vk.ru/id365582305;422397933;https://vk.ru/id422397933
365789545;https://vk.ru/id365789545;422397933;https://vk.ru/id422397933
365827173;https://vk.ru/id365827173;422397933;https://vk.ru/id422397933
365929724;https://vk.ru/id365929724;422397933;https://vk.ru/id422397933
366133980;https://vk.ru/id366133980;422397933;https://vk.ru/id422397933
366523122;https://vk.ru/id366523122;422397933;https://vk.ru/id422397933
366581977;https://vk.ru/id366581977;422397933;https://vk.ru/id422397933
366719573;https://vk.ru/id366719573;422397933;https://vk.ru/id422397933
366725353;https://vk.ru/id366725353;422397933;https://vk.ru/id422397933
366924358;https://vk.ru/id366924358;422397933;https://vk.ru/id422397933
367087412;https://vk.ru/id367087412;422397933;https://vk.ru/id422397933
367148055;https://vk.ru/id367148055;422397933;https://vk.ru/id422397933
367190882;https://vk.ru/id367190882;422397933;https://vk.ru/id422397933
367233591;https://vk.ru/id367233591;422397933;https://vk.ru/id422397933
367349196;https://vk.ru/id367349196;422397933;https://vk.ru/id422397933
367389689;https://vk.ru/id367389689;422397933;https://vk.ru/id422397933
368096133;https://vk.ru/id368096133;422397933;https://vk.ru/id422397933
368209184;https://vk.ru/id368209184;422397933;https://vk.ru/id422397933
368418741;https://vk.ru/id368418741;422397933;https://vk.ru/id422397933
368538238;https://vk.ru/id368538238;422397933;https://vk.ru/id422397933
368771728;https://vk.ru/id368771728;422397933;https://vk.ru/id422397933
368951449;https://vk.ru/id368951449;422397933;https://vk.ru/id422397933
369061652;https://vk.ru/id369061652;422397933;https://vk.ru/id422397933
369066954;https://vk.ru/id369066954;422397933;https://vk.ru/id422397933
369080922;https://vk.ru/id369080922;422397933;https://vk.ru/id422397933
369202918;https://vk.ru/id369202918;422397933;https://vk.ru/id422397933
369992477;https://vk.ru/id369992477;422397933;https://vk.ru/id422397933
370187086;https://vk.ru/id370187086;422397933;https://vk.ru/id422397933
370301156;https://vk.ru/id370301156;422397933;https://vk.ru/id422397933
370370696;https://vk.ru/id370370696;422397933;https://vk.ru/id422397933
370714553;https://vk.ru/id370714553;422397933;https://vk.ru/id422397933
370727628;https://vk.ru/id370727628;422397933;https://vk.ru/id422397933
370818856;https://vk.ru/id370818856;422397933;https://vk.ru/id422397933
371004122;https://vk.ru/id371004122;422397933;https://vk.ru/id422397933
371199494;https://vk.ru/id371199494;422397933;https://vk.ru/id422397933
371281152;https://vk.ru/id371281152;422397933;https://vk.ru/id422397933
371334438;https://vk.ru/id371334438;422397933;https://vk.ru/id422397933
371471885;https://vk.ru/id371471885;422397933;https://vk.ru/id422397933
371582008;https://vk.ru/id371582008;422397933;https://vk.ru/id422397933
371602608;https://vk.ru/id371602608;422397933;https://vk.ru/id422397933
371716222;https://vk.ru/id371716222;422397933;https://vk.ru/id422397933
371725592;https://vk.ru/id371725592;422397933;https://vk.ru/id422397933
372129422;https://vk.ru/id372129422;422397933;https://vk.ru/id422397933
372330204;https://vk.ru/id372330204;422397933;https://vk.ru/id422397933
372418711;https://vk.ru/id372418711;422397933;https://vk.ru/id422397933
372698792;https://vk.ru/id372698792;422397933;https://vk.ru/id422397933
372721082;https://vk.ru/id372721082;422397933;https://vk.ru/id422397933
372838224;https://vk.ru/id372838224;422397933;https://vk.ru/id422397933
373039894;https://vk.ru/id373039894;422397933;https://vk.ru/id422397933
373112378;https://vk.ru/id373112378;422397933;https://vk.ru/id422397933
374126185;https://vk.ru/id374126185;422397933;https://vk.ru/id422397933
374221803;https://vk.ru/id374221803;422397933;https://vk.ru/id422397933
374521590;https://vk.ru/id374521590;422397933;https://vk.ru/id422397933
374887619;https://vk.ru/id374887619;422397933;https://vk.ru/id422397933
374895153;https://vk.ru/id374895153;422397933;https://vk.ru/id422397933
374899701;https://vk.ru/id374899701;422397933;https://vk.ru/id422397933
375109403;https://vk.ru/id375109403;422397933;https://vk.ru/id422397933
375699269;https://vk.ru/id375699269;422397933;https://vk.ru/id422397933
375931535;https://vk.ru/id375931535;422397933;https://vk.ru/id422397933
376040152;https://vk.ru/id376040152;422397933;https://vk.ru/id422397933
376183603;https://vk.ru/id376183603;422397933;https://vk.ru/id422397933
376288420;https://vk.ru/id376288420;422397933;https://vk.ru/id422397933
376303999;https://vk.ru/id376303999;422397933;https://vk.ru/id422397933
376461413;https://vk.ru/id376461413;422397933;https://vk.ru/id422397933
376901299;https://vk.ru/id376901299;422397933;https://vk.ru/id422397933
377112480;https://vk.ru/id377112480;422397933;https://vk.ru/id422397933
377333466;https://vk.ru/id377333466;422397933;https://vk.ru/id422397933
377424327;https://vk.ru/id377424327;422397933;https://vk.ru/id422397933
377493633;https://vk.ru/id377493633;422397933;https://vk.ru/id422397933
377598553;https://vk.ru/id377598553;422397933;https://vk.ru/id422397933
377824895;https://vk.ru/id377824895;422397933;https://vk.ru/id422397933
378188402;https://vk.ru/id378188402;422397933;https://vk.ru/id422397933
378233369;https://vk.ru/id378233369;422397933;https://vk.ru/id422397933
378436806;https://vk.ru/id378436806;422397933;https://vk.ru/id422397933
378595964;https://vk.ru/id378595964;422397933;https://vk.ru/id422397933
379290263;https://vk.ru/id379290263;422397933;https://vk.ru/id422397933
379376764;https://vk.ru/id379376764;422397933;https://vk.ru/id422397933
379437151;https://vk.ru/id379437151;422397933;https://vk.ru/id422397933
379674540;https://vk.ru/id379674540;422397933;https://vk.ru/id422397933
379792165;https://vk.ru/id379792165;422397933;https://vk.ru/id422397933
379834632;https://vk.ru/id379834632;422397933;https://vk.ru/id422397933
379886580;https://vk.ru/id379886580;422397933;https://vk.ru/id422397933
379944205;https://vk.ru/id379944205;422397933;https://vk.ru/id422397933
380312051;https://vk.ru/id380312051;422397933;https://vk.ru/id422397933
380354847;https://vk.ru/id380354847;422397933;https://vk.ru/id422397933
380379413;https://vk.ru/id380379413;422397933;https://vk.ru/id422397933
380415423;https://vk.ru/id380415423;422397933;https://vk.ru/id422397933
380578519;https://vk.ru/id380578519;422397933;https://vk.ru/id422397933
380947570;https://vk.ru/id380947570;422397933;https://vk.ru/id422397933
381375954;https://vk.ru/id381375954;422397933;https://vk.ru/id422397933
381471589;https://vk.ru/id381471589;422397933;https://vk.ru/id422397933
381478766;https://vk.ru/id381478766;422397933;https://vk.ru/id422397933
381485081;https://vk.ru/id381485081;422397933;https://vk.ru/id422397933
381597311;https://vk.ru/id381597311;422397933;https://vk.ru/id422397933
381816298;https://vk.ru/id381816298;422397933;https://vk.ru/id422397933
381826648;https://vk.ru/id381826648;422397933;https://vk.ru/id422397933
381850097;https://vk.ru/id381850097;422397933;https://vk.ru/id422397933
381858187;https://vk.ru/id381858187;422397933;https://vk.ru/id422397933
382156289;https://vk.ru/id382156289;422397933;https://vk.ru/id422397933
382162177;https://vk.ru/id382162177;422397933;https://vk.ru/id422397933
382224033;https://vk.ru/id382224033;422397933;https://vk.ru/id422397933
382236875;https://vk.ru/id382236875;422397933;https://vk.ru/id422397933
382352611;https://vk.ru/id382352611;422397933;https://vk.ru/id422397933
382458575;https://vk.ru/id382458575;422397933;https://vk.ru/id422397933
382542989;https://vk.ru/id382542989;422397933;https://vk.ru/id422397933
382636000;https://vk.ru/id382636000;422397933;https://vk.ru/id422397933
382795043;https://vk.ru/id382795043;422397933;https://vk.ru/id422397933
382813776;https://vk.ru/id382813776;422397933;https://vk.ru/id422397933
382854702;https://vk.ru/id382854702;422397933;https://vk.ru/id422397933
382889632;https://vk.ru/id382889632;422397933;https://vk.ru/id422397933
382917667;https://vk.ru/id382917667;422397933;https://vk.ru/id422397933
382996898;https://vk.ru/id382996898;422397933;https://vk.ru/id422397933
383317840;https://vk.ru/id383317840;422397933;https://vk.ru/id422397933
383375175;https://vk.ru/id383375175;422397933;https://vk.ru/id422397933
383520037;https://vk.ru/id383520037;422397933;https://vk.ru/id422397933
383524060;https://vk.ru/id383524060;422397933;https://vk.ru/id422397933
383672836;https://vk.ru/id383672836;422397933;https://vk.ru/id422397933
383781613;https://vk.ru/id383781613;422397933;https://vk.ru/id422397933
384152284;https://vk.ru/id384152284;422397933;https://vk.ru/id422397933
384162852;https://vk.ru/id384162852;422397933;https://vk.ru/id422397933
384189804;https://vk.ru/id384189804;422397933;https://vk.ru/id422397933
384201971;https://vk.ru/id384201971;422397933;https://vk.ru/id422397933
384531066;https://vk.ru/id384531066;422397933;https://vk.ru/id422397933
384537573;https://vk.ru/id384537573;422397933;https://vk.ru/id422397933
384646784;https://vk.ru/id384646784;422397933;https://vk.ru/id422397933
384742759;https://vk.ru/id384742759;422397933;https://vk.ru/id422397933
384825119;https://vk.ru/id384825119;422397933;https://vk.ru/id422397933
384876133;https://vk.ru/id384876133;422397933;https://vk.ru/id422397933
384933093;https://vk.ru/id384933093;422397933;https://vk.ru/id422397933
384939097;https://vk.ru/id384939097;422397933;https://vk.ru/id422397933
384970085;https://vk.ru/id384970085;422397933;https://vk.ru/id422397933
385076569;https://vk.ru/id385076569;422397933;https://vk.ru/id422397933
385342002;https://vk.ru/id385342002;422397933;https://vk.ru/id422397933
385375170;https://vk.ru/id385375170;422397933;https://vk.ru/id422397933
385904181;https://vk.ru/id385904181;422397933;https://vk.ru/id422397933
385906442;https://vk.ru/id385906442;422397933;https://vk.ru/id422397933
386431341;https://vk.ru/id386431341;422397933;https://vk.ru/id422397933
386510855;https://vk.ru/id386510855;422397933;https://vk.ru/id422397933
386780966;https://vk.ru/id386780966;422397933;https://vk.ru/id422397933
387101519;https://vk.ru/id387101519;422397933;https://vk.ru/id422397933
387159248;https://vk.ru/id387159248;422397933;https://vk.ru/id422397933
387168433;https://vk.ru/id387168433;422397933;https://vk.ru/id422397933
387169661;https://vk.ru/id387169661;422397933;https://vk.ru/id422397933
387445869;https://vk.ru/id387445869;422397933;https://vk.ru/id422397933
387618072;https://vk.ru/id387618072;422397933;https://vk.ru/id422397933
388001052;https://vk.ru/id388001052;422397933;https://vk.ru/id422397933
388004852;https://vk.ru/id388004852;422397933;https://vk.ru/id422397933
388016555;https://vk.ru/id388016555;422397933;https://vk.ru/id422397933
388035232;https://vk.ru/id388035232;422397933;https://vk.ru/id422397933
388051069;https://vk.ru/id388051069;422397933;https://vk.ru/id422397933
388061658;https://vk.ru/id388061658;422397933;https://vk.ru/id422397933
388123781;https://vk.ru/id388123781;422397933;https://vk.ru/id422397933
388243188;https://vk.ru/id388243188;422397933;https://vk.ru/id422397933
388356476;https://vk.ru/id388356476;422397933;https://vk.ru/id422397933
388362825;https://vk.ru/id388362825;422397933;https://vk.ru/id422397933
388798727;https://vk.ru/id388798727;422397933;https://vk.ru/id422397933
388969590;https://vk.ru/id388969590;422397933;https://vk.ru/id422397933
389052882;https://vk.ru/id389052882;422397933;https://vk.ru/id422397933
389134847;https://vk.ru/id389134847;422397933;https://vk.ru/id422397933
389309325;https://vk.ru/id389309325;422397933;https://vk.ru/id422397933
389415333;https://vk.ru/id389415333;422397933;https://vk.ru/id422397933
389434383;https://vk.ru/id389434383;422397933;https://vk.ru/id422397933
389517319;https://vk.ru/id389517319;422397933;https://vk.ru/id422397933
389995324;https://vk.ru/id389995324;422397933;https://vk.ru/id422397933
390000035;https://vk.ru/id390000035;422397933;https://vk.ru/id422397933
390424214;https://vk.ru/id390424214;422397933;https://vk.ru/id422397933
390579861;https://vk.ru/id390579861;422397933;https://vk.ru/id422397933
390606474;https://vk.ru/id390606474;422397933;https://vk.ru/id422397933
390711410;https://vk.ru/id390711410;422397933;https://vk.ru/id422397933
391444561;https://vk.ru/id391444561;422397933;https://vk.ru/id422397933
391685463;https://vk.ru/id391685463;422397933;https://vk.ru/id422397933
391741418;https://vk.ru/id391741418;422397933;https://vk.ru/id422397933
391915908;https://vk.ru/id391915908;422397933;https://vk.ru/id422397933
391961529;https://vk.ru/id391961529;422397933;https://vk.ru/id422397933
392011096;https://vk.ru/id392011096;422397933;https://vk.ru/id422397933
392036474;https://vk.ru/id392036474;422397933;https://vk.ru/id422397933
392045378;https://vk.ru/id392045378;422397933;https://vk.ru/id422397933
392207174;https://vk.ru/id392207174;422397933;https://vk.ru/id422397933
392364761;https://vk.ru/id392364761;422397933;https://vk.ru/id422397933
392397189;https://vk.ru/id392397189;422397933;https://vk.ru/id422397933
392407079;https://vk.ru/id392407079;422397933;https://vk.ru/id422397933
392547964;https://vk.ru/id392547964;422397933;https://vk.ru/id422397933
392594168;https://vk.ru/id392594168;422397933;https://vk.ru/id422397933
392645937;https://vk.ru/id392645937;422397933;https://vk.ru/id422397933
392923667;https://vk.ru/id392923667;422397933;https://vk.ru/id422397933
392948516;https://vk.ru/id392948516;422397933;https://vk.ru/id422397933
393062259;https://vk.ru/id393062259;422397933;https://vk.ru/id422397933
393624266;https://vk.ru/id393624266;422397933;https://vk.ru/id422397933
393685998;https://vk.ru/id393685998;422397933;https://vk.ru/id422397933
393737666;https://vk.ru/id393737666;422397933;https://vk.ru/id422397933
394333138;https://vk.ru/id394333138;422397933;https://vk.ru/id422397933
394596340;https://vk.ru/id394596340;422397933;https://vk.ru/id422397933
394853956;https://vk.ru/id394853956;422397933;https://vk.ru/id422397933
394895502;https://vk.ru/id394895502;422397933;https://vk.ru/id422397933
395088474;https://vk.ru/id395088474;422397933;https://vk.ru/id422397933
395138132;https://vk.ru/id395138132;422397933;https://vk.ru/id422397933
395309426;https://vk.ru/id395309426;422397933;https://vk.ru/id422397933
395355356;https://vk.ru/id395355356;422397933;https://vk.ru/id422397933
395399887;https://vk.ru/id395399887;422397933;https://vk.ru/id422397933
395742089;https://vk.ru/id395742089;422397933;https://vk.ru/id422397933
395767106;https://vk.ru/id395767106;422397933;https://vk.ru/id422397933
396009107;https://vk.ru/id396009107;422397933;https://vk.ru/id422397933
396036002;https://vk.ru/id396036002;422397933;https://vk.ru/id422397933
396202409;https://vk.ru/id396202409;422397933;https://vk.ru/id422397933
396472584;https://vk.ru/id396472584;422397933;https://vk.ru/id422397933
396879218;https://vk.ru/id396879218;422397933;https://vk.ru/id422397933
396923394;https://vk.ru/id396923394;422397933;https://vk.ru/id422397933
396938768;https://vk.ru/id396938768;422397933;https://vk.ru/id422397933
396979427;https://vk.ru/id396979427;422397933;https://vk.ru/id422397933
398282689;https://vk.ru/id398282689;422397933;https://vk.ru/id422397933
398512915;https://vk.ru/id398512915;422397933;https://vk.ru/id422397933
398862375;https://vk.ru/id398862375;422397933;https://vk.ru/id422397933
398970408;https://vk.ru/id398970408;422397933;https://vk.ru/id422397933
399442263;https://vk.ru/id399442263;422397933;https://vk.ru/id422397933
399923940;https://vk.ru/id399923940;422397933;https://vk.ru/id422397933
400337349;https://vk.ru/id400337349;422397933;https://vk.ru/id422397933
400347654;https://vk.ru/id400347654;422397933;https://vk.ru/id422397933
400416523;https://vk.ru/id400416523;422397933;https://vk.ru/id422397933
400444636;https://vk.ru/id400444636;422397933;https://vk.ru/id422397933
400574932;https://vk.ru/id400574932;422397933;https://vk.ru/id422397933
400653893;https://vk.ru/id400653893;422397933;https://vk.ru/id422397933
400724291;https://vk.ru/id400724291;422397933;https://vk.ru/id422397933
401184797;https://vk.ru/id401184797;422397933;https://vk.ru/id422397933
401271109;https://vk.ru/id401271109;422397933;https://vk.ru/id422397933
401543823;https://vk.ru/id401543823;422397933;https://vk.ru/id422397933
401566165;https://vk.ru/id401566165;422397933;https://vk.ru/id422397933
401608517;https://vk.ru/id401608517;422397933;https://vk.ru/id422397933
401634931;https://vk.ru/id401634931;422397933;https://vk.ru/id422397933
402240976;https://vk.ru/id402240976;422397933;https://vk.ru/id422397933
402312264;https://vk.ru/id402312264;422397933;https://vk.ru/id422397933
402572960;https://vk.ru/id402572960;422397933;https://vk.ru/id422397933
402972774;https://vk.ru/id402972774;422397933;https://vk.ru/id422397933
402985309;https://vk.ru/id402985309;422397933;https://vk.ru/id422397933
402988411;https://vk.ru/id402988411;422397933;https://vk.ru/id422397933
402989587;https://vk.ru/id402989587;422397933;https://vk.ru/id422397933
403281876;https://vk.ru/id403281876;422397933;https://vk.ru/id422397933
403307024;https://vk.ru/id403307024;422397933;https://vk.ru/id422397933
403435211;https://vk.ru/id403435211;422397933;https://vk.ru/id422397933
403454613;https://vk.ru/id403454613;422397933;https://vk.ru/id422397933
403622373;https://vk.ru/id403622373;422397933;https://vk.ru/id422397933
403868809;https://vk.ru/id403868809;422397933;https://vk.ru/id422397933
403985883;https://vk.ru/id403985883;422397933;https://vk.ru/id422397933
404239796;https://vk.ru/id404239796;422397933;https://vk.ru/id422397933
404317765;https://vk.ru/id404317765;422397933;https://vk.ru/id422397933
404640623;https://vk.ru/id404640623;422397933;https://vk.ru/id422397933
404651016;https://vk.ru/id404651016;422397933;https://vk.ru/id422397933
404671490;https://vk.ru/id404671490;422397933;https://vk.ru/id422397933
404782311;https://vk.ru/id404782311;422397933;https://vk.ru/id422397933
405127921;https://vk.ru/id405127921;422397933;https://vk.ru/id422397933
405764711;https://vk.ru/id405764711;422397933;https://vk.ru/id422397933
405922389;https://vk.ru/id405922389;422397933;https://vk.ru/id422397933
406025027;https://vk.ru/id406025027;422397933;https://vk.ru/id422397933
406302124;https://vk.ru/id406302124;422397933;https://vk.ru/id422397933
406324913;https://vk.ru/id406324913;422397933;https://vk.ru/id422397933
406631332;https://vk.ru/id406631332;422397933;https://vk.ru/id422397933
406825812;https://vk.ru/id406825812;422397933;https://vk.ru/id422397933
407043405;https://vk.ru/id407043405;422397933;https://vk.ru/id422397933
407381645;https://vk.ru/id407381645;422397933;https://vk.ru/id422397933
407724521;https://vk.ru/id407724521;422397933;https://vk.ru/id422397933
407815386;https://vk.ru/id407815386;422397933;https://vk.ru/id422397933
407817251;https://vk.ru/id407817251;422397933;https://vk.ru/id422397933
408252178;https://vk.ru/id408252178;422397933;https://vk.ru/id422397933
408430665;https://vk.ru/id408430665;422397933;https://vk.ru/id422397933
408492029;https://vk.ru/id408492029;422397933;https://vk.ru/id422397933
408718274;https://vk.ru/id408718274;422397933;https://vk.ru/id422397933
408929678;https://vk.ru/id408929678;422397933;https://vk.ru/id422397933
409630511;https://vk.ru/id409630511;422397933;https://vk.ru/id422397933
409778573;https://vk.ru/id409778573;422397933;https://vk.ru/id422397933
410365918;https://vk.ru/id410365918;422397933;https://vk.ru/id422397933
410472515;https://vk.ru/id410472515;422397933;https://vk.ru/id422397933
410603598;https://vk.ru/id410603598;422397933;https://vk.ru/id422397933
410609772;https://vk.ru/id410609772;422397933;https://vk.ru/id422397933
410718738;https://vk.ru/id410718738;422397933;https://vk.ru/id422397933
410720947;https://vk.ru/id410720947;422397933;https://vk.ru/id422397933
411095200;https://vk.ru/id411095200;422397933;https://vk.ru/id422397933
411198297;https://vk.ru/id411198297;422397933;https://vk.ru/id422397933
411493406;https://vk.ru/id411493406;422397933;https://vk.ru/id422397933
411909304;https://vk.ru/id411909304;422397933;https://vk.ru/id422397933
412514029;https://vk.ru/id412514029;422397933;https://vk.ru/id422397933
412646494;https://vk.ru/id412646494;422397933;https://vk.ru/id422397933
412710882;https://vk.ru/id412710882;422397933;https://vk.ru/id422397933
413115492;https://vk.ru/id413115492;422397933;https://vk.ru/id422397933
413700100;https://vk.ru/id413700100;422397933;https://vk.ru/id422397933
413943731;https://vk.ru/id413943731;422397933;https://vk.ru/id422397933
414092759;https://vk.ru/id414092759;422397933;https://vk.ru/id422397933
414200830;https://vk.ru/id414200830;422397933;https://vk.ru/id422397933
414586053;https://vk.ru/id414586053;422397933;https://vk.ru/id422397933
414885122;https://vk.ru/id414885122;422397933;https://vk.ru/id422397933
415038630;https://vk.ru/id415038630;422397933;https://vk.ru/id422397933
415455621;https://vk.ru/id415455621;422397933;https://vk.ru/id422397933
415644346;https://vk.ru/id415644346;422397933;https://vk.ru/id422397933
415754877;https://vk.ru/id415754877;422397933;https://vk.ru/id422397933
416004172;https://vk.ru/id416004172;422397933;https://vk.ru/id422397933
416098395;https://vk.ru/id416098395;422397933;https://vk.ru/id422397933
416140269;https://vk.ru/id416140269;422397933;https://vk.ru/id422397933
416437380;https://vk.ru/id416437380;422397933;https://vk.ru/id422397933
416534589;https://vk.ru/id416534589;422397933;https://vk.ru/id422397933
416656836;https://vk.ru/id416656836;422397933;https://vk.ru/id422397933
416758239;https://vk.ru/id416758239;422397933;https://vk.ru/id422397933
416854713;https://vk.ru/id416854713;422397933;https://vk.ru/id422397933
418121217;https://vk.ru/id418121217;422397933;https://vk.ru/id422397933
418325470;https://vk.ru/id418325470;422397933;https://vk.ru/id422397933
418390639;https://vk.ru/id418390639;422397933;https://vk.ru/id422397933
418414651;https://vk.ru/id418414651;422397933;https://vk.ru/id422397933
418565371;https://vk.ru/id418565371;422397933;https://vk.ru/id422397933
418624816;https://vk.ru/id418624816;422397933;https://vk.ru/id422397933
419160912;https://vk.ru/id419160912;422397933;https://vk.ru/id422397933
419168599;https://vk.ru/id419168599;422397933;https://vk.ru/id422397933
419328900;https://vk.ru/id419328900;422397933;https://vk.ru/id422397933
419383656;https://vk.ru/id419383656;422397933;https://vk.ru/id422397933
419429943;https://vk.ru/id419429943;422397933;https://vk.ru/id422397933
419562092;https://vk.ru/id419562092;422397933;https://vk.ru/id422397933
419644661;https://vk.ru/id419644661;422397933;https://vk.ru/id422397933
419783089;https://vk.ru/id419783089;422397933;https://vk.ru/id422397933
419858248;https://vk.ru/id419858248;422397933;https://vk.ru/id422397933
420371463;https://vk.ru/id420371463;422397933;https://vk.ru/id422397933
420377103;https://vk.ru/id420377103;422397933;https://vk.ru/id422397933
420469291;https://vk.ru/id420469291;422397933;https://vk.ru/id422397933
420897740;https://vk.ru/id420897740;422397933;https://vk.ru/id422397933
421298403;https://vk.ru/id421298403;422397933;https://vk.ru/id422397933
422145962;https://vk.ru/id422145962;422397933;https://vk.ru/id422397933
422692551;https://vk.ru/id422692551;422397933;https://vk.ru/id422397933
422798055;https://vk.ru/id422798055;422397933;https://vk.ru/id422397933
422925317;https://vk.ru/id422925317;422397933;https://vk.ru/id422397933
422965244;https://vk.ru/id422965244;422397933;https://vk.ru/id422397933
423010216;https://vk.ru/id423010216;422397933;https://vk.ru/id422397933
423106024;https://vk.ru/id423106024;422397933;https://vk.ru/id422397933
423162453;https://vk.ru/id423162453;422397933;https://vk.ru/id422397933
423583962;https://vk.ru/id423583962;422397933;https://vk.ru/id422397933
423598104;https://vk.ru/id423598104;422397933;https://vk.ru/id422397933
423769153;https://vk.ru/id423769153;422397933;https://vk.ru/id422397933
423855685;https://vk.ru/id423855685;422397933;https://vk.ru/id422397933
423935509;https://vk.ru/id423935509;422397933;https://vk.ru/id422397933
424774497;https://vk.ru/id424774497;422397933;https://vk.ru/id422397933
425112837;https://vk.ru/id425112837;422397933;https://vk.ru/id422397933
425162483;https://vk.ru/id425162483;422397933;https://vk.ru/id422397933
425274516;https://vk.ru/id425274516;422397933;https://vk.ru/id422397933
425278649;https://vk.ru/id425278649;422397933;https://vk.ru/id422397933
425382019;https://vk.ru/id425382019;422397933;https://vk.ru/id422397933
425473391;https://vk.ru/id425473391;422397933;https://vk.ru/id422397933
425553131;https://vk.ru/id425553131;422397933;https://vk.ru/id422397933
426538221;https://vk.ru/id426538221;422397933;https://vk.ru/id422397933
426545950;https://vk.ru/id426545950;422397933;https://vk.ru/id422397933
426623973;https://vk.ru/id426623973;422397933;https://vk.ru/id422397933
426786026;https://vk.ru/id426786026;422397933;https://vk.ru/id422397933
426803396;https://vk.ru/id426803396;422397933;https://vk.ru/id422397933
426872630;https://vk.ru/id426872630;422397933;https://vk.ru/id422397933
426968398;https://vk.ru/id426968398;422397933;https://vk.ru/id422397933
427550045;https://vk.ru/id427550045;422397933;https://vk.ru/id422397933
427703346;https://vk.ru/id427703346;422397933;https://vk.ru/id422397933
428148331;https://vk.ru/id428148331;422397933;https://vk.ru/id422397933
428237057;https://vk.ru/id428237057;422397933;https://vk.ru/id422397933
428259851;https://vk.ru/id428259851;422397933;https://vk.ru/id422397933
428604680;https://vk.ru/id428604680;422397933;https://vk.ru/id422397933
428898841;https://vk.ru/id428898841;422397933;https://vk.ru/id422397933
429070209;https://vk.ru/id429070209;422397933;https://vk.ru/id422397933
429077732;https://vk.ru/id429077732;422397933;https://vk.ru/id422397933
429453834;https://vk.ru/id429453834;422397933;https://vk.ru/id422397933
429986323;https://vk.ru/id429986323;422397933;https://vk.ru/id422397933
430010251;https://vk.ru/id430010251;422397933;https://vk.ru/id422397933
430401239;https://vk.ru/id430401239;422397933;https://vk.ru/id422397933
430537276;https://vk.ru/id430537276;422397933;https://vk.ru/id422397933
430689643;https://vk.ru/id430689643;422397933;https://vk.ru/id422397933
430813481;https://vk.ru/id430813481;422397933;https://vk.ru/id422397933
430989386;https://vk.ru/id430989386;422397933;https://vk.ru/id422397933
431034293;https://vk.ru/id431034293;422397933;https://vk.ru/id422397933
431037294;https://vk.ru/id431037294;422397933;https://vk.ru/id422397933
431213434;https://vk.ru/id431213434;422397933;https://vk.ru/id422397933
431248641;https://vk.ru/id431248641;422397933;https://vk.ru/id422397933
431253342;https://vk.ru/id431253342;422397933;https://vk.ru/id422397933
431295961;https://vk.ru/id431295961;422397933;https://vk.ru/id422397933
431393732;https://vk.ru/id431393732;422397933;https://vk.ru/id422397933
431420430;https://vk.ru/id431420430;422397933;https://vk.ru/id422397933
431475798;https://vk.ru/id431475798;422397933;https://vk.ru/id422397933
431484177;https://vk.ru/id431484177;422397933;https://vk.ru/id422397933
431890809;https://vk.ru/id431890809;422397933;https://vk.ru/id422397933
432287397;https://vk.ru/id432287397;422397933;https://vk.ru/id422397933
432306189;https://vk.ru/id432306189;422397933;https://vk.ru/id422397933
432432257;https://vk.ru/id432432257;422397933;https://vk.ru/id422397933
432456969;https://vk.ru/id432456969;422397933;https://vk.ru/id422397933
432497294;https://vk.ru/id432497294;422397933;https://vk.ru/id422397933
432748468;https://vk.ru/id432748468;422397933;https://vk.ru/id422397933
432783486;https://vk.ru/id432783486;422397933;https://vk.ru/id422397933
432942157;https://vk.ru/id432942157;422397933;https://vk.ru/id422397933
433030547;https://vk.ru/id433030547;422397933;https://vk.ru/id422397933
433131968;https://vk.ru/id433131968;422397933;https://vk.ru/id422397933
433237975;https://vk.ru/id433237975;422397933;https://vk.ru/id422397933
433598813;https://vk.ru/id433598813;422397933;https://vk.ru/id422397933
433704953;https://vk.ru/id433704953;422397933;https://vk.ru/id422397933
434495056;https://vk.ru/id434495056;422397933;https://vk.ru/id422397933
434963380;https://vk.ru/id434963380;422397933;https://vk.ru/id422397933
434975745;https://vk.ru/id434975745;422397933;https://vk.ru/id422397933
435019410;https://vk.ru/id435019410;422397933;https://vk.ru/id422397933
435165313;https://vk.ru/id435165313;422397933;https://vk.ru/id422397933
435415834;https://vk.ru/id435415834;422397933;https://vk.ru/id422397933
435663435;https://vk.ru/id435663435;422397933;https://vk.ru/id422397933
436099940;https://vk.ru/id436099940;422397933;https://vk.ru/id422397933
436225614;https://vk.ru/id436225614;422397933;https://vk.ru/id422397933
436794145;https://vk.ru/id436794145;422397933;https://vk.ru/id422397933
436862294;https://vk.ru/id436862294;422397933;https://vk.ru/id422397933
436869309;https://vk.ru/id436869309;422397933;https://vk.ru/id422397933
436956266;https://vk.ru/id436956266;422397933;https://vk.ru/id422397933
437013768;https://vk.ru/id437013768;422397933;https://vk.ru/id422397933
437124031;https://vk.ru/id437124031;422397933;https://vk.ru/id422397933
437278847;https://vk.ru/id437278847;422397933;https://vk.ru/id422397933
437283728;https://vk.ru/id437283728;422397933;https://vk.ru/id422397933
437474057;https://vk.ru/id437474057;422397933;https://vk.ru/id422397933
437894769;https://vk.ru/id437894769;422397933;https://vk.ru/id422397933
438175029;https://vk.ru/id438175029;422397933;https://vk.ru/id422397933
438805975;https://vk.ru/id438805975;422397933;https://vk.ru/id422397933
438818642;https://vk.ru/id438818642;422397933;https://vk.ru/id422397933
439124809;https://vk.ru/id439124809;422397933;https://vk.ru/id422397933
439138389;https://vk.ru/id439138389;422397933;https://vk.ru/id422397933
439231220;https://vk.ru/id439231220;422397933;https://vk.ru/id422397933
439276499;https://vk.ru/id439276499;422397933;https://vk.ru/id422397933
439382586;https://vk.ru/id439382586;422397933;https://vk.ru/id422397933
439559868;https://vk.ru/id439559868;422397933;https://vk.ru/id422397933
439956912;https://vk.ru/id439956912;422397933;https://vk.ru/id422397933
440166970;https://vk.ru/id440166970;422397933;https://vk.ru/id422397933
440435886;https://vk.ru/id440435886;422397933;https://vk.ru/id422397933
441397508;https://vk.ru/id441397508;422397933;https://vk.ru/id422397933
441736661;https://vk.ru/id441736661;422397933;https://vk.ru/id422397933
441764283;https://vk.ru/id441764283;422397933;https://vk.ru/id422397933
441815894;https://vk.ru/id441815894;422397933;https://vk.ru/id422397933
442077484;https://vk.ru/id442077484;422397933;https://vk.ru/id422397933
442167323;https://vk.ru/id442167323;422397933;https://vk.ru/id422397933
442428670;https://vk.ru/id442428670;422397933;https://vk.ru/id422397933
442527224;https://vk.ru/id442527224;422397933;https://vk.ru/id422397933
442656952;https://vk.ru/id442656952;422397933;https://vk.ru/id422397933
442665690;https://vk.ru/id442665690;422397933;https://vk.ru/id422397933
442746255;https://vk.ru/id442746255;422397933;https://vk.ru/id422397933
442844350;https://vk.ru/id442844350;422397933;https://vk.ru/id422397933
442914244;https://vk.ru/id442914244;422397933;https://vk.ru/id422397933
443374252;https://vk.ru/id443374252;422397933;https://vk.ru/id422397933
443681549;https://vk.ru/id443681549;422397933;https://vk.ru/id422397933
444086451;https://vk.ru/id444086451;422397933;https://vk.ru/id422397933
444118434;https://vk.ru/id444118434;422397933;https://vk.ru/id422397933
444159600;https://vk.ru/id444159600;422397933;https://vk.ru/id422397933
444270227;https://vk.ru/id444270227;422397933;https://vk.ru/id422397933
444313227;https://vk.ru/id444313227;422397933;https://vk.ru/id422397933
444417771;https://vk.ru/id444417771;422397933;https://vk.ru/id422397933
444425207;https://vk.ru/id444425207;422397933;https://vk.ru/id422397933
444479846;https://vk.ru/id444479846;422397933;https://vk.ru/id422397933
444501782;https://vk.ru/id444501782;422397933;https://vk.ru/id422397933
444502836;https://vk.ru/id444502836;422397933;https://vk.ru/id422397933
444827717;https://vk.ru/id444827717;422397933;https://vk.ru/id422397933
444881485;https://vk.ru/id444881485;422397933;https://vk.ru/id422397933
445025962;https://vk.ru/id445025962;422397933;https://vk.ru/id422397933
445137448;https://vk.ru/id445137448;422397933;https://vk.ru/id422397933
445141936;https://vk.ru/id445141936;422397933;https://vk.ru/id422397933
445503291;https://vk.ru/id445503291;422397933;https://vk.ru/id422397933
446411707;https://vk.ru/id446411707;422397933;https://vk.ru/id422397933
446520368;https://vk.ru/id446520368;422397933;https://vk.ru/id422397933
446987947;https://vk.ru/id446987947;422397933;https://vk.ru/id422397933
447032205;https://vk.ru/id447032205;422397933;https://vk.ru/id422397933
447038877;https://vk.ru/id447038877;422397933;https://vk.ru/id422397933
447263423;https://vk.ru/id447263423;422397933;https://vk.ru/id422397933
447271548;https://vk.ru/id447271548;422397933;https://vk.ru/id422397933
447359808;https://vk.ru/id447359808;422397933;https://vk.ru/id422397933
447423811;https://vk.ru/id447423811;422397933;https://vk.ru/id422397933
447426269;https://vk.ru/id447426269;422397933;https://vk.ru/id422397933
447478683;https://vk.ru/id447478683;422397933;https://vk.ru/id422397933
447669548;https://vk.ru/id447669548;422397933;https://vk.ru/id422397933
447778997;https://vk.ru/id447778997;422397933;https://vk.ru/id422397933
448000482;https://vk.ru/id448000482;422397933;https://vk.ru/id422397933
448356485;https://vk.ru/id448356485;422397933;https://vk.ru/id422397933
448648887;https://vk.ru/id448648887;422397933;https://vk.ru/id422397933
448729801;https://vk.ru/id448729801;422397933;https://vk.ru/id422397933
448795378;https://vk.ru/id448795378;422397933;https://vk.ru/id422397933
448813072;https://vk.ru/id448813072;422397933;https://vk.ru/id422397933
448979184;https://vk.ru/id448979184;422397933;https://vk.ru/id422397933
449082118;https://vk.ru/id449082118;422397933;https://vk.ru/id422397933
449143079;https://vk.ru/id449143079;422397933;https://vk.ru/id422397933
449194295;https://vk.ru/id449194295;422397933;https://vk.ru/id422397933
449232067;https://vk.ru/id449232067;422397933;https://vk.ru/id422397933
449279978;https://vk.ru/id449279978;422397933;https://vk.ru/id422397933
449359431;https://vk.ru/id449359431;422397933;https://vk.ru/id422397933
449559084;https://vk.ru/id449559084;422397933;https://vk.ru/id422397933
449823506;https://vk.ru/id449823506;422397933;https://vk.ru/id422397933
449830886;https://vk.ru/id449830886;422397933;https://vk.ru/id422397933
450044270;https://vk.ru/id450044270;422397933;https://vk.ru/id422397933
450135957;https://vk.ru/id450135957;422397933;https://vk.ru/id422397933
450201465;https://vk.ru/id450201465;422397933;https://vk.ru/id422397933
450281098;https://vk.ru/id450281098;422397933;https://vk.ru/id422397933
450381687;https://vk.ru/id450381687;422397933;https://vk.ru/id422397933
451169821;https://vk.ru/id451169821;422397933;https://vk.ru/id422397933
451199467;https://vk.ru/id451199467;422397933;https://vk.ru/id422397933
451255961;https://vk.ru/id451255961;422397933;https://vk.ru/id422397933
451358593;https://vk.ru/id451358593;422397933;https://vk.ru/id422397933
451423043;https://vk.ru/id451423043;422397933;https://vk.ru/id422397933
451587415;https://vk.ru/id451587415;422397933;https://vk.ru/id422397933
451733760;https://vk.ru/id451733760;422397933;https://vk.ru/id422397933
452018227;https://vk.ru/id452018227;422397933;https://vk.ru/id422397933
452554309;https://vk.ru/id452554309;422397933;https://vk.ru/id422397933
452757010;https://vk.ru/id452757010;422397933;https://vk.ru/id422397933
452877510;https://vk.ru/id452877510;422397933;https://vk.ru/id422397933
453071119;https://vk.ru/id453071119;422397933;https://vk.ru/id422397933
453693005;https://vk.ru/id453693005;422397933;https://vk.ru/id422397933
454029955;https://vk.ru/id454029955;422397933;https://vk.ru/id422397933
454160118;https://vk.ru/id454160118;422397933;https://vk.ru/id422397933
454722144;https://vk.ru/id454722144;422397933;https://vk.ru/id422397933
454837344;https://vk.ru/id454837344;422397933;https://vk.ru/id422397933
454889399;https://vk.ru/id454889399;422397933;https://vk.ru/id422397933
455153649;https://vk.ru/id455153649;422397933;https://vk.ru/id422397933
455157390;https://vk.ru/id455157390;422397933;https://vk.ru/id422397933
455250639;https://vk.ru/id455250639;422397933;https://vk.ru/id422397933
455293745;https://vk.ru/id455293745;422397933;https://vk.ru/id422397933
455298938;https://vk.ru/id455298938;422397933;https://vk.ru/id422397933
455319067;https://vk.ru/id455319067;422397933;https://vk.ru/id422397933
455359175;https://vk.ru/id455359175;422397933;https://vk.ru/id422397933
455915722;https://vk.ru/id455915722;422397933;https://vk.ru/id422397933
456139874;https://vk.ru/id456139874;422397933;https://vk.ru/id422397933
456300579;https://vk.ru/id456300579;422397933;https://vk.ru/id422397933
456316826;https://vk.ru/id456316826;422397933;https://vk.ru/id422397933
456494191;https://vk.ru/id456494191;422397933;https://vk.ru/id422397933
456576698;https://vk.ru/id456576698;422397933;https://vk.ru/id422397933
456661969;https://vk.ru/id456661969;422397933;https://vk.ru/id422397933
456673830;https://vk.ru/id456673830;422397933;https://vk.ru/id422397933
456845849;https://vk.ru/id456845849;422397933;https://vk.ru/id422397933
457387096;https://vk.ru/id457387096;422397933;https://vk.ru/id422397933
457503777;https://vk.ru/id457503777;422397933;https://vk.ru/id422397933
458419095;https://vk.ru/id458419095;422397933;https://vk.ru/id422397933
458606225;https://vk.ru/id458606225;422397933;https://vk.ru/id422397933
458826640;https://vk.ru/id458826640;422397933;https://vk.ru/id422397933
459068573;https://vk.ru/id459068573;422397933;https://vk.ru/id422397933
459339477;https://vk.ru/id459339477;422397933;https://vk.ru/id422397933
459343801;https://vk.ru/id459343801;422397933;https://vk.ru/id422397933
459765163;https://vk.ru/id459765163;422397933;https://vk.ru/id422397933
459843255;https://vk.ru/id459843255;422397933;https://vk.ru/id422397933
459866231;https://vk.ru/id459866231;422397933;https://vk.ru/id422397933
459966490;https://vk.ru/id459966490;422397933;https://vk.ru/id422397933
460123269;https://vk.ru/id460123269;422397933;https://vk.ru/id422397933
460521298;https://vk.ru/id460521298;422397933;https://vk.ru/id422397933
460547995;https://vk.ru/id460547995;422397933;https://vk.ru/id422397933
460565222;https://vk.ru/id460565222;422397933;https://vk.ru/id422397933
460589050;https://vk.ru/id460589050;422397933;https://vk.ru/id422397933
460841515;https://vk.ru/id460841515;422397933;https://vk.ru/id422397933
461118650;https://vk.ru/id461118650;422397933;https://vk.ru/id422397933
461451823;https://vk.ru/id461451823;422397933;https://vk.ru/id422397933
461972064;https://vk.ru/id461972064;422397933;https://vk.ru/id422397933
462528768;https://vk.ru/id462528768;422397933;https://vk.ru/id422397933
463017720;https://vk.ru/id463017720;422397933;https://vk.ru/id422397933
463262366;https://vk.ru/id463262366;422397933;https://vk.ru/id422397933
463553727;https://vk.ru/id463553727;422397933;https://vk.ru/id422397933
463751830;https://vk.ru/id463751830;422397933;https://vk.ru/id422397933
463911724;https://vk.ru/id463911724;422397933;https://vk.ru/id422397933
464060626;https://vk.ru/id464060626;422397933;https://vk.ru/id422397933
464102769;https://vk.ru/id464102769;422397933;https://vk.ru/id422397933
464110372;https://vk.ru/id464110372;422397933;https://vk.ru/id422397933
464158242;https://vk.ru/id464158242;422397933;https://vk.ru/id422397933
464814492;https://vk.ru/id464814492;422397933;https://vk.ru/id422397933
464836135;https://vk.ru/id464836135;422397933;https://vk.ru/id422397933
465345379;https://vk.ru/id465345379;422397933;https://vk.ru/id422397933
465526348;https://vk.ru/id465526348;422397933;https://vk.ru/id422397933
466124850;https://vk.ru/id466124850;422397933;https://vk.ru/id422397933
466486938;https://vk.ru/id466486938;422397933;https://vk.ru/id422397933
466672668;https://vk.ru/id466672668;422397933;https://vk.ru/id422397933
466756734;https://vk.ru/id466756734;422397933;https://vk.ru/id422397933
467122754;https://vk.ru/id467122754;422397933;https://vk.ru/id422397933
467160317;https://vk.ru/id467160317;422397933;https://vk.ru/id422397933
467297410;https://vk.ru/id467297410;422397933;https://vk.ru/id422397933
467327304;https://vk.ru/id467327304;422397933;https://vk.ru/id422397933
467430371;https://vk.ru/id467430371;422397933;https://vk.ru/id422397933
467475617;https://vk.ru/id467475617;422397933;https://vk.ru/id422397933
467537244;https://vk.ru/id467537244;422397933;https://vk.ru/id422397933
467545704;https://vk.ru/id467545704;422397933;https://vk.ru/id422397933
467590574;https://vk.ru/id467590574;422397933;https://vk.ru/id422397933
467711879;https://vk.ru/id467711879;422397933;https://vk.ru/id422397933
467771816;https://vk.ru/id467771816;422397933;https://vk.ru/id422397933
468413534;https://vk.ru/id468413534;422397933;https://vk.ru/id422397933
468419153;https://vk.ru/id468419153;422397933;https://vk.ru/id422397933
468529867;https://vk.ru/id468529867;422397933;https://vk.ru/id422397933
468610515;https://vk.ru/id468610515;422397933;https://vk.ru/id422397933
468695067;https://vk.ru/id468695067;422397933;https://vk.ru/id422397933
469264915;https://vk.ru/id469264915;422397933;https://vk.ru/id422397933
469423606;https://vk.ru/id469423606;422397933;https://vk.ru/id422397933
469433467;https://vk.ru/id469433467;422397933;https://vk.ru/id422397933
469463624;https://vk.ru/id469463624;422397933;https://vk.ru/id422397933
470317350;https://vk.ru/id470317350;422397933;https://vk.ru/id422397933
470525410;https://vk.ru/id470525410;422397933;https://vk.ru/id422397933
470895017;https://vk.ru/id470895017;422397933;https://vk.ru/id422397933
471230351;https://vk.ru/id471230351;422397933;https://vk.ru/id422397933
471860327;https://vk.ru/id471860327;422397933;https://vk.ru/id422397933
472057148;https://vk.ru/id472057148;422397933;https://vk.ru/id422397933
472176148;https://vk.ru/id472176148;422397933;https://vk.ru/id422397933
472235174;https://vk.ru/id472235174;422397933;https://vk.ru/id422397933
472295471;https://vk.ru/id472295471;422397933;https://vk.ru/id422397933
472905856;https://vk.ru/id472905856;422397933;https://vk.ru/id422397933
472961638;https://vk.ru/id472961638;422397933;https://vk.ru/id422397933
473308851;https://vk.ru/id473308851;422397933;https://vk.ru/id422397933
473310524;https://vk.ru/id473310524;422397933;https://vk.ru/id422397933
473616188;https://vk.ru/id473616188;422397933;https://vk.ru/id422397933
473937251;https://vk.ru/id473937251;422397933;https://vk.ru/id422397933
474022254;https://vk.ru/id474022254;422397933;https://vk.ru/id422397933
474028231;https://vk.ru/id474028231;422397933;https://vk.ru/id422397933
474277871;https://vk.ru/id474277871;422397933;https://vk.ru/id422397933
474517374;https://vk.ru/id474517374;422397933;https://vk.ru/id422397933
475058568;https://vk.ru/id475058568;422397933;https://vk.ru/id422397933
475214177;https://vk.ru/id475214177;422397933;https://vk.ru/id422397933
475256351;https://vk.ru/id475256351;422397933;https://vk.ru/id422397933
475381365;https://vk.ru/id475381365;422397933;https://vk.ru/id422397933
475499876;https://vk.ru/id475499876;422397933;https://vk.ru/id422397933
475557709;https://vk.ru/id475557709;422397933;https://vk.ru/id422397933
475562314;https://vk.ru/id475562314;422397933;https://vk.ru/id422397933
475571915;https://vk.ru/id475571915;422397933;https://vk.ru/id422397933
475766004;https://vk.ru/id475766004;422397933;https://vk.ru/id422397933
475811547;https://vk.ru/id475811547;422397933;https://vk.ru/id422397933
475980230;https://vk.ru/id475980230;422397933;https://vk.ru/id422397933
475991501;https://vk.ru/id475991501;422397933;https://vk.ru/id422397933
476170709;https://vk.ru/id476170709;422397933;https://vk.ru/id422397933
476221950;https://vk.ru/id476221950;422397933;https://vk.ru/id422397933
476363079;https://vk.ru/id476363079;422397933;https://vk.ru/id422397933
476904159;https://vk.ru/id476904159;422397933;https://vk.ru/id422397933
477261543;https://vk.ru/id477261543;422397933;https://vk.ru/id422397933
477262428;https://vk.ru/id477262428;422397933;https://vk.ru/id422397933
477359329;https://vk.ru/id477359329;422397933;https://vk.ru/id422397933
477412363;https://vk.ru/id477412363;422397933;https://vk.ru/id422397933
477451381;https://vk.ru/id477451381;422397933;https://vk.ru/id422397933
477708479;https://vk.ru/id477708479;422397933;https://vk.ru/id422397933
477855227;https://vk.ru/id477855227;422397933;https://vk.ru/id422397933
477858546;https://vk.ru/id477858546;422397933;https://vk.ru/id422397933
478217390;https://vk.ru/id478217390;422397933;https://vk.ru/id422397933
478353966;https://vk.ru/id478353966;422397933;https://vk.ru/id422397933
478447842;https://vk.ru/id478447842;422397933;https://vk.ru/id422397933
478641067;https://vk.ru/id478641067;422397933;https://vk.ru/id422397933
478774484;https://vk.ru/id478774484;422397933;https://vk.ru/id422397933
479088080;https://vk.ru/id479088080;422397933;https://vk.ru/id422397933
479101955;https://vk.ru/id479101955;422397933;https://vk.ru/id422397933
479135349;https://vk.ru/id479135349;422397933;https://vk.ru/id422397933
479148957;https://vk.ru/id479148957;422397933;https://vk.ru/id422397933
479338601;https://vk.ru/id479338601;422397933;https://vk.ru/id422397933
480046483;https://vk.ru/id480046483;422397933;https://vk.ru/id422397933
480293936;https://vk.ru/id480293936;422397933;https://vk.ru/id422397933
480318067;https://vk.ru/id480318067;422397933;https://vk.ru/id422397933
480362977;https://vk.ru/id480362977;422397933;https://vk.ru/id422397933
480447394;https://vk.ru/id480447394;422397933;https://vk.ru/id422397933
480878323;https://vk.ru/id480878323;422397933;https://vk.ru/id422397933
481022691;https://vk.ru/id481022691;422397933;https://vk.ru/id422397933
481134941;https://vk.ru/id481134941;422397933;https://vk.ru/id422397933
481320576;https://vk.ru/id481320576;422397933;https://vk.ru/id422397933
481340860;https://vk.ru/id481340860;422397933;https://vk.ru/id422397933
481690363;https://vk.ru/id481690363;422397933;https://vk.ru/id422397933
481792114;https://vk.ru/id481792114;422397933;https://vk.ru/id422397933
481793717;https://vk.ru/id481793717;422397933;https://vk.ru/id422397933
481884223;https://vk.ru/id481884223;422397933;https://vk.ru/id422397933
481922212;https://vk.ru/id481922212;422397933;https://vk.ru/id422397933
481991351;https://vk.ru/id481991351;422397933;https://vk.ru/id422397933
482018162;https://vk.ru/id482018162;422397933;https://vk.ru/id422397933
482136489;https://vk.ru/id482136489;422397933;https://vk.ru/id422397933
482179196;https://vk.ru/id482179196;422397933;https://vk.ru/id422397933
482231135;https://vk.ru/id482231135;422397933;https://vk.ru/id422397933
482319090;https://vk.ru/id482319090;422397933;https://vk.ru/id422397933
482478191;https://vk.ru/id482478191;422397933;https://vk.ru/id422397933
482715969;https://vk.ru/id482715969;422397933;https://vk.ru/id422397933
482752807;https://vk.ru/id482752807;422397933;https://vk.ru/id422397933
482895818;https://vk.ru/id482895818;422397933;https://vk.ru/id422397933
482984758;https://vk.ru/id482984758;422397933;https://vk.ru/id422397933
8724716;https://vk.ru/id8724716;708207289;https://vk.ru/id708207289
12079236;https://vk.ru/id12079236;708207289;https://vk.ru/id708207289
56230060;https://vk.ru/id56230060;708207289;https://vk.ru/id708207289
63612293;https://vk.ru/id63612293;708207289;https://vk.ru/id708207289
79507377;https://vk.ru/id79507377;708207289;https://vk.ru/id708207289
99975351;https://vk.ru/id99975351;708207289;https://vk.ru/id708207289
139899348;https://vk.ru/id139899348;708207289;https://vk.ru/id708207289
147403537;https://vk.ru/id147403537;708207289;https://vk.ru/id708207289
159219316;https://vk.ru/id159219316;708207289;https://vk.ru/id708207289
179105930;https://vk.ru/id179105930;708207289;https://vk.ru/id708207289
181941444;https://vk.ru/id181941444;708207289;https://vk.ru/id708207289
193583912;https://vk.ru/id193583912;708207289;https://vk.ru/id708207289
194436748;https://vk.ru/id194436748;708207289;https://vk.ru/id708207289
194971573;https://vk.ru/id194971573;708207289;https://vk.ru/id708207289
201350084;https://vk.ru/id201350084;708207289;https://vk.ru/id708207289
203721044;https://vk.ru/id203721044;708207289;https://vk.ru/id708207289
203769089;https://vk.ru/id203769089;708207289;https://vk.ru/id708207289
208373889;https://vk.ru/id208373889;708207289;https://vk.ru/id708207289
212633500;https://vk.ru/id212633500;708207289;https://vk.ru/id708207289
231663134;https://vk.ru/id231663134;708207289;https://vk.ru/id708207289
239696346;https://vk.ru/id239696346;708207289;https://vk.ru/id708207289
241345563;https://vk.ru/id241345563;708207289;https://vk.ru/id708207289
258915091;https://vk.ru/id258915091;708207289;https://vk.ru/id708207289
267842678;https://vk.ru/id267842678;708207289;https://vk.ru/id708207289
298538952;https://vk.ru/id298538952;708207289;https://vk.ru/id708207289
307144862;https://vk.ru/id307144862;708207289;https://vk.ru/id708207289
313130355;https://vk.ru/id313130355;708207289;https://vk.ru/id708207289
328781630;https://vk.ru/id328781630;708207289;https://vk.ru/id708207289
335390342;https://vk.ru/id335390342;708207289;https://vk.ru/id708207289
353153911;https://vk.ru/id353153911;708207289;https://vk.ru/id708207289
354271015;https://vk.ru/id354271015;708207289;https://vk.ru/id708207289
361418824;https://vk.ru/id361418824;708207289;https://vk.ru/id708207289
373147504;https://vk.ru/id373147504;708207289;https://vk.ru/id708207289
382186230;https://vk.ru/id382186230;708207289;https://vk.ru/id708207289
402130233;https://vk.ru/id402130233;708207289;https://vk.ru/id708207289
418871190;https://vk.ru/id418871190;708207289;https://vk.ru/id708207289
441425174;https://vk.ru/id441425174;708207289;https://vk.ru/id708207289
443622174;https://vk.ru/id443622174;708207289;https://vk.ru/id708207289
447774453;https://vk.ru/id447774453;708207289;https://vk.ru/id708207289
456741748;https://vk.ru/id456741748;708207289;https://vk.ru/id708207289
461956232;https://vk.ru/id461956232;708207289;https://vk.ru/id708207289
470596744;https://vk.ru/id470596744;708207289;https://vk.ru/id708207289
485832875;https://vk.ru/id485832875;708207289;https://vk.ru/id708207289
490785382;https://vk.ru/id490785382;708207289;https://vk.ru/id708207289
498253194;https://vk.ru/id498253194;708207289;https://vk.ru/id708207289
502915927;https://vk.ru/id502915927;708207289;https://vk.ru/id708207289
505305357;https://vk.ru/id505305357;708207289;https://vk.ru/id708207289
505331487;https://vk.ru/id505331487;708207289;https://vk.ru/id708207289
510554388;https://vk.ru/id510554388;708207289;https://vk.ru/id708207289
511325759;https://vk.ru/id511325759;708207289;https://vk.ru/id708207289
512972915;https://vk.ru/id512972915;708207289;https://vk.ru/id708207289
536844334;https://vk.ru/id536844334;708207289;https://vk.ru/id708207289
547172846;https://vk.ru/id547172846;708207289;https://vk.ru/id708207289
547912802;https://vk.ru/id547912802;708207289;https://vk.ru/id708207289
557165526;https://vk.ru/id557165526;708207289;https://vk.ru/id708207289
558565235;https://vk.ru/id558565235;708207289;https://vk.ru/id708207289
560023546;https://vk.ru/id560023546;708207289;https://vk.ru/id708207289
560031848;https://vk.ru/id560031848;708207289;https://vk.ru/id708207289
566406960;https://vk.ru/id566406960;708207289;https://vk.ru/id708207289
568787222;https://vk.ru/id568787222;708207289;https://vk.ru/id708207289
570549881;https://vk.ru/id570549881;708207289;https://vk.ru/id708207289
570803517;https://vk.ru/id570803517;708207289;https://vk.ru/id708207289
575451813;https://vk.ru/id575451813;708207289;https://vk.ru/id708207289
577083190;https://vk.ru/id577083190;708207289;https://vk.ru/id708207289
595749007;https://vk.ru/id595749007;708207289;https://vk.ru/id708207289
612772984;https://vk.ru/id612772984;708207289;https://vk.ru/id708207289
612992380;https://vk.ru/id612992380;708207289;https://vk.ru/id708207289
613095963;https://vk.ru/id613095963;708207289;https://vk.ru/id708207289
613192712;https://vk.ru/id613192712;708207289;https://vk.ru/id708207289
613514973;https://vk.ru/id613514973;708207289;https://vk.ru/id708207289
616211923;https://vk.ru/id616211923;708207289;https://vk.ru/id708207289
648499336;https://vk.ru/id648499336;708207289;https://vk.ru/id708207289
664170478;https://vk.ru/id664170478;708207289;https://vk.ru/id708207289
669321160;https://vk.ru/id669321160;708207289;https://vk.ru/id708207289
669495910;https://vk.ru/id669495910;708207289;https://vk.ru/id708207289
678819620;https://vk.ru/id678819620;708207289;https://vk.ru/id708207289
679059359;https://vk.ru/id679059359;708207289;https://vk.ru/id708207289
680194073;https://vk.ru/id680194073;708207289;https://vk.ru/id708207289
680277414;https://vk.ru/id680277414;708207289;https://vk.ru/id708207289
681881210;https://vk.ru/id681881210;708207289;https://vk.ru/id708207289
685402785;https://vk.ru/id685402785;708207289;https://vk.ru/id708207289
687323253;https://vk.ru/id687323253;708207289;https://vk.ru/id708207289
689221079;https://vk.ru/id689221079;708207289;https://vk.ru/id708207289
692322648;https://vk.ru/id692322648;708207289;https://vk.ru/id708207289
692547434;https://vk.ru/id692547434;708207289;https://vk.ru/id708207289
694082954;https://vk.ru/id694082954;708207289;https://vk.ru/id708207289
697147833;https://vk.ru/id697147833;708207289;https://vk.ru/id708207289
698381736;https://vk.ru/id698381736;708207289;https://vk.ru/id708207289
698712259;https://vk.ru/id698712259;708207289;https://vk.ru/id708207289
699214760;https://vk.ru/id699214760;708207289;https://vk.ru/id708207289
702322870;https://vk.ru/id702322870;708207289;https://vk.ru/id708207289
702951893;https://vk.ru/id702951893;708207289;https://vk.ru/id708207289
708803708;https://vk.ru/id708803708;708207289;https://vk.ru/id708207289
710221041;https://vk.ru/id710221041;708207289;https://vk.ru/id708207289
711911313;https://vk.ru/id711911313;708207289;https://vk.ru/id708207289
715452823;https://vk.ru/id715452823;708207289;https://vk.ru/id708207289
731657423;https://vk.ru/id731657423;708207289;https://vk.ru/id708207289
741810228;https://vk.ru/id741810228;708207289;https://vk.ru/id708207289
744363646;https://vk.ru/id744363646;708207289;https://vk.ru/id708207289
745982958;https://vk.ru/id745982958;708207289;https://vk.ru/id708207289
746714336;https://vk.ru/id746714336;708207289;https://vk.ru/id708207289
747038385;https://vk.ru/id747038385;708207289;https://vk.ru/id708207289
747581926;https://vk.ru/id747581926;708207289;https://vk.ru/id708207289
752974693;https://vk.ru/id752974693;708207289;https://vk.ru/id708207289
760943321;https://vk.ru/id760943321;708207289;https://vk.ru/id708207289
762961422;https://vk.ru/id762961422;708207289;https://vk.ru/id708207289
766476854;https://vk.ru/id766476854;708207289;https://vk.ru/id708207289
799240749;https://vk.ru/id799240749;708207289;https://vk.ru/id708207289
821312318;https://vk.ru/id821312318;708207289;https://vk.ru/id708207289
825808299;https://vk.ru/id825808299;708207289;https://vk.ru/id708207289
847787959;https://vk.ru/id847787959;708207289;https://vk.ru/id708207289
1571867;https://vk.ru/id1571867;354792455;https://vk.ru/id354792455
9871229;https://vk.ru/id9871229;354792455;https://vk.ru/id354792455
39338210;https://vk.ru/id39338210;354792455;https://vk.ru/id354792455
57176007;https://vk.ru/id57176007;354792455;https://vk.ru/id354792455
60571408;https://vk.ru/id60571408;354792455;https://vk.ru/id354792455
65216913;https://vk.ru/id65216913;354792455;https://vk.ru/id354792455
98420580;https://vk.ru/id98420580;354792455;https://vk.ru/id354792455
100363180;https://vk.ru/id100363180;354792455;https://vk.ru/id354792455
117907844;https://vk.ru/id117907844;354792455;https://vk.ru/id354792455
120458349;https://vk.ru/id120458349;354792455;https://vk.ru/id354792455
134521629;https://vk.ru/id134521629;354792455;https://vk.ru/id354792455
153819485;https://vk.ru/id153819485;354792455;https://vk.ru/id354792455
176511800;https://vk.ru/id176511800;354792455;https://vk.ru/id354792455
188628538;https://vk.ru/id188628538;354792455;https://vk.ru/id354792455
190172809;https://vk.ru/id190172809;354792455;https://vk.ru/id354792455
192309458;https://vk.ru/id192309458;354792455;https://vk.ru/id354792455
212447068;https://vk.ru/id212447068;354792455;https://vk.ru/id354792455
218178595;https://vk.ru/id218178595;354792455;https://vk.ru/id354792455
224836266;https://vk.ru/id224836266;354792455;https://vk.ru/id354792455
225409559;https://vk.ru/id225409559;354792455;https://vk.ru/id354792455
237420148;https://vk.ru/id237420148;354792455;https://vk.ru/id354792455
238565331;https://vk.ru/id238565331;354792455;https://vk.ru/id354792455
241970575;https://vk.ru/id241970575;354792455;https://vk.ru/id354792455
243218747;https://vk.ru/id243218747;354792455;https://vk.ru/id354792455
250028185;https://vk.ru/id250028185;354792455;https://vk.ru/id354792455
251109215;https://vk.ru/id251109215;354792455;https://vk.ru/id354792455
252796079;https://vk.ru/id252796079;354792455;https://vk.ru/id354792455
254879055;https://vk.ru/id254879055;354792455;https://vk.ru/id354792455
258586258;https://vk.ru/id258586258;354792455;https://vk.ru/id354792455
266898989;https://vk.ru/id266898989;354792455;https://vk.ru/id354792455
266915723;https://vk.ru/id266915723;354792455;https://vk.ru/id354792455
268280029;https://vk.ru/id268280029;354792455;https://vk.ru/id354792455
271073830;https://vk.ru/id271073830;354792455;https://vk.ru/id354792455
278508214;https://vk.ru/id278508214;354792455;https://vk.ru/id354792455
282511113;https://vk.ru/id282511113;354792455;https://vk.ru/id354792455
282987342;https://vk.ru/id282987342;354792455;https://vk.ru/id354792455
283622999;https://vk.ru/id283622999;354792455;https://vk.ru/id354792455
284148799;https://vk.ru/id284148799;354792455;https://vk.ru/id354792455
301491735;https://vk.ru/id301491735;354792455;https://vk.ru/id354792455
318195613;https://vk.ru/id318195613;354792455;https://vk.ru/id354792455
322709418;https://vk.ru/id322709418;354792455;https://vk.ru/id354792455
325840534;https://vk.ru/id325840534;354792455;https://vk.ru/id354792455
326604271;https://vk.ru/id326604271;354792455;https://vk.ru/id354792455
328699309;https://vk.ru/id328699309;354792455;https://vk.ru/id354792455
336304312;https://vk.ru/id336304312;354792455;https://vk.ru/id354792455
343267186;https://vk.ru/id343267186;354792455;https://vk.ru/id354792455
347306238;https://vk.ru/id347306238;354792455;https://vk.ru/id354792455
347763861;https://vk.ru/id347763861;354792455;https://vk.ru/id354792455
349286645;https://vk.ru/id349286645;354792455;https://vk.ru/id354792455
351681746;https://vk.ru/id351681746;354792455;https://vk.ru/id354792455
357111839;https://vk.ru/id357111839;354792455;https://vk.ru/id354792455
361814593;https://vk.ru/id361814593;354792455;https://vk.ru/id354792455
365402299;https://vk.ru/id365402299;354792455;https://vk.ru/id354792455
365929724;https://vk.ru/id365929724;354792455;https://vk.ru/id354792455
397020610;https://vk.ru/id397020610;354792455;https://vk.ru/id354792455
419276345;https://vk.ru/id419276345;354792455;https://vk.ru/id354792455
428475367;https://vk.ru/id428475367;354792455;https://vk.ru/id354792455
444235081;https://vk.ru/id444235081;354792455;https://vk.ru/id354792455
451750426;https://vk.ru/id451750426;354792455;https://vk.ru/id354792455
452887800;https://vk.ru/id452887800;354792455;https://vk.ru/id354792455
457036771;https://vk.ru/id457036771;354792455;https://vk.ru/id354792455
462021383;https://vk.ru/id462021383;354792455;https://vk.ru/id354792455
485706626;https://vk.ru/id485706626;354792455;https://vk.ru/id354792455
490881464;https://vk.ru/id490881464;354792455;https://vk.ru/id354792455
491189225;https://vk.ru/id491189225;354792455;https://vk.ru/id354792455
499542966;https://vk.ru/id499542966;354792455;https://vk.ru/id354792455
499702952;https://vk.ru/id499702952;354792455;https://vk.ru/id354792455
503958149;https://vk.ru/id503958149;354792455;https://vk.ru/id354792455
504899555;https://vk.ru/id504899555;354792455;https://vk.ru/id354792455
506179025;https://vk.ru/id506179025;354792455;https://vk.ru/id354792455
525083567;https://vk.ru/id525083567;354792455;https://vk.ru/id354792455
546694103;https://vk.ru/id546694103;354792455;https://vk.ru/id354792455
556240390;https://vk.ru/id556240390;354792455;https://vk.ru/id354792455
562519376;https://vk.ru/id562519376;354792455;https://vk.ru/id354792455
566609805;https://vk.ru/id566609805;354792455;https://vk.ru/id354792455
576488345;https://vk.ru/id576488345;354792455;https://vk.ru/id354792455
580210394;https://vk.ru/id580210394;354792455;https://vk.ru/id354792455
591377479;https://vk.ru/id591377479;354792455;https://vk.ru/id354792455
595440247;https://vk.ru/id595440247;354792455;https://vk.ru/id354792455
596119424;https://vk.ru/id596119424;354792455;https://vk.ru/id354792455
606923882;https://vk.ru/id606923882;354792455;https://vk.ru/id354792455
612388927;https://vk.ru/id612388927;354792455;https://vk.ru/id354792455
616435408;https://vk.ru/id616435408;354792455;https://vk.ru/id354792455
640923540;https://vk.ru/id640923540;354792455;https://vk.ru/id354792455
696929629;https://vk.ru/id696929629;354792455;https://vk.ru/id354792455
739352475;https://vk.ru/id739352475;354792455;https://vk.ru/id354792455
877624745;https://vk.ru/id877624745;354792455;https://vk.ru/id354792455
2371854;https://vk.ru/id2371854;437474057;https://vk.ru/id437474057
5077911;https://vk.ru/id5077911;437474057;https://vk.ru/id437474057
73896583;https://vk.ru/id73896583;437474057;https://vk.ru/id437474057
85899039;https://vk.ru/id85899039;437474057;https://vk.ru/id437474057
131942053;https://vk.ru/id131942053;437474057;https://vk.ru/id437474057
134333441;https://vk.ru/id134333441;437474057;https://vk.ru/id437474057
145885208;https://vk.ru/id145885208;437474057;https://vk.ru/id437474057
195428291;https://vk.ru/id195428291;437474057;https://vk.ru/id437474057
195588601;https://vk.ru/id195588601;437474057;https://vk.ru/id437474057
196550371;https://vk.ru/id196550371;437474057;https://vk.ru/id437474057
205419821;https://vk.ru/id205419821;437474057;https://vk.ru/id437474057
211706037;https://vk.ru/id211706037;437474057;https://vk.ru/id437474057
223589739;https://vk.ru/id223589739;437474057;https://vk.ru/id437474057
226749696;https://vk.ru/id226749696;437474057;https://vk.ru/id437474057
232525713;https://vk.ru/id232525713;437474057;https://vk.ru/id437474057
236434667;https://vk.ru/id236434667;437474057;https://vk.ru/id437474057
259418130;https://vk.ru/id259418130;437474057;https://vk.ru/id437474057
279934065;https://vk.ru/id279934065;437474057;https://vk.ru/id437474057
284697859;https://vk.ru/id284697859;437474057;https://vk.ru/id437474057
318247679;https://vk.ru/id318247679;437474057;https://vk.ru/id437474057
328430528;https://vk.ru/id328430528;437474057;https://vk.ru/id437474057
336687466;https://vk.ru/id336687466;437474057;https://vk.ru/id437474057
343336280;https://vk.ru/id343336280;437474057;https://vk.ru/id437474057
357597973;https://vk.ru/id357597973;437474057;https://vk.ru/id437474057
362660888;https://vk.ru/id362660888;437474057;https://vk.ru/id437474057
368209184;https://vk.ru/id368209184;437474057;https://vk.ru/id437474057
385505020;https://vk.ru/id385505020;437474057;https://vk.ru/id437474057
390041063;https://vk.ru/id390041063;437474057;https://vk.ru/id437474057
390606474;https://vk.ru/id390606474;437474057;https://vk.ru/id437474057
403435211;https://vk.ru/id403435211;437474057;https://vk.ru/id437474057
408223613;https://vk.ru/id408223613;437474057;https://vk.ru/id437474057
413851391;https://vk.ru/id413851391;437474057;https://vk.ru/id437474057
422397933;https://vk.ru/id422397933;437474057;https://vk.ru/id437474057
428604680;https://vk.ru/id428604680;437474057;https://vk.ru/id437474057
440505476;https://vk.ru/id440505476;437474057;https://vk.ru/id437474057
456300579;https://vk.ru/id456300579;437474057;https://vk.ru/id437474057
526799447;https://vk.ru/id526799447;437474057;https://vk.ru/id437474057
594926327;https://vk.ru/id594926327;437474057;https://vk.ru/id437474057
744735278;https://vk.ru/id744735278;437474057;https://vk.ru/id437474057
780867694;https://vk.ru/id780867694;437474057;https://vk.ru/id437474057
172231188;https://vk.ru/id172231188;229017385;https://vk.ru/id229017385
186238461;https://vk.ru/id186238461;229017385;https://vk.ru/id229017385
211597084;https://vk.ru/id211597084;229017385;https://vk.ru/id229017385
220928127;https://vk.ru/id220928127;229017385;https://vk.ru/id229017385
248696876;https://vk.ru/id248696876;229017385;https://vk.ru/id229017385
263041199;https://vk.ru/id263041199;229017385;https://vk.ru/id229017385
271301239;https://vk.ru/id271301239;229017385;https://vk.ru/id229017385
273623196;https://vk.ru/id273623196;229017385;https://vk.ru/id229017385
309414358;https://vk.ru/id309414358;229017385;https://vk.ru/id229017385
353043556;https://vk.ru/id353043556;229017385;https://vk.ru/id229017385
418935931;https://vk.ru/id418935931;229017385;https://vk.ru/id229017385
419960467;https://vk.ru/id419960467;229017385;https://vk.ru/id229017385
422397933;https://vk.ru/id422397933;229017385;https://vk.ru/id229017385
432167063;https://vk.ru/id432167063;229017385;https://vk.ru/id229017385
435338082;https://vk.ru/id435338082;229017385;https://vk.ru/id229017385
448356485;https://vk.ru/id448356485;229017385;https://vk.ru/id229017385
458349312;https://vk.ru/id458349312;229017385;https://vk.ru/id229017385
543629262;https://vk.ru/id543629262;229017385;https://vk.ru/id229017385
749168667;https://vk.ru/id749168667;229017385;https://vk.ru/id229017385
777182585;https://vk.ru/id777182585;229017385;https://vk.ru/id229017385
14049449;https://vk.ru/id14049449;133821410;https://vk.ru/id133821410
27287890;https://vk.ru/id27287890;133821410;https://vk.ru/id133821410
56455605;https://vk.ru/id56455605;133821410;https://vk.ru/id133821410
71565523;https://vk.ru/id71565523;133821410;https://vk.ru/id133821410
75809911;https://vk.ru/id75809911;133821410;https://vk.ru/id133821410
120976937;https://vk.ru/id120976937;133821410;https://vk.ru/id133821410
135967536;https://vk.ru/id135967536;133821410;https://vk.ru/id133821410
138285536;https://vk.ru/id138285536;133821410;https://vk.ru/id133821410
139869462;https://vk.ru/id139869462;133821410;https://vk.ru/id133821410
145737346;https://vk.ru/id145737346;133821410;https://vk.ru/id133821410
151505456;https://vk.ru/id151505456;133821410;https://vk.ru/id133821410
152356481;https://vk.ru/id152356481;133821410;https://vk.ru/id133821410
154291608;https://vk.ru/id154291608;133821410;https://vk.ru/id133821410
156299482;https://vk.ru/id156299482;133821410;https://vk.ru/id133821410
158583900;https://vk.ru/id158583900;133821410;https://vk.ru/id133821410
164382937;https://vk.ru/id164382937;133821410;https://vk.ru/id133821410
167306524;https://vk.ru/id167306524;133821410;https://vk.ru/id133821410
168834978;https://vk.ru/id168834978;133821410;https://vk.ru/id133821410
169221793;https://vk.ru/id169221793;133821410;https://vk.ru/id133821410
170715749;https://vk.ru/id170715749;133821410;https://vk.ru/id133821410
174690771;https://vk.ru/id174690771;133821410;https://vk.ru/id133821410
177328439;https://vk.ru/id177328439;133821410;https://vk.ru/id133821410
177390686;https://vk.ru/id177390686;133821410;https://vk.ru/id133821410
183342928;https://vk.ru/id183342928;133821410;https://vk.ru/id133821410
185565652;https://vk.ru/id185565652;133821410;https://vk.ru/id133821410
192111327;https://vk.ru/id192111327;133821410;https://vk.ru/id133821410
200487700;https://vk.ru/id200487700;133821410;https://vk.ru/id133821410
203560900;https://vk.ru/id203560900;133821410;https://vk.ru/id133821410
206567082;https://vk.ru/id206567082;133821410;https://vk.ru/id133821410
208319580;https://vk.ru/id208319580;133821410;https://vk.ru/id133821410
209614373;https://vk.ru/id209614373;133821410;https://vk.ru/id133821410
209712483;https://vk.ru/id209712483;133821410;https://vk.ru/id133821410
213135819;https://vk.ru/id213135819;133821410;https://vk.ru/id133821410
213403451;https://vk.ru/id213403451;133821410;https://vk.ru/id133821410
214194108;https://vk.ru/id214194108;133821410;https://vk.ru/id133821410
214199783;https://vk.ru/id214199783;133821410;https://vk.ru/id133821410
215107664;https://vk.ru/id215107664;133821410;https://vk.ru/id133821410
215199672;https://vk.ru/id215199672;133821410;https://vk.ru/id133821410
216278871;https://vk.ru/id216278871;133821410;https://vk.ru/id133821410
218009573;https://vk.ru/id218009573;133821410;https://vk.ru/id133821410
222093626;https://vk.ru/id222093626;133821410;https://vk.ru/id133821410
223224197;https://vk.ru/id223224197;133821410;https://vk.ru/id133821410
226624534;https://vk.ru/id226624534;133821410;https://vk.ru/id133821410
236842253;https://vk.ru/id236842253;133821410;https://vk.ru/id133821410
237420148;https://vk.ru/id237420148;133821410;https://vk.ru/id133821410
237801067;https://vk.ru/id237801067;133821410;https://vk.ru/id133821410
240194927;https://vk.ru/id240194927;133821410;https://vk.ru/id133821410
246143784;https://vk.ru/id246143784;133821410;https://vk.ru/id133821410
247639588;https://vk.ru/id247639588;133821410;https://vk.ru/id133821410
250490569;https://vk.ru/id250490569;133821410;https://vk.ru/id133821410
250512092;https://vk.ru/id250512092;133821410;https://vk.ru/id133821410
251109215;https://vk.ru/id251109215;133821410;https://vk.ru/id133821410
251460299;https://vk.ru/id251460299;133821410;https://vk.ru/id133821410
253044177;https://vk.ru/id253044177;133821410;https://vk.ru/id133821410
256900496;https://vk.ru/id256900496;133821410;https://vk.ru/id133821410
257377126;https://vk.ru/id257377126;133821410;https://vk.ru/id133821410
266374847;https://vk.ru/id266374847;133821410;https://vk.ru/id133821410
267306237;https://vk.ru/id267306237;133821410;https://vk.ru/id133821410
267369144;https://vk.ru/id267369144;133821410;https://vk.ru/id133821410
268841106;https://vk.ru/id268841106;133821410;https://vk.ru/id133821410
273107183;https://vk.ru/id273107183;133821410;https://vk.ru/id133821410
276735948;https://vk.ru/id276735948;133821410;https://vk.ru/id133821410
280884891;https://vk.ru/id280884891;133821410;https://vk.ru/id133821410
281517836;https://vk.ru/id281517836;133821410;https://vk.ru/id133821410
282051493;https://vk.ru/id282051493;133821410;https://vk.ru/id133821410
282511113;https://vk.ru/id282511113;133821410;https://vk.ru/id133821410
282987342;https://vk.ru/id282987342;133821410;https://vk.ru/id133821410
287793181;https://vk.ru/id287793181;133821410;https://vk.ru/id133821410
289343325;https://vk.ru/id289343325;133821410;https://vk.ru/id133821410
299889925;https://vk.ru/id299889925;133821410;https://vk.ru/id133821410
300800978;https://vk.ru/id300800978;133821410;https://vk.ru/id133821410
310137241;https://vk.ru/id310137241;133821410;https://vk.ru/id133821410
310676770;https://vk.ru/id310676770;133821410;https://vk.ru/id133821410
314468676;https://vk.ru/id314468676;133821410;https://vk.ru/id133821410
314525958;https://vk.ru/id314525958;133821410;https://vk.ru/id133821410
315442424;https://vk.ru/id315442424;133821410;https://vk.ru/id133821410
318954098;https://vk.ru/id318954098;133821410;https://vk.ru/id133821410
322634574;https://vk.ru/id322634574;133821410;https://vk.ru/id133821410
323574284;https://vk.ru/id323574284;133821410;https://vk.ru/id133821410
325400596;https://vk.ru/id325400596;133821410;https://vk.ru/id133821410
328727861;https://vk.ru/id328727861;133821410;https://vk.ru/id133821410
331803302;https://vk.ru/id331803302;133821410;https://vk.ru/id133821410
331903681;https://vk.ru/id331903681;133821410;https://vk.ru/id133821410
334917530;https://vk.ru/id334917530;133821410;https://vk.ru/id133821410
335437426;https://vk.ru/id335437426;133821410;https://vk.ru/id133821410
338849846;https://vk.ru/id338849846;133821410;https://vk.ru/id133821410
340843707;https://vk.ru/id340843707;133821410;https://vk.ru/id133821410
341804834;https://vk.ru/id341804834;133821410;https://vk.ru/id133821410
350381092;https://vk.ru/id350381092;133821410;https://vk.ru/id133821410
351072973;https://vk.ru/id351072973;133821410;https://vk.ru/id133821410
353981637;https://vk.ru/id353981637;133821410;https://vk.ru/id133821410
359812794;https://vk.ru/id359812794;133821410;https://vk.ru/id133821410
372217799;https://vk.ru/id372217799;133821410;https://vk.ru/id133821410
374113267;https://vk.ru/id374113267;133821410;https://vk.ru/id133821410
382443817;https://vk.ru/id382443817;133821410;https://vk.ru/id133821410
384143880;https://vk.ru/id384143880;133821410;https://vk.ru/id133821410
393685998;https://vk.ru/id393685998;133821410;https://vk.ru/id133821410
400831699;https://vk.ru/id400831699;133821410;https://vk.ru/id133821410
403345656;https://vk.ru/id403345656;133821410;https://vk.ru/id133821410
411666819;https://vk.ru/id411666819;133821410;https://vk.ru/id133821410
413012151;https://vk.ru/id413012151;133821410;https://vk.ru/id133821410
415324148;https://vk.ru/id415324148;133821410;https://vk.ru/id133821410
418336496;https://vk.ru/id418336496;133821410;https://vk.ru/id133821410
421434363;https://vk.ru/id421434363;133821410;https://vk.ru/id133821410
423407559;https://vk.ru/id423407559;133821410;https://vk.ru/id133821410
438700292;https://vk.ru/id438700292;133821410;https://vk.ru/id133821410
448628895;https://vk.ru/id448628895;133821410;https://vk.ru/id133821410
465590899;https://vk.ru/id465590899;133821410;https://vk.ru/id133821410
479837351;https://vk.ru/id479837351;133821410;https://vk.ru/id133821410
482065371;https://vk.ru/id482065371;133821410;https://vk.ru/id133821410
485409824;https://vk.ru/id485409824;133821410;https://vk.ru/id133821410
493496580;https://vk.ru/id493496580;133821410;https://vk.ru/id133821410
496231552;https://vk.ru/id496231552;133821410;https://vk.ru/id133821410
504609866;https://vk.ru/id504609866;133821410;https://vk.ru/id133821410
515854316;https://vk.ru/id515854316;133821410;https://vk.ru/id133821410
522190368;https://vk.ru/id522190368;133821410;https://vk.ru/id133821410
526671043;https://vk.ru/id526671043;133821410;https://vk.ru/id133821410
546489183;https://vk.ru/id546489183;133821410;https://vk.ru/id133821410
549221496;https://vk.ru/id549221496;133821410;https://vk.ru/id133821410
562243967;https://vk.ru/id562243967;133821410;https://vk.ru/id133821410
569180779;https://vk.ru/id569180779;133821410;https://vk.ru/id133821410
585578860;https://vk.ru/id585578860;133821410;https://vk.ru/id133821410
622330407;https://vk.ru/id622330407;133821410;https://vk.ru/id133821410
639286579;https://vk.ru/id639286579;133821410;https://vk.ru/id133821410
640923540;https://vk.ru/id640923540;133821410;https://vk.ru/id133821410
741121030;https://vk.ru/id741121030;133821410;https://vk.ru/id133821410
747280869;https://vk.ru/id747280869;133821410;https://vk.ru/id133821410
3848575;https://vk.ru/id3848575;172152768;https://vk.ru/id172152768
14911542;https://vk.ru/id14911542;172152768;https://vk.ru/id172152768
17729005;https://vk.ru/id17729005;172152768;https://vk.ru/id172152768
46192435;https://vk.ru/id46192435;172152768;https://vk.ru/id172152768
82521519;https://vk.ru/id82521519;172152768;https://vk.ru/id172152768
93528261;https://vk.ru/id93528261;172152768;https://vk.ru/id172152768
152306653;https://vk.ru/id152306653;172152768;https://vk.ru/id172152768
171728817;https://vk.ru/id171728817;172152768;https://vk.ru/id172152768
184212651;https://vk.ru/id184212651;172152768;https://vk.ru/id172152768
186741772;https://vk.ru/id186741772;172152768;https://vk.ru/id172152768
188142186;https://vk.ru/id188142186;172152768;https://vk.ru/id172152768
211320581;https://vk.ru/id211320581;172152768;https://vk.ru/id172152768
222943197;https://vk.ru/id222943197;172152768;https://vk.ru/id172152768
237644029;https://vk.ru/id237644029;172152768;https://vk.ru/id172152768
241205186;https://vk.ru/id241205186;172152768;https://vk.ru/id172152768
249040112;https://vk.ru/id249040112;172152768;https://vk.ru/id172152768
256301771;https://vk.ru/id256301771;172152768;https://vk.ru/id172152768
268604167;https://vk.ru/id268604167;172152768;https://vk.ru/id172152768
272031047;https://vk.ru/id272031047;172152768;https://vk.ru/id172152768
275925286;https://vk.ru/id275925286;172152768;https://vk.ru/id172152768
277794381;https://vk.ru/id277794381;172152768;https://vk.ru/id172152768
278534360;https://vk.ru/id278534360;172152768;https://vk.ru/id172152768
282395737;https://vk.ru/id282395737;172152768;https://vk.ru/id172152768
301455650;https://vk.ru/id301455650;172152768;https://vk.ru/id172152768
317417774;https://vk.ru/id317417774;172152768;https://vk.ru/id172152768
334295009;https://vk.ru/id334295009;172152768;https://vk.ru/id172152768
334917602;https://vk.ru/id334917602;172152768;https://vk.ru/id172152768
339802705;https://vk.ru/id339802705;172152768;https://vk.ru/id172152768
339965312;https://vk.ru/id339965312;172152768;https://vk.ru/id172152768
343863109;https://vk.ru/id343863109;172152768;https://vk.ru/id172152768
350382882;https://vk.ru/id350382882;172152768;https://vk.ru/id172152768
367087412;https://vk.ru/id367087412;172152768;https://vk.ru/id172152768
376262245;https://vk.ru/id376262245;172152768;https://vk.ru/id172152768
384040101;https://vk.ru/id384040101;172152768;https://vk.ru/id172152768
386270946;https://vk.ru/id386270946;172152768;https://vk.ru/id172152768
402576118;https://vk.ru/id402576118;172152768;https://vk.ru/id172152768
416569733;https://vk.ru/id416569733;172152768;https://vk.ru/id172152768
440138056;https://vk.ru/id440138056;172152768;https://vk.ru/id172152768
441145764;https://vk.ru/id441145764;172152768;https://vk.ru/id172152768
442812504;https://vk.ru/id442812504;172152768;https://vk.ru/id172152768
445137448;https://vk.ru/id445137448;172152768;https://vk.ru/id172152768
446752789;https://vk.ru/id446752789;172152768;https://vk.ru/id172152768
450521914;https://vk.ru/id450521914;172152768;https://vk.ru/id172152768
453632095;https://vk.ru/id453632095;172152768;https://vk.ru/id172152768
456979496;https://vk.ru/id456979496;172152768;https://vk.ru/id172152768
458683598;https://vk.ru/id458683598;172152768;https://vk.ru/id172152768
460688185;https://vk.ru/id460688185;172152768;https://vk.ru/id172152768
474799636;https://vk.ru/id474799636;172152768;https://vk.ru/id172152768
481944128;https://vk.ru/id481944128;172152768;https://vk.ru/id172152768
484291915;https://vk.ru/id484291915;172152768;https://vk.ru/id172152768
487860261;https://vk.ru/id487860261;172152768;https://vk.ru/id172152768
488284677;https://vk.ru/id488284677;172152768;https://vk.ru/id172152768
496443375;https://vk.ru/id496443375;172152768;https://vk.ru/id172152768
523729430;https://vk.ru/id523729430;172152768;https://vk.ru/id172152768
525411051;https://vk.ru/id525411051;172152768;https://vk.ru/id172152768
528715876;https://vk.ru/id528715876;172152768;https://vk.ru/id172152768
534143264;https://vk.ru/id534143264;172152768;https://vk.ru/id172152768
541991638;https://vk.ru/id541991638;172152768;https://vk.ru/id172152768
619999489;https://vk.ru/id619999489;172152768;https://vk.ru/id172152768
623547332;https://vk.ru/id623547332;172152768;https://vk.ru/id172152768
751180035;https://vk.ru/id751180035;172152768;https://vk.ru/id172152768
755606153;https://vk.ru/id755606153;172152768;https://vk.ru/id172152768
1238463;https://vk.ru/id1238463;677045683;https://vk.ru/id677045683
2671173;https://vk.ru/id2671173;677045683;https://vk.ru/id677045683
2726559;https://vk.ru/id2726559;677045683;https://vk.ru/id677045683
3386291;https://vk.ru/id3386291;677045683;https://vk.ru/id677045683
4606754;https://vk.ru/id4606754;677045683;https://vk.ru/id677045683
9880549;https://vk.ru/id9880549;677045683;https://vk.ru/id677045683
13947319;https://vk.ru/id13947319;677045683;https://vk.ru/id677045683
14684846;https://vk.ru/id14684846;677045683;https://vk.ru/id677045683
21644034;https://vk.ru/id21644034;677045683;https://vk.ru/id677045683
21837715;https://vk.ru/id21837715;677045683;https://vk.ru/id677045683
23170178;https://vk.ru/id23170178;677045683;https://vk.ru/id677045683
28973738;https://vk.ru/id28973738;677045683;https://vk.ru/id677045683
55172768;https://vk.ru/id55172768;677045683;https://vk.ru/id677045683
73539714;https://vk.ru/id73539714;677045683;https://vk.ru/id677045683
96573600;https://vk.ru/id96573600;677045683;https://vk.ru/id677045683
100009405;https://vk.ru/id100009405;677045683;https://vk.ru/id677045683
104383860;https://vk.ru/id104383860;677045683;https://vk.ru/id677045683
130699601;https://vk.ru/id130699601;677045683;https://vk.ru/id677045683
137902076;https://vk.ru/id137902076;677045683;https://vk.ru/id677045683
144304159;https://vk.ru/id144304159;677045683;https://vk.ru/id677045683
161657553;https://vk.ru/id161657553;677045683;https://vk.ru/id677045683
175776262;https://vk.ru/id175776262;677045683;https://vk.ru/id677045683
177017583;https://vk.ru/id177017583;677045683;https://vk.ru/id677045683
180753094;https://vk.ru/id180753094;677045683;https://vk.ru/id677045683
184741638;https://vk.ru/id184741638;677045683;https://vk.ru/id677045683
203948383;https://vk.ru/id203948383;677045683;https://vk.ru/id677045683
215734484;https://vk.ru/id215734484;677045683;https://vk.ru/id677045683
216885245;https://vk.ru/id216885245;677045683;https://vk.ru/id677045683
218867753;https://vk.ru/id218867753;677045683;https://vk.ru/id677045683
221485656;https://vk.ru/id221485656;677045683;https://vk.ru/id677045683
223280191;https://vk.ru/id223280191;677045683;https://vk.ru/id677045683
225405567;https://vk.ru/id225405567;677045683;https://vk.ru/id677045683
225979111;https://vk.ru/id225979111;677045683;https://vk.ru/id677045683
234866298;https://vk.ru/id234866298;677045683;https://vk.ru/id677045683
249080706;https://vk.ru/id249080706;677045683;https://vk.ru/id677045683
249757922;https://vk.ru/id249757922;677045683;https://vk.ru/id677045683
254208712;https://vk.ru/id254208712;677045683;https://vk.ru/id677045683
254826394;https://vk.ru/id254826394;677045683;https://vk.ru/id677045683
265313404;https://vk.ru/id265313404;677045683;https://vk.ru/id677045683
271710339;https://vk.ru/id271710339;677045683;https://vk.ru/id677045683
276924562;https://vk.ru/id276924562;677045683;https://vk.ru/id677045683
287552817;https://vk.ru/id287552817;677045683;https://vk.ru/id677045683
302194900;https://vk.ru/id302194900;677045683;https://vk.ru/id677045683
308063402;https://vk.ru/id308063402;677045683;https://vk.ru/id677045683
325135657;https://vk.ru/id325135657;677045683;https://vk.ru/id677045683
326443014;https://vk.ru/id326443014;677045683;https://vk.ru/id677045683
326968283;https://vk.ru/id326968283;677045683;https://vk.ru/id677045683
334504202;https://vk.ru/id334504202;677045683;https://vk.ru/id677045683
337706571;https://vk.ru/id337706571;677045683;https://vk.ru/id677045683
352870125;https://vk.ru/id352870125;677045683;https://vk.ru/id677045683
358278036;https://vk.ru/id358278036;677045683;https://vk.ru/id677045683
370369222;https://vk.ru/id370369222;677045683;https://vk.ru/id677045683
383807622;https://vk.ru/id383807622;677045683;https://vk.ru/id677045683
394034475;https://vk.ru/id394034475;677045683;https://vk.ru/id677045683
403887162;https://vk.ru/id403887162;677045683;https://vk.ru/id677045683
427220263;https://vk.ru/id427220263;677045683;https://vk.ru/id677045683
434237995;https://vk.ru/id434237995;677045683;https://vk.ru/id677045683
441340676;https://vk.ru/id441340676;677045683;https://vk.ru/id677045683
447148250;https://vk.ru/id447148250;677045683;https://vk.ru/id677045683
447966351;https://vk.ru/id447966351;677045683;https://vk.ru/id677045683
452823648;https://vk.ru/id452823648;677045683;https://vk.ru/id677045683
455242040;https://vk.ru/id455242040;677045683;https://vk.ru/id677045683
489781624;https://vk.ru/id489781624;677045683;https://vk.ru/id677045683
499579171;https://vk.ru/id499579171;677045683;https://vk.ru/id677045683
504603080;https://vk.ru/id504603080;677045683;https://vk.ru/id677045683
529652111;https://vk.ru/id529652111;677045683;https://vk.ru/id677045683
531076841;https://vk.ru/id531076841;677045683;https://vk.ru/id677045683
532501255;https://vk.ru/id532501255;677045683;https://vk.ru/id677045683
547131643;https://vk.ru/id547131643;677045683;https://vk.ru/id677045683
560674743;https://vk.ru/id560674743;677045683;https://vk.ru/id677045683
561065532;https://vk.ru/id561065532;677045683;https://vk.ru/id677045683
567868696;https://vk.ru/id567868696;677045683;https://vk.ru/id677045683
587099269;https://vk.ru/id587099269;677045683;https://vk.ru/id677045683
592134617;https://vk.ru/id592134617;677045683;https://vk.ru/id677045683
592629526;https://vk.ru/id592629526;677045683;https://vk.ru/id677045683
596772747;https://vk.ru/id596772747;677045683;https://vk.ru/id677045683
609815275;https://vk.ru/id609815275;677045683;https://vk.ru/id677045683
615518884;https://vk.ru/id615518884;677045683;https://vk.ru/id677045683
625842800;https://vk.ru/id625842800;677045683;https://vk.ru/id677045683
631390340;https://vk.ru/id631390340;677045683;https://vk.ru/id677045683
637323952;https://vk.ru/id637323952;677045683;https://vk.ru/id677045683
642042446;https://vk.ru/id642042446;677045683;https://vk.ru/id677045683
666062894;https://vk.ru/id666062894;677045683;https://vk.ru/id677045683
669553715;https://vk.ru/id669553715;677045683;https://vk.ru/id677045683
671800695;https://vk.ru/id671800695;677045683;https://vk.ru/id677045683
671934673;https://vk.ru/id671934673;677045683;https://vk.ru/id677045683
672242152;https://vk.ru/id672242152;677045683;https://vk.ru/id677045683
672376065;https://vk.ru/id672376065;677045683;https://vk.ru/id677045683
672584240;https://vk.ru/id672584240;677045683;https://vk.ru/id677045683
674105371;https://vk.ru/id674105371;677045683;https://vk.ru/id677045683
677767287;https://vk.ru/id677767287;677045683;https://vk.ru/id677045683
684736901;https://vk.ru/id684736901;677045683;https://vk.ru/id677045683
688849324;https://vk.ru/id688849324;677045683;https://vk.ru/id677045683
691126910;https://vk.ru/id691126910;677045683;https://vk.ru/id677045683
691127530;https://vk.ru/id691127530;677045683;https://vk.ru/id677045683
691127797;https://vk.ru/id691127797;677045683;https://vk.ru/id677045683
691635178;https://vk.ru/id691635178;677045683;https://vk.ru/id677045683
691708630;https://vk.ru/id691708630;677045683;https://vk.ru/id677045683
701205521;https://vk.ru/id701205521;677045683;https://vk.ru/id677045683
702113573;https://vk.ru/id702113573;677045683;https://vk.ru/id677045683
705114798;https://vk.ru/id705114798;677045683;https://vk.ru/id677045683
738095502;https://vk.ru/id738095502;677045683;https://vk.ru/id677045683
741291236;https://vk.ru/id741291236;677045683;https://vk.ru/id677045683
745083493;https://vk.ru/id745083493;677045683;https://vk.ru/id677045683
748698160;https://vk.ru/id748698160;677045683;https://vk.ru/id677045683
751009416;https://vk.ru/id751009416;677045683;https://vk.ru/id677045683
764127916;https://vk.ru/id764127916;677045683;https://vk.ru/id677045683
779448980;https://vk.ru/id779448980;677045683;https://vk.ru/id677045683
439984;https://vk.ru/id439984;278508214;https://vk.ru/id278508214
1213275;https://vk.ru/id1213275;278508214;https://vk.ru/id278508214
1571867;https://vk.ru/id1571867;278508214;https://vk.ru/id278508214
9871229;https://vk.ru/id9871229;278508214;https://vk.ru/id278508214
10185357;https://vk.ru/id10185357;278508214;https://vk.ru/id278508214
11592453;https://vk.ru/id11592453;278508214;https://vk.ru/id278508214
26607903;https://vk.ru/id26607903;278508214;https://vk.ru/id278508214
27710913;https://vk.ru/id27710913;278508214;https://vk.ru/id278508214
32479662;https://vk.ru/id32479662;278508214;https://vk.ru/id278508214
60347352;https://vk.ru/id60347352;278508214;https://vk.ru/id278508214
60840879;https://vk.ru/id60840879;278508214;https://vk.ru/id278508214
81524351;https://vk.ru/id81524351;278508214;https://vk.ru/id278508214
98420580;https://vk.ru/id98420580;278508214;https://vk.ru/id278508214
120259268;https://vk.ru/id120259268;278508214;https://vk.ru/id278508214
128490775;https://vk.ru/id128490775;278508214;https://vk.ru/id278508214
133069271;https://vk.ru/id133069271;278508214;https://vk.ru/id278508214
136883372;https://vk.ru/id136883372;278508214;https://vk.ru/id278508214
152263356;https://vk.ru/id152263356;278508214;https://vk.ru/id278508214
159271767;https://vk.ru/id159271767;278508214;https://vk.ru/id278508214
166162384;https://vk.ru/id166162384;278508214;https://vk.ru/id278508214
188025316;https://vk.ru/id188025316;278508214;https://vk.ru/id278508214
190172809;https://vk.ru/id190172809;278508214;https://vk.ru/id278508214
192309458;https://vk.ru/id192309458;278508214;https://vk.ru/id278508214
195279090;https://vk.ru/id195279090;278508214;https://vk.ru/id278508214
198800046;https://vk.ru/id198800046;278508214;https://vk.ru/id278508214
200017566;https://vk.ru/id200017566;278508214;https://vk.ru/id278508214
200635666;https://vk.ru/id200635666;278508214;https://vk.ru/id278508214
201348724;https://vk.ru/id201348724;278508214;https://vk.ru/id278508214
210263942;https://vk.ru/id210263942;278508214;https://vk.ru/id278508214
210982183;https://vk.ru/id210982183;278508214;https://vk.ru/id278508214
212447068;https://vk.ru/id212447068;278508214;https://vk.ru/id278508214
213953135;https://vk.ru/id213953135;278508214;https://vk.ru/id278508214
214387958;https://vk.ru/id214387958;278508214;https://vk.ru/id278508214
218178595;https://vk.ru/id218178595;278508214;https://vk.ru/id278508214
223113533;https://vk.ru/id223113533;278508214;https://vk.ru/id278508214
223312090;https://vk.ru/id223312090;278508214;https://vk.ru/id278508214
224836266;https://vk.ru/id224836266;278508214;https://vk.ru/id278508214
225409559;https://vk.ru/id225409559;278508214;https://vk.ru/id278508214
231031428;https://vk.ru/id231031428;278508214;https://vk.ru/id278508214
237420148;https://vk.ru/id237420148;278508214;https://vk.ru/id278508214
241969009;https://vk.ru/id241969009;278508214;https://vk.ru/id278508214
241970575;https://vk.ru/id241970575;278508214;https://vk.ru/id278508214
243218747;https://vk.ru/id243218747;278508214;https://vk.ru/id278508214
244918129;https://vk.ru/id244918129;278508214;https://vk.ru/id278508214
245256476;https://vk.ru/id245256476;278508214;https://vk.ru/id278508214
251109215;https://vk.ru/id251109215;278508214;https://vk.ru/id278508214
252796079;https://vk.ru/id252796079;278508214;https://vk.ru/id278508214
254879055;https://vk.ru/id254879055;278508214;https://vk.ru/id278508214
258586258;https://vk.ru/id258586258;278508214;https://vk.ru/id278508214
262049389;https://vk.ru/id262049389;278508214;https://vk.ru/id278508214
266898989;https://vk.ru/id266898989;278508214;https://vk.ru/id278508214
266915723;https://vk.ru/id266915723;278508214;https://vk.ru/id278508214
268280029;https://vk.ru/id268280029;278508214;https://vk.ru/id278508214
271073830;https://vk.ru/id271073830;278508214;https://vk.ru/id278508214
273462752;https://vk.ru/id273462752;278508214;https://vk.ru/id278508214
276424606;https://vk.ru/id276424606;278508214;https://vk.ru/id278508214
277200013;https://vk.ru/id277200013;278508214;https://vk.ru/id278508214
280676003;https://vk.ru/id280676003;278508214;https://vk.ru/id278508214
283672412;https://vk.ru/id283672412;278508214;https://vk.ru/id278508214
291828981;https://vk.ru/id291828981;278508214;https://vk.ru/id278508214
295341229;https://vk.ru/id295341229;278508214;https://vk.ru/id278508214
318195613;https://vk.ru/id318195613;278508214;https://vk.ru/id278508214
324245193;https://vk.ru/id324245193;278508214;https://vk.ru/id278508214
326604271;https://vk.ru/id326604271;278508214;https://vk.ru/id278508214
328699309;https://vk.ru/id328699309;278508214;https://vk.ru/id278508214
336304312;https://vk.ru/id336304312;278508214;https://vk.ru/id278508214
343267186;https://vk.ru/id343267186;278508214;https://vk.ru/id278508214
354268271;https://vk.ru/id354268271;278508214;https://vk.ru/id278508214
354792455;https://vk.ru/id354792455;278508214;https://vk.ru/id278508214
356653521;https://vk.ru/id356653521;278508214;https://vk.ru/id278508214
357111839;https://vk.ru/id357111839;278508214;https://vk.ru/id278508214
360305996;https://vk.ru/id360305996;278508214;https://vk.ru/id278508214
363982575;https://vk.ru/id363982575;278508214;https://vk.ru/id278508214
364153213;https://vk.ru/id364153213;278508214;https://vk.ru/id278508214
370423158;https://vk.ru/id370423158;278508214;https://vk.ru/id278508214
372540456;https://vk.ru/id372540456;278508214;https://vk.ru/id278508214
378118584;https://vk.ru/id378118584;278508214;https://vk.ru/id278508214
397020610;https://vk.ru/id397020610;278508214;https://vk.ru/id278508214
401544355;https://vk.ru/id401544355;278508214;https://vk.ru/id278508214
413366627;https://vk.ru/id413366627;278508214;https://vk.ru/id278508214
420927177;https://vk.ru/id420927177;278508214;https://vk.ru/id278508214
423120600;https://vk.ru/id423120600;278508214;https://vk.ru/id278508214
426286683;https://vk.ru/id426286683;278508214;https://vk.ru/id278508214
430520450;https://vk.ru/id430520450;278508214;https://vk.ru/id278508214
439338219;https://vk.ru/id439338219;278508214;https://vk.ru/id278508214
454027642;https://vk.ru/id454027642;278508214;https://vk.ru/id278508214
455059353;https://vk.ru/id455059353;278508214;https://vk.ru/id278508214
458683210;https://vk.ru/id458683210;278508214;https://vk.ru/id278508214
473616188;https://vk.ru/id473616188;278508214;https://vk.ru/id278508214
504899555;https://vk.ru/id504899555;278508214;https://vk.ru/id278508214
529553387;https://vk.ru/id529553387;278508214;https://vk.ru/id278508214
549328647;https://vk.ru/id549328647;278508214;https://vk.ru/id278508214
559243856;https://vk.ru/id559243856;278508214;https://vk.ru/id278508214
566609805;https://vk.ru/id566609805;278508214;https://vk.ru/id278508214
582530682;https://vk.ru/id582530682;278508214;https://vk.ru/id278508214
591377479;https://vk.ru/id591377479;278508214;https://vk.ru/id278508214
596119424;https://vk.ru/id596119424;278508214;https://vk.ru/id278508214
620300229;https://vk.ru/id620300229;278508214;https://vk.ru/id278508214
649902699;https://vk.ru/id649902699;278508214;https://vk.ru/id278508214
662741463;https://vk.ru/id662741463;278508214;https://vk.ru/id278508214
667495612;https://vk.ru/id667495612;278508214;https://vk.ru/id278508214
696929629;https://vk.ru/id696929629;278508214;https://vk.ru/id278508214
710480590;https://vk.ru/id710480590;278508214;https://vk.ru/id278508214
739352475;https://vk.ru/id739352475;278508214;https://vk.ru/id278508214
7489789;https://vk.ru/id7489789;392942223;https://vk.ru/id392942223
13899731;https://vk.ru/id13899731;392942223;https://vk.ru/id392942223
42949339;https://vk.ru/id42949339;392942223;https://vk.ru/id392942223
44518429;https://vk.ru/id44518429;392942223;https://vk.ru/id392942223
99730166;https://vk.ru/id99730166;392942223;https://vk.ru/id392942223
108569686;https://vk.ru/id108569686;392942223;https://vk.ru/id392942223
114135641;https://vk.ru/id114135641;392942223;https://vk.ru/id392942223
118743218;https://vk.ru/id118743218;392942223;https://vk.ru/id392942223
126447995;https://vk.ru/id126447995;392942223;https://vk.ru/id392942223
128925514;https://vk.ru/id128925514;392942223;https://vk.ru/id392942223
130886339;https://vk.ru/id130886339;392942223;https://vk.ru/id392942223
132855878;https://vk.ru/id132855878;392942223;https://vk.ru/id392942223
145683491;https://vk.ru/id145683491;392942223;https://vk.ru/id392942223
147056766;https://vk.ru/id147056766;392942223;https://vk.ru/id392942223
147895328;https://vk.ru/id147895328;392942223;https://vk.ru/id392942223
150885655;https://vk.ru/id150885655;392942223;https://vk.ru/id392942223
159459244;https://vk.ru/id159459244;392942223;https://vk.ru/id392942223
162995388;https://vk.ru/id162995388;392942223;https://vk.ru/id392942223
166403028;https://vk.ru/id166403028;392942223;https://vk.ru/id392942223
168243064;https://vk.ru/id168243064;392942223;https://vk.ru/id392942223
169910475;https://vk.ru/id169910475;392942223;https://vk.ru/id392942223
178405496;https://vk.ru/id178405496;392942223;https://vk.ru/id392942223
180316966;https://vk.ru/id180316966;392942223;https://vk.ru/id392942223
182272239;https://vk.ru/id182272239;392942223;https://vk.ru/id392942223
183588724;https://vk.ru/id183588724;392942223;https://vk.ru/id392942223
191022046;https://vk.ru/id191022046;392942223;https://vk.ru/id392942223
196870984;https://vk.ru/id196870984;392942223;https://vk.ru/id392942223
197093992;https://vk.ru/id197093992;392942223;https://vk.ru/id392942223
205723466;https://vk.ru/id205723466;392942223;https://vk.ru/id392942223
206078355;https://vk.ru/id206078355;392942223;https://vk.ru/id392942223
208167928;https://vk.ru/id208167928;392942223;https://vk.ru/id392942223
209390367;https://vk.ru/id209390367;392942223;https://vk.ru/id392942223
214673935;https://vk.ru/id214673935;392942223;https://vk.ru/id392942223
215558000;https://vk.ru/id215558000;392942223;https://vk.ru/id392942223
226834164;https://vk.ru/id226834164;392942223;https://vk.ru/id392942223
228351338;https://vk.ru/id228351338;392942223;https://vk.ru/id392942223
229080874;https://vk.ru/id229080874;392942223;https://vk.ru/id392942223
229520924;https://vk.ru/id229520924;392942223;https://vk.ru/id392942223
234495871;https://vk.ru/id234495871;392942223;https://vk.ru/id392942223
235455442;https://vk.ru/id235455442;392942223;https://vk.ru/id392942223
235942608;https://vk.ru/id235942608;392942223;https://vk.ru/id392942223
236748800;https://vk.ru/id236748800;392942223;https://vk.ru/id392942223
238309574;https://vk.ru/id238309574;392942223;https://vk.ru/id392942223
239380870;https://vk.ru/id239380870;392942223;https://vk.ru/id392942223
239395427;https://vk.ru/id239395427;392942223;https://vk.ru/id392942223
246147010;https://vk.ru/id246147010;392942223;https://vk.ru/id392942223
256559014;https://vk.ru/id256559014;392942223;https://vk.ru/id392942223
258249652;https://vk.ru/id258249652;392942223;https://vk.ru/id392942223
265114913;https://vk.ru/id265114913;392942223;https://vk.ru/id392942223
265536879;https://vk.ru/id265536879;392942223;https://vk.ru/id392942223
266776034;https://vk.ru/id266776034;392942223;https://vk.ru/id392942223
268684387;https://vk.ru/id268684387;392942223;https://vk.ru/id392942223
269228265;https://vk.ru/id269228265;392942223;https://vk.ru/id392942223
272375144;https://vk.ru/id272375144;392942223;https://vk.ru/id392942223
273246491;https://vk.ru/id273246491;392942223;https://vk.ru/id392942223
274445829;https://vk.ru/id274445829;392942223;https://vk.ru/id392942223
275625026;https://vk.ru/id275625026;392942223;https://vk.ru/id392942223
275908014;https://vk.ru/id275908014;392942223;https://vk.ru/id392942223
286391914;https://vk.ru/id286391914;392942223;https://vk.ru/id392942223
289685414;https://vk.ru/id289685414;392942223;https://vk.ru/id392942223
292707183;https://vk.ru/id292707183;392942223;https://vk.ru/id392942223
293113970;https://vk.ru/id293113970;392942223;https://vk.ru/id392942223
296921805;https://vk.ru/id296921805;392942223;https://vk.ru/id392942223
299829355;https://vk.ru/id299829355;392942223;https://vk.ru/id392942223
302168818;https://vk.ru/id302168818;392942223;https://vk.ru/id392942223
303037657;https://vk.ru/id303037657;392942223;https://vk.ru/id392942223
307507285;https://vk.ru/id307507285;392942223;https://vk.ru/id392942223
315900337;https://vk.ru/id315900337;392942223;https://vk.ru/id392942223
319685097;https://vk.ru/id319685097;392942223;https://vk.ru/id392942223
320228169;https://vk.ru/id320228169;392942223;https://vk.ru/id392942223
327480382;https://vk.ru/id327480382;392942223;https://vk.ru/id392942223
328622607;https://vk.ru/id328622607;392942223;https://vk.ru/id392942223
329445136;https://vk.ru/id329445136;392942223;https://vk.ru/id392942223
329822840;https://vk.ru/id329822840;392942223;https://vk.ru/id392942223
335714924;https://vk.ru/id335714924;392942223;https://vk.ru/id392942223
337574299;https://vk.ru/id337574299;392942223;https://vk.ru/id392942223
337842099;https://vk.ru/id337842099;392942223;https://vk.ru/id392942223
339208191;https://vk.ru/id339208191;392942223;https://vk.ru/id392942223
343075354;https://vk.ru/id343075354;392942223;https://vk.ru/id392942223
352132922;https://vk.ru/id352132922;392942223;https://vk.ru/id392942223
353484543;https://vk.ru/id353484543;392942223;https://vk.ru/id392942223
353640864;https://vk.ru/id353640864;392942223;https://vk.ru/id392942223
356402817;https://vk.ru/id356402817;392942223;https://vk.ru/id392942223
361197081;https://vk.ru/id361197081;392942223;https://vk.ru/id392942223
361255341;https://vk.ru/id361255341;392942223;https://vk.ru/id392942223
363068372;https://vk.ru/id363068372;392942223;https://vk.ru/id392942223
363542264;https://vk.ru/id363542264;392942223;https://vk.ru/id392942223
363824172;https://vk.ru/id363824172;392942223;https://vk.ru/id392942223
365741107;https://vk.ru/id365741107;392942223;https://vk.ru/id392942223
367615941;https://vk.ru/id367615941;392942223;https://vk.ru/id392942223
373723555;https://vk.ru/id373723555;392942223;https://vk.ru/id392942223
374001348;https://vk.ru/id374001348;392942223;https://vk.ru/id392942223
374123886;https://vk.ru/id374123886;392942223;https://vk.ru/id392942223
383486962;https://vk.ru/id383486962;392942223;https://vk.ru/id392942223
383617818;https://vk.ru/id383617818;392942223;https://vk.ru/id392942223
396472584;https://vk.ru/id396472584;392942223;https://vk.ru/id392942223
397204413;https://vk.ru/id397204413;392942223;https://vk.ru/id392942223
399077266;https://vk.ru/id399077266;392942223;https://vk.ru/id392942223
403545968;https://vk.ru/id403545968;392942223;https://vk.ru/id392942223
404895675;https://vk.ru/id404895675;392942223;https://vk.ru/id392942223
410484170;https://vk.ru/id410484170;392942223;https://vk.ru/id392942223
416900442;https://vk.ru/id416900442;392942223;https://vk.ru/id392942223
426936696;https://vk.ru/id426936696;392942223;https://vk.ru/id392942223
431072029;https://vk.ru/id431072029;392942223;https://vk.ru/id392942223
435212744;https://vk.ru/id435212744;392942223;https://vk.ru/id392942223
438457686;https://vk.ru/id438457686;392942223;https://vk.ru/id392942223
440862190;https://vk.ru/id440862190;392942223;https://vk.ru/id392942223
441295805;https://vk.ru/id441295805;392942223;https://vk.ru/id392942223
442761692;https://vk.ru/id442761692;392942223;https://vk.ru/id392942223
447698149;https://vk.ru/id447698149;392942223;https://vk.ru/id392942223
447703427;https://vk.ru/id447703427;392942223;https://vk.ru/id392942223
449849192;https://vk.ru/id449849192;392942223;https://vk.ru/id392942223
451632787;https://vk.ru/id451632787;392942223;https://vk.ru/id392942223
453451076;https://vk.ru/id453451076;392942223;https://vk.ru/id392942223
456856845;https://vk.ru/id456856845;392942223;https://vk.ru/id392942223
457586186;https://vk.ru/id457586186;392942223;https://vk.ru/id392942223
458043196;https://vk.ru/id458043196;392942223;https://vk.ru/id392942223
458129983;https://vk.ru/id458129983;392942223;https://vk.ru/id392942223
458849444;https://vk.ru/id458849444;392942223;https://vk.ru/id392942223
459525799;https://vk.ru/id459525799;392942223;https://vk.ru/id392942223
463730518;https://vk.ru/id463730518;392942223;https://vk.ru/id392942223
464596535;https://vk.ru/id464596535;392942223;https://vk.ru/id392942223
464800989;https://vk.ru/id464800989;392942223;https://vk.ru/id392942223
467910806;https://vk.ru/id467910806;392942223;https://vk.ru/id392942223
473609914;https://vk.ru/id473609914;392942223;https://vk.ru/id392942223
475064879;https://vk.ru/id475064879;392942223;https://vk.ru/id392942223
476054863;https://vk.ru/id476054863;392942223;https://vk.ru/id392942223
479402385;https://vk.ru/id479402385;392942223;https://vk.ru/id392942223
480282559;https://vk.ru/id480282559;392942223;https://vk.ru/id392942223
483054105;https://vk.ru/id483054105;392942223;https://vk.ru/id392942223
483705038;https://vk.ru/id483705038;392942223;https://vk.ru/id392942223
485168623;https://vk.ru/id485168623;392942223;https://vk.ru/id392942223
487049797;https://vk.ru/id487049797;392942223;https://vk.ru/id392942223
493451798;https://vk.ru/id493451798;392942223;https://vk.ru/id392942223
497486923;https://vk.ru/id497486923;392942223;https://vk.ru/id392942223
497663448;https://vk.ru/id497663448;392942223;https://vk.ru/id392942223
499346907;https://vk.ru/id499346907;392942223;https://vk.ru/id392942223
500710518;https://vk.ru/id500710518;392942223;https://vk.ru/id392942223
503850127;https://vk.ru/id503850127;392942223;https://vk.ru/id392942223
504391956;https://vk.ru/id504391956;392942223;https://vk.ru/id392942223
504862743;https://vk.ru/id504862743;392942223;https://vk.ru/id392942223
507081819;https://vk.ru/id507081819;392942223;https://vk.ru/id392942223
507698109;https://vk.ru/id507698109;392942223;https://vk.ru/id392942223
512383941;https://vk.ru/id512383941;392942223;https://vk.ru/id392942223
513577500;https://vk.ru/id513577500;392942223;https://vk.ru/id392942223
515832511;https://vk.ru/id515832511;392942223;https://vk.ru/id392942223
516843500;https://vk.ru/id516843500;392942223;https://vk.ru/id392942223
521491170;https://vk.ru/id521491170;392942223;https://vk.ru/id392942223
534356059;https://vk.ru/id534356059;392942223;https://vk.ru/id392942223
535053794;https://vk.ru/id535053794;392942223;https://vk.ru/id392942223
535373970;https://vk.ru/id535373970;392942223;https://vk.ru/id392942223
536631832;https://vk.ru/id536631832;392942223;https://vk.ru/id392942223
539528920;https://vk.ru/id539528920;392942223;https://vk.ru/id392942223
540113132;https://vk.ru/id540113132;392942223;https://vk.ru/id392942223
542639702;https://vk.ru/id542639702;392942223;https://vk.ru/id392942223
543153420;https://vk.ru/id543153420;392942223;https://vk.ru/id392942223
548969849;https://vk.ru/id548969849;392942223;https://vk.ru/id392942223
549450223;https://vk.ru/id549450223;392942223;https://vk.ru/id392942223
549823216;https://vk.ru/id549823216;392942223;https://vk.ru/id392942223
553321242;https://vk.ru/id553321242;392942223;https://vk.ru/id392942223
556697980;https://vk.ru/id556697980;392942223;https://vk.ru/id392942223
560156860;https://vk.ru/id560156860;392942223;https://vk.ru/id392942223
562914497;https://vk.ru/id562914497;392942223;https://vk.ru/id392942223
563076102;https://vk.ru/id563076102;392942223;https://vk.ru/id392942223
565831270;https://vk.ru/id565831270;392942223;https://vk.ru/id392942223
570696772;https://vk.ru/id570696772;392942223;https://vk.ru/id392942223
570983312;https://vk.ru/id570983312;392942223;https://vk.ru/id392942223
571280963;https://vk.ru/id571280963;392942223;https://vk.ru/id392942223
571681183;https://vk.ru/id571681183;392942223;https://vk.ru/id392942223
572397203;https://vk.ru/id572397203;392942223;https://vk.ru/id392942223
578361101;https://vk.ru/id578361101;392942223;https://vk.ru/id392942223
578562940;https://vk.ru/id578562940;392942223;https://vk.ru/id392942223
581118813;https://vk.ru/id581118813;392942223;https://vk.ru/id392942223
587600686;https://vk.ru/id587600686;392942223;https://vk.ru/id392942223
594918967;https://vk.ru/id594918967;392942223;https://vk.ru/id392942223
596868719;https://vk.ru/id596868719;392942223;https://vk.ru/id392942223
604203091;https://vk.ru/id604203091;392942223;https://vk.ru/id392942223
606011081;https://vk.ru/id606011081;392942223;https://vk.ru/id392942223
611544190;https://vk.ru/id611544190;392942223;https://vk.ru/id392942223
612610705;https://vk.ru/id612610705;392942223;https://vk.ru/id392942223
640470653;https://vk.ru/id640470653;392942223;https://vk.ru/id392942223
648849674;https://vk.ru/id648849674;392942223;https://vk.ru/id392942223
660917071;https://vk.ru/id660917071;392942223;https://vk.ru/id392942223
676553915;https://vk.ru/id676553915;392942223;https://vk.ru/id392942223
678694383;https://vk.ru/id678694383;392942223;https://vk.ru/id392942223
693785253;https://vk.ru/id693785253;392942223;https://vk.ru/id392942223
698255737;https://vk.ru/id698255737;392942223;https://vk.ru/id392942223
703991302;https://vk.ru/id703991302;392942223;https://vk.ru/id392942223
709308332;https://vk.ru/id709308332;392942223;https://vk.ru/id392942223
714223087;https://vk.ru/id714223087;392942223;https://vk.ru/id392942223
718181351;https://vk.ru/id718181351;392942223;https://vk.ru/id392942223
720644661;https://vk.ru/id720644661;392942223;https://vk.ru/id392942223
722337226;https://vk.ru/id722337226;392942223;https://vk.ru/id392942223
731057619;https://vk.ru/id731057619;392942223;https://vk.ru/id392942223
733430513;https://vk.ru/id733430513;392942223;https://vk.ru/id392942223
735900326;https://vk.ru/id735900326;392942223;https://vk.ru/id392942223
742311910;https://vk.ru/id742311910;392942223;https://vk.ru/id392942223
745282284;https://vk.ru/id745282284;392942223;https://vk.ru/id392942223
762805737;https://vk.ru/id762805737;392942223;https://vk.ru/id392942223
768758926;https://vk.ru/id768758926;392942223;https://vk.ru/id392942223
781763034;https://vk.ru/id781763034;392942223;https://vk.ru/id392942223
792355927;https://vk.ru/id792355927;392942223;https://vk.ru/id392942223
805854406;https://vk.ru/id805854406;392942223;https://vk.ru/id392942223
806007010;https://vk.ru/id806007010;392942223;https://vk.ru/id392942223
811630560;https://vk.ru/id811630560;392942223;https://vk.ru/id392942223
812891181;https://vk.ru/id812891181;392942223;https://vk.ru/id392942223
827344816;https://vk.ru/id827344816;392942223;https://vk.ru/id392942223
834063882;https://vk.ru/id834063882;392942223;https://vk.ru/id392942223
859543291;https://vk.ru/id859543291;392942223;https://vk.ru/id392942223
860547363;https://vk.ru/id860547363;392942223;https://vk.ru/id392942223
864705249;https://vk.ru/id864705249;392942223;https://vk.ru/id392942223
160644894;https://vk.ru/id160644894;830638754;https://vk.ru/id830638754
243142364;https://vk.ru/id243142364;830638754;https://vk.ru/id830638754
302878695;https://vk.ru/id302878695;830638754;https://vk.ru/id830638754
321674471;https://vk.ru/id321674471;830638754;https://vk.ru/id830638754
325130222;https://vk.ru/id325130222;830638754;https://vk.ru/id830638754
367087412;https://vk.ru/id367087412;830638754;https://vk.ru/id830638754
370299195;https://vk.ru/id370299195;830638754;https://vk.ru/id830638754
383310684;https://vk.ru/id383310684;830638754;https://vk.ru/id830638754
385235865;https://vk.ru/id385235865;830638754;https://vk.ru/id830638754
445137448;https://vk.ru/id445137448;830638754;https://vk.ru/id830638754
448264308;https://vk.ru/id448264308;830638754;https://vk.ru/id830638754
492407278;https://vk.ru/id492407278;830638754;https://vk.ru/id830638754
514434038;https://vk.ru/id514434038;830638754;https://vk.ru/id830638754
524050465;https://vk.ru/id524050465;830638754;https://vk.ru/id830638754
626150604;https://vk.ru/id626150604;830638754;https://vk.ru/id830638754
708429723;https://vk.ru/id708429723;830638754;https://vk.ru/id830638754
763553673;https://vk.ru/id763553673;830638754;https://vk.ru/id830638754
782931465;https://vk.ru/id782931465;830638754;https://vk.ru/id830638754
51465984;https://vk.ru/id51465984;241970575;https://vk.ru/id241970575
98420580;https://vk.ru/id98420580;241970575;https://vk.ru/id241970575
162550801;https://vk.ru/id162550801;241970575;https://vk.ru/id241970575
162669146;https://vk.ru/id162669146;241970575;https://vk.ru/id241970575
174527104;https://vk.ru/id174527104;241970575;https://vk.ru/id241970575
180180689;https://vk.ru/id180180689;241970575;https://vk.ru/id241970575
190172809;https://vk.ru/id190172809;241970575;https://vk.ru/id241970575
201948971;https://vk.ru/id201948971;241970575;https://vk.ru/id241970575
206120121;https://vk.ru/id206120121;241970575;https://vk.ru/id241970575
206348808;https://vk.ru/id206348808;241970575;https://vk.ru/id241970575
210070874;https://vk.ru/id210070874;241970575;https://vk.ru/id241970575
212447068;https://vk.ru/id212447068;241970575;https://vk.ru/id241970575
215826202;https://vk.ru/id215826202;241970575;https://vk.ru/id241970575
217500763;https://vk.ru/id217500763;241970575;https://vk.ru/id241970575
218178595;https://vk.ru/id218178595;241970575;https://vk.ru/id241970575
220822155;https://vk.ru/id220822155;241970575;https://vk.ru/id241970575
229112440;https://vk.ru/id229112440;241970575;https://vk.ru/id241970575
234579916;https://vk.ru/id234579916;241970575;https://vk.ru/id241970575
236763594;https://vk.ru/id236763594;241970575;https://vk.ru/id241970575
237420148;https://vk.ru/id237420148;241970575;https://vk.ru/id241970575
243218747;https://vk.ru/id243218747;241970575;https://vk.ru/id241970575
243245518;https://vk.ru/id243245518;241970575;https://vk.ru/id241970575
251109215;https://vk.ru/id251109215;241970575;https://vk.ru/id241970575
254879055;https://vk.ru/id254879055;241970575;https://vk.ru/id241970575
258577521;https://vk.ru/id258577521;241970575;https://vk.ru/id241970575
258586258;https://vk.ru/id258586258;241970575;https://vk.ru/id241970575
266923110;https://vk.ru/id266923110;241970575;https://vk.ru/id241970575
268280029;https://vk.ru/id268280029;241970575;https://vk.ru/id241970575
268744823;https://vk.ru/id268744823;241970575;https://vk.ru/id241970575
269029118;https://vk.ru/id269029118;241970575;https://vk.ru/id241970575
271073830;https://vk.ru/id271073830;241970575;https://vk.ru/id241970575
272149004;https://vk.ru/id272149004;241970575;https://vk.ru/id241970575
278248720;https://vk.ru/id278248720;241970575;https://vk.ru/id241970575
278508214;https://vk.ru/id278508214;241970575;https://vk.ru/id241970575
279629127;https://vk.ru/id279629127;241970575;https://vk.ru/id241970575
281526495;https://vk.ru/id281526495;241970575;https://vk.ru/id241970575
282059255;https://vk.ru/id282059255;241970575;https://vk.ru/id241970575
285805014;https://vk.ru/id285805014;241970575;https://vk.ru/id241970575
291299905;https://vk.ru/id291299905;241970575;https://vk.ru/id241970575
292262287;https://vk.ru/id292262287;241970575;https://vk.ru/id241970575
292393897;https://vk.ru/id292393897;241970575;https://vk.ru/id241970575
293559814;https://vk.ru/id293559814;241970575;https://vk.ru/id241970575
304197858;https://vk.ru/id304197858;241970575;https://vk.ru/id241970575
305355128;https://vk.ru/id305355128;241970575;https://vk.ru/id241970575
316798847;https://vk.ru/id316798847;241970575;https://vk.ru/id241970575
326001321;https://vk.ru/id326001321;241970575;https://vk.ru/id241970575
326604271;https://vk.ru/id326604271;241970575;https://vk.ru/id241970575
332336053;https://vk.ru/id332336053;241970575;https://vk.ru/id241970575
341447066;https://vk.ru/id341447066;241970575;https://vk.ru/id241970575
343267186;https://vk.ru/id343267186;241970575;https://vk.ru/id241970575
345011695;https://vk.ru/id345011695;241970575;https://vk.ru/id241970575
347886332;https://vk.ru/id347886332;241970575;https://vk.ru/id241970575
353363123;https://vk.ru/id353363123;241970575;https://vk.ru/id241970575
354792455;https://vk.ru/id354792455;241970575;https://vk.ru/id241970575
370745557;https://vk.ru/id370745557;241970575;https://vk.ru/id241970575
375102515;https://vk.ru/id375102515;241970575;https://vk.ru/id241970575
382464043;https://vk.ru/id382464043;241970575;https://vk.ru/id241970575
397645135;https://vk.ru/id397645135;241970575;https://vk.ru/id241970575
403761056;https://vk.ru/id403761056;241970575;https://vk.ru/id241970575
413538981;https://vk.ru/id413538981;241970575;https://vk.ru/id241970575
419276345;https://vk.ru/id419276345;241970575;https://vk.ru/id241970575
422917653;https://vk.ru/id422917653;241970575;https://vk.ru/id241970575
430251230;https://vk.ru/id430251230;241970575;https://vk.ru/id241970575
431499163;https://vk.ru/id431499163;241970575;https://vk.ru/id241970575
432911258;https://vk.ru/id432911258;241970575;https://vk.ru/id241970575
460876831;https://vk.ru/id460876831;241970575;https://vk.ru/id241970575
465002335;https://vk.ru/id465002335;241970575;https://vk.ru/id241970575
468788452;https://vk.ru/id468788452;241970575;https://vk.ru/id241970575
479394605;https://vk.ru/id479394605;241970575;https://vk.ru/id241970575
504899555;https://vk.ru/id504899555;241970575;https://vk.ru/id241970575
505081381;https://vk.ru/id505081381;241970575;https://vk.ru/id241970575
514291628;https://vk.ru/id514291628;241970575;https://vk.ru/id241970575
527774316;https://vk.ru/id527774316;241970575;https://vk.ru/id241970575
588327472;https://vk.ru/id588327472;241970575;https://vk.ru/id241970575
591377479;https://vk.ru/id591377479;241970575;https://vk.ru/id241970575
595231183;https://vk.ru/id595231183;241970575;https://vk.ru/id241970575
596119424;https://vk.ru/id596119424;241970575;https://vk.ru/id241970575
597159021;https://vk.ru/id597159021;241970575;https://vk.ru/id241970575
607033337;https://vk.ru/id607033337;241970575;https://vk.ru/id241970575
628811911;https://vk.ru/id628811911;241970575;https://vk.ru/id241970575
648067068;https://vk.ru/id648067068;241970575;https://vk.ru/id241970575
663073264;https://vk.ru/id663073264;241970575;https://vk.ru/id241970575
677262963;https://vk.ru/id677262963;241970575;https://vk.ru/id241970575
733306966;https://vk.ru/id733306966;241970575;https://vk.ru/id241970575
739352475;https://vk.ru/id739352475;241970575;https://vk.ru/id241970575
774541862;https://vk.ru/id774541862;241970575;https://vk.ru/id241970575
1043586994;https://vk.ru/id1043586994;241970575;https://vk.ru/id241970575
337534414;https://vk.ru/id337534414;1098513955;https://vk.ru/id1098513955
4427112;https://vk.ru/id4427112;301455650;https://vk.ru/id301455650
136374687;https://vk.ru/id136374687;301455650;https://vk.ru/id301455650
150562953;https://vk.ru/id150562953;301455650;https://vk.ru/id301455650
172152768;https://vk.ru/id172152768;301455650;https://vk.ru/id301455650
187802133;https://vk.ru/id187802133;301455650;https://vk.ru/id301455650
191503542;https://vk.ru/id191503542;301455650;https://vk.ru/id301455650
209732821;https://vk.ru/id209732821;301455650;https://vk.ru/id301455650
222782864;https://vk.ru/id222782864;301455650;https://vk.ru/id301455650
222943197;https://vk.ru/id222943197;301455650;https://vk.ru/id301455650
225397663;https://vk.ru/id225397663;301455650;https://vk.ru/id301455650
225748407;https://vk.ru/id225748407;301455650;https://vk.ru/id301455650
228804769;https://vk.ru/id228804769;301455650;https://vk.ru/id301455650
238810714;https://vk.ru/id238810714;301455650;https://vk.ru/id301455650
239268146;https://vk.ru/id239268146;301455650;https://vk.ru/id301455650
240679186;https://vk.ru/id240679186;301455650;https://vk.ru/id301455650
245398987;https://vk.ru/id245398987;301455650;https://vk.ru/id301455650
246253814;https://vk.ru/id246253814;301455650;https://vk.ru/id301455650
275500072;https://vk.ru/id275500072;301455650;https://vk.ru/id301455650
285212747;https://vk.ru/id285212747;301455650;https://vk.ru/id301455650
296788778;https://vk.ru/id296788778;301455650;https://vk.ru/id301455650
299026108;https://vk.ru/id299026108;301455650;https://vk.ru/id301455650
299280352;https://vk.ru/id299280352;301455650;https://vk.ru/id301455650
304572230;https://vk.ru/id304572230;301455650;https://vk.ru/id301455650
312790919;https://vk.ru/id312790919;301455650;https://vk.ru/id301455650
314612932;https://vk.ru/id314612932;301455650;https://vk.ru/id301455650
318008045;https://vk.ru/id318008045;301455650;https://vk.ru/id301455650
325562080;https://vk.ru/id325562080;301455650;https://vk.ru/id301455650
327530360;https://vk.ru/id327530360;301455650;https://vk.ru/id301455650
329961147;https://vk.ru/id329961147;301455650;https://vk.ru/id301455650
335401911;https://vk.ru/id335401911;301455650;https://vk.ru/id301455650
344555524;https://vk.ru/id344555524;301455650;https://vk.ru/id301455650
347155920;https://vk.ru/id347155920;301455650;https://vk.ru/id301455650
347299641;https://vk.ru/id347299641;301455650;https://vk.ru/id301455650
351026442;https://vk.ru/id351026442;301455650;https://vk.ru/id301455650
351914493;https://vk.ru/id351914493;301455650;https://vk.ru/id301455650
352660459;https://vk.ru/id352660459;301455650;https://vk.ru/id301455650
358062207;https://vk.ru/id358062207;301455650;https://vk.ru/id301455650
369378156;https://vk.ru/id369378156;301455650;https://vk.ru/id301455650
381504336;https://vk.ru/id381504336;301455650;https://vk.ru/id301455650
381663009;https://vk.ru/id381663009;301455650;https://vk.ru/id301455650
388004852;https://vk.ru/id388004852;301455650;https://vk.ru/id301455650
390582561;https://vk.ru/id390582561;301455650;https://vk.ru/id301455650
397207329;https://vk.ru/id397207329;301455650;https://vk.ru/id301455650
400418558;https://vk.ru/id400418558;301455650;https://vk.ru/id301455650
400754406;https://vk.ru/id400754406;301455650;https://vk.ru/id301455650
404079734;https://vk.ru/id404079734;301455650;https://vk.ru/id301455650
407943960;https://vk.ru/id407943960;301455650;https://vk.ru/id301455650
425583286;https://vk.ru/id425583286;301455650;https://vk.ru/id301455650
433535850;https://vk.ru/id433535850;301455650;https://vk.ru/id301455650
438577515;https://vk.ru/id438577515;301455650;https://vk.ru/id301455650
444755184;https://vk.ru/id444755184;301455650;https://vk.ru/id301455650
447458997;https://vk.ru/id447458997;301455650;https://vk.ru/id301455650
448944316;https://vk.ru/id448944316;301455650;https://vk.ru/id301455650
455136333;https://vk.ru/id455136333;301455650;https://vk.ru/id301455650
456367292;https://vk.ru/id456367292;301455650;https://vk.ru/id301455650
468262551;https://vk.ru/id468262551;301455650;https://vk.ru/id301455650
473522903;https://vk.ru/id473522903;301455650;https://vk.ru/id301455650
480512650;https://vk.ru/id480512650;301455650;https://vk.ru/id301455650
522540908;https://vk.ru/id522540908;301455650;https://vk.ru/id301455650
606938038;https://vk.ru/id606938038;301455650;https://vk.ru/id301455650
483076785;https://vk.ru/id483076785;422397933;https://vk.ru/id422397933
483204586;https://vk.ru/id483204586;422397933;https://vk.ru/id422397933
483292673;https://vk.ru/id483292673;422397933;https://vk.ru/id422397933
483443420;https://vk.ru/id483443420;422397933;https://vk.ru/id422397933
483642934;https://vk.ru/id483642934;422397933;https://vk.ru/id422397933
483708960;https://vk.ru/id483708960;422397933;https://vk.ru/id422397933
483950575;https://vk.ru/id483950575;422397933;https://vk.ru/id422397933
483988224;https://vk.ru/id483988224;422397933;https://vk.ru/id422397933
484118294;https://vk.ru/id484118294;422397933;https://vk.ru/id422397933
484392445;https://vk.ru/id484392445;422397933;https://vk.ru/id422397933
484792958;https://vk.ru/id484792958;422397933;https://vk.ru/id422397933
485158787;https://vk.ru/id485158787;422397933;https://vk.ru/id422397933
485168623;https://vk.ru/id485168623;422397933;https://vk.ru/id422397933
485422276;https://vk.ru/id485422276;422397933;https://vk.ru/id422397933
485610253;https://vk.ru/id485610253;422397933;https://vk.ru/id422397933
485742102;https://vk.ru/id485742102;422397933;https://vk.ru/id422397933
485745361;https://vk.ru/id485745361;422397933;https://vk.ru/id422397933
486676897;https://vk.ru/id486676897;422397933;https://vk.ru/id422397933
487091454;https://vk.ru/id487091454;422397933;https://vk.ru/id422397933
487173227;https://vk.ru/id487173227;422397933;https://vk.ru/id422397933
487266005;https://vk.ru/id487266005;422397933;https://vk.ru/id422397933
487602048;https://vk.ru/id487602048;422397933;https://vk.ru/id422397933
487836105;https://vk.ru/id487836105;422397933;https://vk.ru/id422397933
487970016;https://vk.ru/id487970016;422397933;https://vk.ru/id422397933
487994701;https://vk.ru/id487994701;422397933;https://vk.ru/id422397933
488081340;https://vk.ru/id488081340;422397933;https://vk.ru/id422397933
488137965;https://vk.ru/id488137965;422397933;https://vk.ru/id422397933
488195449;https://vk.ru/id488195449;422397933;https://vk.ru/id422397933
488549878;https://vk.ru/id488549878;422397933;https://vk.ru/id422397933
488636834;https://vk.ru/id488636834;422397933;https://vk.ru/id422397933
488667957;https://vk.ru/id488667957;422397933;https://vk.ru/id422397933
489204411;https://vk.ru/id489204411;422397933;https://vk.ru/id422397933
489372090;https://vk.ru/id489372090;422397933;https://vk.ru/id422397933
489524885;https://vk.ru/id489524885;422397933;https://vk.ru/id422397933
489564909;https://vk.ru/id489564909;422397933;https://vk.ru/id422397933
489575267;https://vk.ru/id489575267;422397933;https://vk.ru/id422397933
489711048;https://vk.ru/id489711048;422397933;https://vk.ru/id422397933
489781624;https://vk.ru/id489781624;422397933;https://vk.ru/id422397933
489826092;https://vk.ru/id489826092;422397933;https://vk.ru/id422397933
489880494;https://vk.ru/id489880494;422397933;https://vk.ru/id422397933
489905969;https://vk.ru/id489905969;422397933;https://vk.ru/id422397933
490242043;https://vk.ru/id490242043;422397933;https://vk.ru/id422397933
490507192;https://vk.ru/id490507192;422397933;https://vk.ru/id422397933
491180308;https://vk.ru/id491180308;422397933;https://vk.ru/id422397933
491189225;https://vk.ru/id491189225;422397933;https://vk.ru/id422397933
491388057;https://vk.ru/id491388057;422397933;https://vk.ru/id422397933
491389498;https://vk.ru/id491389498;422397933;https://vk.ru/id422397933
491390552;https://vk.ru/id491390552;422397933;https://vk.ru/id422397933
491507074;https://vk.ru/id491507074;422397933;https://vk.ru/id422397933
491819332;https://vk.ru/id491819332;422397933;https://vk.ru/id422397933
491874825;https://vk.ru/id491874825;422397933;https://vk.ru/id422397933
492036798;https://vk.ru/id492036798;422397933;https://vk.ru/id422397933
492183206;https://vk.ru/id492183206;422397933;https://vk.ru/id422397933
492245923;https://vk.ru/id492245923;422397933;https://vk.ru/id422397933
492430547;https://vk.ru/id492430547;422397933;https://vk.ru/id422397933
492436609;https://vk.ru/id492436609;422397933;https://vk.ru/id422397933
492491012;https://vk.ru/id492491012;422397933;https://vk.ru/id422397933
492533214;https://vk.ru/id492533214;422397933;https://vk.ru/id422397933
492738567;https://vk.ru/id492738567;422397933;https://vk.ru/id422397933
492795902;https://vk.ru/id492795902;422397933;https://vk.ru/id422397933
492816715;https://vk.ru/id492816715;422397933;https://vk.ru/id422397933
492967913;https://vk.ru/id492967913;422397933;https://vk.ru/id422397933
493196359;https://vk.ru/id493196359;422397933;https://vk.ru/id422397933
494028936;https://vk.ru/id494028936;422397933;https://vk.ru/id422397933
494121468;https://vk.ru/id494121468;422397933;https://vk.ru/id422397933
494182587;https://vk.ru/id494182587;422397933;https://vk.ru/id422397933
494324315;https://vk.ru/id494324315;422397933;https://vk.ru/id422397933
494481372;https://vk.ru/id494481372;422397933;https://vk.ru/id422397933
495037604;https://vk.ru/id495037604;422397933;https://vk.ru/id422397933
495371428;https://vk.ru/id495371428;422397933;https://vk.ru/id422397933
495534212;https://vk.ru/id495534212;422397933;https://vk.ru/id422397933
495711939;https://vk.ru/id495711939;422397933;https://vk.ru/id422397933
495764519;https://vk.ru/id495764519;422397933;https://vk.ru/id422397933
495832225;https://vk.ru/id495832225;422397933;https://vk.ru/id422397933
495870601;https://vk.ru/id495870601;422397933;https://vk.ru/id422397933
496006750;https://vk.ru/id496006750;422397933;https://vk.ru/id422397933
496234544;https://vk.ru/id496234544;422397933;https://vk.ru/id422397933
496373001;https://vk.ru/id496373001;422397933;https://vk.ru/id422397933
497125806;https://vk.ru/id497125806;422397933;https://vk.ru/id422397933
497207974;https://vk.ru/id497207974;422397933;https://vk.ru/id422397933
497441352;https://vk.ru/id497441352;422397933;https://vk.ru/id422397933
497876698;https://vk.ru/id497876698;422397933;https://vk.ru/id422397933
498184947;https://vk.ru/id498184947;422397933;https://vk.ru/id422397933
498336415;https://vk.ru/id498336415;422397933;https://vk.ru/id422397933
498342657;https://vk.ru/id498342657;422397933;https://vk.ru/id422397933
498421973;https://vk.ru/id498421973;422397933;https://vk.ru/id422397933
498896178;https://vk.ru/id498896178;422397933;https://vk.ru/id422397933
499240199;https://vk.ru/id499240199;422397933;https://vk.ru/id422397933
499346510;https://vk.ru/id499346510;422397933;https://vk.ru/id422397933
499671201;https://vk.ru/id499671201;422397933;https://vk.ru/id422397933
499682472;https://vk.ru/id499682472;422397933;https://vk.ru/id422397933
499735114;https://vk.ru/id499735114;422397933;https://vk.ru/id422397933
499751819;https://vk.ru/id499751819;422397933;https://vk.ru/id422397933
500475512;https://vk.ru/id500475512;422397933;https://vk.ru/id422397933
500778545;https://vk.ru/id500778545;422397933;https://vk.ru/id422397933
500806418;https://vk.ru/id500806418;422397933;https://vk.ru/id422397933
500882448;https://vk.ru/id500882448;422397933;https://vk.ru/id422397933
501045386;https://vk.ru/id501045386;422397933;https://vk.ru/id422397933
501071096;https://vk.ru/id501071096;422397933;https://vk.ru/id422397933
501703708;https://vk.ru/id501703708;422397933;https://vk.ru/id422397933
501795768;https://vk.ru/id501795768;422397933;https://vk.ru/id422397933
501928479;https://vk.ru/id501928479;422397933;https://vk.ru/id422397933
501969314;https://vk.ru/id501969314;422397933;https://vk.ru/id422397933
502073474;https://vk.ru/id502073474;422397933;https://vk.ru/id422397933
502189688;https://vk.ru/id502189688;422397933;https://vk.ru/id422397933
502763595;https://vk.ru/id502763595;422397933;https://vk.ru/id422397933
502931491;https://vk.ru/id502931491;422397933;https://vk.ru/id422397933
503377115;https://vk.ru/id503377115;422397933;https://vk.ru/id422397933
503767735;https://vk.ru/id503767735;422397933;https://vk.ru/id422397933
503811757;https://vk.ru/id503811757;422397933;https://vk.ru/id422397933
504625184;https://vk.ru/id504625184;422397933;https://vk.ru/id422397933
504729695;https://vk.ru/id504729695;422397933;https://vk.ru/id422397933
504764442;https://vk.ru/id504764442;422397933;https://vk.ru/id422397933
504862743;https://vk.ru/id504862743;422397933;https://vk.ru/id422397933
505510898;https://vk.ru/id505510898;422397933;https://vk.ru/id422397933
505836117;https://vk.ru/id505836117;422397933;https://vk.ru/id422397933
506033044;https://vk.ru/id506033044;422397933;https://vk.ru/id422397933
506363081;https://vk.ru/id506363081;422397933;https://vk.ru/id422397933
506671574;https://vk.ru/id506671574;422397933;https://vk.ru/id422397933
506686352;https://vk.ru/id506686352;422397933;https://vk.ru/id422397933
506738828;https://vk.ru/id506738828;422397933;https://vk.ru/id422397933
506800704;https://vk.ru/id506800704;422397933;https://vk.ru/id422397933
507094638;https://vk.ru/id507094638;422397933;https://vk.ru/id422397933
507313975;https://vk.ru/id507313975;422397933;https://vk.ru/id422397933
507342306;https://vk.ru/id507342306;422397933;https://vk.ru/id422397933
507524524;https://vk.ru/id507524524;422397933;https://vk.ru/id422397933
507736497;https://vk.ru/id507736497;422397933;https://vk.ru/id422397933
507935651;https://vk.ru/id507935651;422397933;https://vk.ru/id422397933
508478863;https://vk.ru/id508478863;422397933;https://vk.ru/id422397933
508522179;https://vk.ru/id508522179;422397933;https://vk.ru/id422397933
508621843;https://vk.ru/id508621843;422397933;https://vk.ru/id422397933
508635597;https://vk.ru/id508635597;422397933;https://vk.ru/id422397933
509211047;https://vk.ru/id509211047;422397933;https://vk.ru/id422397933
509392727;https://vk.ru/id509392727;422397933;https://vk.ru/id422397933
509597578;https://vk.ru/id509597578;422397933;https://vk.ru/id422397933
509971976;https://vk.ru/id509971976;422397933;https://vk.ru/id422397933
510350465;https://vk.ru/id510350465;422397933;https://vk.ru/id422397933
510438819;https://vk.ru/id510438819;422397933;https://vk.ru/id422397933
510989421;https://vk.ru/id510989421;422397933;https://vk.ru/id422397933
511099334;https://vk.ru/id511099334;422397933;https://vk.ru/id422397933
511497323;https://vk.ru/id511497323;422397933;https://vk.ru/id422397933
511653229;https://vk.ru/id511653229;422397933;https://vk.ru/id422397933
511654604;https://vk.ru/id511654604;422397933;https://vk.ru/id422397933
511748861;https://vk.ru/id511748861;422397933;https://vk.ru/id422397933
512159778;https://vk.ru/id512159778;422397933;https://vk.ru/id422397933
512763551;https://vk.ru/id512763551;422397933;https://vk.ru/id422397933
513000087;https://vk.ru/id513000087;422397933;https://vk.ru/id422397933
513155767;https://vk.ru/id513155767;422397933;https://vk.ru/id422397933
513330784;https://vk.ru/id513330784;422397933;https://vk.ru/id422397933
513439310;https://vk.ru/id513439310;422397933;https://vk.ru/id422397933
513476214;https://vk.ru/id513476214;422397933;https://vk.ru/id422397933
513547133;https://vk.ru/id513547133;422397933;https://vk.ru/id422397933
514072750;https://vk.ru/id514072750;422397933;https://vk.ru/id422397933
514491582;https://vk.ru/id514491582;422397933;https://vk.ru/id422397933
514584003;https://vk.ru/id514584003;422397933;https://vk.ru/id422397933
514636630;https://vk.ru/id514636630;422397933;https://vk.ru/id422397933
514772065;https://vk.ru/id514772065;422397933;https://vk.ru/id422397933
515190381;https://vk.ru/id515190381;422397933;https://vk.ru/id422397933
515347645;https://vk.ru/id515347645;422397933;https://vk.ru/id422397933
515566042;https://vk.ru/id515566042;422397933;https://vk.ru/id422397933
516120785;https://vk.ru/id516120785;422397933;https://vk.ru/id422397933
516131731;https://vk.ru/id516131731;422397933;https://vk.ru/id422397933
516146289;https://vk.ru/id516146289;422397933;https://vk.ru/id422397933
516606643;https://vk.ru/id516606643;422397933;https://vk.ru/id422397933
516795182;https://vk.ru/id516795182;422397933;https://vk.ru/id422397933
516844082;https://vk.ru/id516844082;422397933;https://vk.ru/id422397933
516883909;https://vk.ru/id516883909;422397933;https://vk.ru/id422397933
516943934;https://vk.ru/id516943934;422397933;https://vk.ru/id422397933
517029811;https://vk.ru/id517029811;422397933;https://vk.ru/id422397933
517066545;https://vk.ru/id517066545;422397933;https://vk.ru/id422397933
517293665;https://vk.ru/id517293665;422397933;https://vk.ru/id422397933
517421898;https://vk.ru/id517421898;422397933;https://vk.ru/id422397933
517451280;https://vk.ru/id517451280;422397933;https://vk.ru/id422397933
517674424;https://vk.ru/id517674424;422397933;https://vk.ru/id422397933
517698872;https://vk.ru/id517698872;422397933;https://vk.ru/id422397933
517715471;https://vk.ru/id517715471;422397933;https://vk.ru/id422397933
518090086;https://vk.ru/id518090086;422397933;https://vk.ru/id422397933
518152833;https://vk.ru/id518152833;422397933;https://vk.ru/id422397933
519021308;https://vk.ru/id519021308;422397933;https://vk.ru/id422397933
519028517;https://vk.ru/id519028517;422397933;https://vk.ru/id422397933
519277380;https://vk.ru/id519277380;422397933;https://vk.ru/id422397933
519339826;https://vk.ru/id519339826;422397933;https://vk.ru/id422397933
519567350;https://vk.ru/id519567350;422397933;https://vk.ru/id422397933
519646962;https://vk.ru/id519646962;422397933;https://vk.ru/id422397933
519704494;https://vk.ru/id519704494;422397933;https://vk.ru/id422397933
520056845;https://vk.ru/id520056845;422397933;https://vk.ru/id422397933
520221201;https://vk.ru/id520221201;422397933;https://vk.ru/id422397933
520449191;https://vk.ru/id520449191;422397933;https://vk.ru/id422397933
520918495;https://vk.ru/id520918495;422397933;https://vk.ru/id422397933
521296508;https://vk.ru/id521296508;422397933;https://vk.ru/id422397933
522081260;https://vk.ru/id522081260;422397933;https://vk.ru/id422397933
522242455;https://vk.ru/id522242455;422397933;https://vk.ru/id422397933
522504066;https://vk.ru/id522504066;422397933;https://vk.ru/id422397933
522925582;https://vk.ru/id522925582;422397933;https://vk.ru/id422397933
523120904;https://vk.ru/id523120904;422397933;https://vk.ru/id422397933
523144923;https://vk.ru/id523144923;422397933;https://vk.ru/id422397933
523406776;https://vk.ru/id523406776;422397933;https://vk.ru/id422397933
523727671;https://vk.ru/id523727671;422397933;https://vk.ru/id422397933
523974020;https://vk.ru/id523974020;422397933;https://vk.ru/id422397933
524036086;https://vk.ru/id524036086;422397933;https://vk.ru/id422397933
524966506;https://vk.ru/id524966506;422397933;https://vk.ru/id422397933
524973946;https://vk.ru/id524973946;422397933;https://vk.ru/id422397933
525159645;https://vk.ru/id525159645;422397933;https://vk.ru/id422397933
525185150;https://vk.ru/id525185150;422397933;https://vk.ru/id422397933
525500650;https://vk.ru/id525500650;422397933;https://vk.ru/id422397933
525610503;https://vk.ru/id525610503;422397933;https://vk.ru/id422397933
525752529;https://vk.ru/id525752529;422397933;https://vk.ru/id422397933
525821966;https://vk.ru/id525821966;422397933;https://vk.ru/id422397933
526385543;https://vk.ru/id526385543;422397933;https://vk.ru/id422397933
526497449;https://vk.ru/id526497449;422397933;https://vk.ru/id422397933
526732021;https://vk.ru/id526732021;422397933;https://vk.ru/id422397933
528029045;https://vk.ru/id528029045;422397933;https://vk.ru/id422397933
528073215;https://vk.ru/id528073215;422397933;https://vk.ru/id422397933
528181138;https://vk.ru/id528181138;422397933;https://vk.ru/id422397933
528284530;https://vk.ru/id528284530;422397933;https://vk.ru/id422397933
528321487;https://vk.ru/id528321487;422397933;https://vk.ru/id422397933
528322498;https://vk.ru/id528322498;422397933;https://vk.ru/id422397933
528969668;https://vk.ru/id528969668;422397933;https://vk.ru/id422397933
529062327;https://vk.ru/id529062327;422397933;https://vk.ru/id422397933
529172983;https://vk.ru/id529172983;422397933;https://vk.ru/id422397933
529323299;https://vk.ru/id529323299;422397933;https://vk.ru/id422397933
529327784;https://vk.ru/id529327784;422397933;https://vk.ru/id422397933
529849156;https://vk.ru/id529849156;422397933;https://vk.ru/id422397933
529903417;https://vk.ru/id529903417;422397933;https://vk.ru/id422397933
529962551;https://vk.ru/id529962551;422397933;https://vk.ru/id422397933
530055205;https://vk.ru/id530055205;422397933;https://vk.ru/id422397933
530361995;https://vk.ru/id530361995;422397933;https://vk.ru/id422397933
530652338;https://vk.ru/id530652338;422397933;https://vk.ru/id422397933
530910866;https://vk.ru/id530910866;422397933;https://vk.ru/id422397933
531758609;https://vk.ru/id531758609;422397933;https://vk.ru/id422397933
532687353;https://vk.ru/id532687353;422397933;https://vk.ru/id422397933
533019703;https://vk.ru/id533019703;422397933;https://vk.ru/id422397933
533085883;https://vk.ru/id533085883;422397933;https://vk.ru/id422397933
533343612;https://vk.ru/id533343612;422397933;https://vk.ru/id422397933
533458166;https://vk.ru/id533458166;422397933;https://vk.ru/id422397933
533783526;https://vk.ru/id533783526;422397933;https://vk.ru/id422397933
534154244;https://vk.ru/id534154244;422397933;https://vk.ru/id422397933
534291365;https://vk.ru/id534291365;422397933;https://vk.ru/id422397933
534705135;https://vk.ru/id534705135;422397933;https://vk.ru/id422397933
535106644;https://vk.ru/id535106644;422397933;https://vk.ru/id422397933
535339170;https://vk.ru/id535339170;422397933;https://vk.ru/id422397933
535454907;https://vk.ru/id535454907;422397933;https://vk.ru/id422397933
535522114;https://vk.ru/id535522114;422397933;https://vk.ru/id422397933
535650472;https://vk.ru/id535650472;422397933;https://vk.ru/id422397933
536009720;https://vk.ru/id536009720;422397933;https://vk.ru/id422397933
536208339;https://vk.ru/id536208339;422397933;https://vk.ru/id422397933
536275579;https://vk.ru/id536275579;422397933;https://vk.ru/id422397933
536369404;https://vk.ru/id536369404;422397933;https://vk.ru/id422397933
536438160;https://vk.ru/id536438160;422397933;https://vk.ru/id422397933
537135106;https://vk.ru/id537135106;422397933;https://vk.ru/id422397933
537611387;https://vk.ru/id537611387;422397933;https://vk.ru/id422397933
537789350;https://vk.ru/id537789350;422397933;https://vk.ru/id422397933
537821688;https://vk.ru/id537821688;422397933;https://vk.ru/id422397933
538195616;https://vk.ru/id538195616;422397933;https://vk.ru/id422397933
538341199;https://vk.ru/id538341199;422397933;https://vk.ru/id422397933
538501903;https://vk.ru/id538501903;422397933;https://vk.ru/id422397933
538564194;https://vk.ru/id538564194;422397933;https://vk.ru/id422397933
538732363;https://vk.ru/id538732363;422397933;https://vk.ru/id422397933
538976683;https://vk.ru/id538976683;422397933;https://vk.ru/id422397933
539227793;https://vk.ru/id539227793;422397933;https://vk.ru/id422397933
539677611;https://vk.ru/id539677611;422397933;https://vk.ru/id422397933
539912500;https://vk.ru/id539912500;422397933;https://vk.ru/id422397933
539947387;https://vk.ru/id539947387;422397933;https://vk.ru/id422397933
539986127;https://vk.ru/id539986127;422397933;https://vk.ru/id422397933
540376576;https://vk.ru/id540376576;422397933;https://vk.ru/id422397933
540459844;https://vk.ru/id540459844;422397933;https://vk.ru/id422397933
541102307;https://vk.ru/id541102307;422397933;https://vk.ru/id422397933
541357455;https://vk.ru/id541357455;422397933;https://vk.ru/id422397933
541536233;https://vk.ru/id541536233;422397933;https://vk.ru/id422397933
541590558;https://vk.ru/id541590558;422397933;https://vk.ru/id422397933
541721074;https://vk.ru/id541721074;422397933;https://vk.ru/id422397933
541731342;https://vk.ru/id541731342;422397933;https://vk.ru/id422397933
541827390;https://vk.ru/id541827390;422397933;https://vk.ru/id422397933
542105526;https://vk.ru/id542105526;422397933;https://vk.ru/id422397933
542234773;https://vk.ru/id542234773;422397933;https://vk.ru/id422397933
542934477;https://vk.ru/id542934477;422397933;https://vk.ru/id422397933
542937617;https://vk.ru/id542937617;422397933;https://vk.ru/id422397933
543221669;https://vk.ru/id543221669;422397933;https://vk.ru/id422397933
543312346;https://vk.ru/id543312346;422397933;https://vk.ru/id422397933
543570809;https://vk.ru/id543570809;422397933;https://vk.ru/id422397933
543711573;https://vk.ru/id543711573;422397933;https://vk.ru/id422397933
543814812;https://vk.ru/id543814812;422397933;https://vk.ru/id422397933
543943346;https://vk.ru/id543943346;422397933;https://vk.ru/id422397933
544228181;https://vk.ru/id544228181;422397933;https://vk.ru/id422397933
544365747;https://vk.ru/id544365747;422397933;https://vk.ru/id422397933
544480994;https://vk.ru/id544480994;422397933;https://vk.ru/id422397933
544921057;https://vk.ru/id544921057;422397933;https://vk.ru/id422397933
545201706;https://vk.ru/id545201706;422397933;https://vk.ru/id422397933
545266358;https://vk.ru/id545266358;422397933;https://vk.ru/id422397933
545853322;https://vk.ru/id545853322;422397933;https://vk.ru/id422397933
546125947;https://vk.ru/id546125947;422397933;https://vk.ru/id422397933
546302685;https://vk.ru/id546302685;422397933;https://vk.ru/id422397933
546667580;https://vk.ru/id546667580;422397933;https://vk.ru/id422397933
546807036;https://vk.ru/id546807036;422397933;https://vk.ru/id422397933
547133062;https://vk.ru/id547133062;422397933;https://vk.ru/id422397933
547275692;https://vk.ru/id547275692;422397933;https://vk.ru/id422397933
547297363;https://vk.ru/id547297363;422397933;https://vk.ru/id422397933
547521525;https://vk.ru/id547521525;422397933;https://vk.ru/id422397933
548262182;https://vk.ru/id548262182;422397933;https://vk.ru/id422397933
548290002;https://vk.ru/id548290002;422397933;https://vk.ru/id422397933
548339361;https://vk.ru/id548339361;422397933;https://vk.ru/id422397933
548550935;https://vk.ru/id548550935;422397933;https://vk.ru/id422397933
548625466;https://vk.ru/id548625466;422397933;https://vk.ru/id422397933
549099454;https://vk.ru/id549099454;422397933;https://vk.ru/id422397933
550190111;https://vk.ru/id550190111;422397933;https://vk.ru/id422397933
550311249;https://vk.ru/id550311249;422397933;https://vk.ru/id422397933
550626309;https://vk.ru/id550626309;422397933;https://vk.ru/id422397933
550793272;https://vk.ru/id550793272;422397933;https://vk.ru/id422397933
551026327;https://vk.ru/id551026327;422397933;https://vk.ru/id422397933
551439857;https://vk.ru/id551439857;422397933;https://vk.ru/id422397933
551898983;https://vk.ru/id551898983;422397933;https://vk.ru/id422397933
552326023;https://vk.ru/id552326023;422397933;https://vk.ru/id422397933
553584556;https://vk.ru/id553584556;422397933;https://vk.ru/id422397933
553614903;https://vk.ru/id553614903;422397933;https://vk.ru/id422397933
553776598;https://vk.ru/id553776598;422397933;https://vk.ru/id422397933
553971958;https://vk.ru/id553971958;422397933;https://vk.ru/id422397933
554062803;https://vk.ru/id554062803;422397933;https://vk.ru/id422397933
554101081;https://vk.ru/id554101081;422397933;https://vk.ru/id422397933
554149906;https://vk.ru/id554149906;422397933;https://vk.ru/id422397933
554311248;https://vk.ru/id554311248;422397933;https://vk.ru/id422397933
554328989;https://vk.ru/id554328989;422397933;https://vk.ru/id422397933
554496957;https://vk.ru/id554496957;422397933;https://vk.ru/id422397933
554762305;https://vk.ru/id554762305;422397933;https://vk.ru/id422397933
554866173;https://vk.ru/id554866173;422397933;https://vk.ru/id422397933
555023830;https://vk.ru/id555023830;422397933;https://vk.ru/id422397933
555309370;https://vk.ru/id555309370;422397933;https://vk.ru/id422397933
555354852;https://vk.ru/id555354852;422397933;https://vk.ru/id422397933
555812570;https://vk.ru/id555812570;422397933;https://vk.ru/id422397933
555967626;https://vk.ru/id555967626;422397933;https://vk.ru/id422397933
556299500;https://vk.ru/id556299500;422397933;https://vk.ru/id422397933
556302409;https://vk.ru/id556302409;422397933;https://vk.ru/id422397933
556349646;https://vk.ru/id556349646;422397933;https://vk.ru/id422397933
556692551;https://vk.ru/id556692551;422397933;https://vk.ru/id422397933
556764274;https://vk.ru/id556764274;422397933;https://vk.ru/id422397933
557110601;https://vk.ru/id557110601;422397933;https://vk.ru/id422397933
557547129;https://vk.ru/id557547129;422397933;https://vk.ru/id422397933
557890518;https://vk.ru/id557890518;422397933;https://vk.ru/id422397933
557953431;https://vk.ru/id557953431;422397933;https://vk.ru/id422397933
558244098;https://vk.ru/id558244098;422397933;https://vk.ru/id422397933
558247950;https://vk.ru/id558247950;422397933;https://vk.ru/id422397933
558255592;https://vk.ru/id558255592;422397933;https://vk.ru/id422397933
558454720;https://vk.ru/id558454720;422397933;https://vk.ru/id422397933
558789789;https://vk.ru/id558789789;422397933;https://vk.ru/id422397933
558878197;https://vk.ru/id558878197;422397933;https://vk.ru/id422397933
558893207;https://vk.ru/id558893207;422397933;https://vk.ru/id422397933
558918647;https://vk.ru/id558918647;422397933;https://vk.ru/id422397933
559224548;https://vk.ru/id559224548;422397933;https://vk.ru/id422397933
559460814;https://vk.ru/id559460814;422397933;https://vk.ru/id422397933
559633297;https://vk.ru/id559633297;422397933;https://vk.ru/id422397933
559657999;https://vk.ru/id559657999;422397933;https://vk.ru/id422397933
559960883;https://vk.ru/id559960883;422397933;https://vk.ru/id422397933
560100587;https://vk.ru/id560100587;422397933;https://vk.ru/id422397933
560149066;https://vk.ru/id560149066;422397933;https://vk.ru/id422397933
560184015;https://vk.ru/id560184015;422397933;https://vk.ru/id422397933
560208394;https://vk.ru/id560208394;422397933;https://vk.ru/id422397933
560275042;https://vk.ru/id560275042;422397933;https://vk.ru/id422397933
560397754;https://vk.ru/id560397754;422397933;https://vk.ru/id422397933
560420477;https://vk.ru/id560420477;422397933;https://vk.ru/id422397933
560453118;https://vk.ru/id560453118;422397933;https://vk.ru/id422397933
560801188;https://vk.ru/id560801188;422397933;https://vk.ru/id422397933
561043510;https://vk.ru/id561043510;422397933;https://vk.ru/id422397933
561225034;https://vk.ru/id561225034;422397933;https://vk.ru/id422397933
561492491;https://vk.ru/id561492491;422397933;https://vk.ru/id422397933
561675217;https://vk.ru/id561675217;422397933;https://vk.ru/id422397933
561787026;https://vk.ru/id561787026;422397933;https://vk.ru/id422397933
561874589;https://vk.ru/id561874589;422397933;https://vk.ru/id422397933
562179187;https://vk.ru/id562179187;422397933;https://vk.ru/id422397933
562523666;https://vk.ru/id562523666;422397933;https://vk.ru/id422397933
562625774;https://vk.ru/id562625774;422397933;https://vk.ru/id422397933
563137284;https://vk.ru/id563137284;422397933;https://vk.ru/id422397933
563359800;https://vk.ru/id563359800;422397933;https://vk.ru/id422397933
563412267;https://vk.ru/id563412267;422397933;https://vk.ru/id422397933
563848365;https://vk.ru/id563848365;422397933;https://vk.ru/id422397933
563911462;https://vk.ru/id563911462;422397933;https://vk.ru/id422397933
564379602;https://vk.ru/id564379602;422397933;https://vk.ru/id422397933
564435122;https://vk.ru/id564435122;422397933;https://vk.ru/id422397933
564968706;https://vk.ru/id564968706;422397933;https://vk.ru/id422397933
564997095;https://vk.ru/id564997095;422397933;https://vk.ru/id422397933
565824159;https://vk.ru/id565824159;422397933;https://vk.ru/id422397933
566253509;https://vk.ru/id566253509;422397933;https://vk.ru/id422397933
566267862;https://vk.ru/id566267862;422397933;https://vk.ru/id422397933
566280120;https://vk.ru/id566280120;422397933;https://vk.ru/id422397933
566420808;https://vk.ru/id566420808;422397933;https://vk.ru/id422397933
566609489;https://vk.ru/id566609489;422397933;https://vk.ru/id422397933
566679209;https://vk.ru/id566679209;422397933;https://vk.ru/id422397933
567430699;https://vk.ru/id567430699;422397933;https://vk.ru/id422397933
567588961;https://vk.ru/id567588961;422397933;https://vk.ru/id422397933
569125867;https://vk.ru/id569125867;422397933;https://vk.ru/id422397933
569180779;https://vk.ru/id569180779;422397933;https://vk.ru/id422397933
569357698;https://vk.ru/id569357698;422397933;https://vk.ru/id422397933
569476474;https://vk.ru/id569476474;422397933;https://vk.ru/id422397933
569637668;https://vk.ru/id569637668;422397933;https://vk.ru/id422397933
570300906;https://vk.ru/id570300906;422397933;https://vk.ru/id422397933
570900001;https://vk.ru/id570900001;422397933;https://vk.ru/id422397933
571286380;https://vk.ru/id571286380;422397933;https://vk.ru/id422397933
571659986;https://vk.ru/id571659986;422397933;https://vk.ru/id422397933
572093500;https://vk.ru/id572093500;422397933;https://vk.ru/id422397933
572314848;https://vk.ru/id572314848;422397933;https://vk.ru/id422397933
572459982;https://vk.ru/id572459982;422397933;https://vk.ru/id422397933
572481806;https://vk.ru/id572481806;422397933;https://vk.ru/id422397933
572519322;https://vk.ru/id572519322;422397933;https://vk.ru/id422397933
572631682;https://vk.ru/id572631682;422397933;https://vk.ru/id422397933
572648925;https://vk.ru/id572648925;422397933;https://vk.ru/id422397933
572856709;https://vk.ru/id572856709;422397933;https://vk.ru/id422397933
572858750;https://vk.ru/id572858750;422397933;https://vk.ru/id422397933
572883166;https://vk.ru/id572883166;422397933;https://vk.ru/id422397933
573103569;https://vk.ru/id573103569;422397933;https://vk.ru/id422397933
573985021;https://vk.ru/id573985021;422397933;https://vk.ru/id422397933
574592015;https://vk.ru/id574592015;422397933;https://vk.ru/id422397933
574662280;https://vk.ru/id574662280;422397933;https://vk.ru/id422397933
574742075;https://vk.ru/id574742075;422397933;https://vk.ru/id422397933
574920864;https://vk.ru/id574920864;422397933;https://vk.ru/id422397933
575225379;https://vk.ru/id575225379;422397933;https://vk.ru/id422397933
575301710;https://vk.ru/id575301710;422397933;https://vk.ru/id422397933
575484446;https://vk.ru/id575484446;422397933;https://vk.ru/id422397933
575616527;https://vk.ru/id575616527;422397933;https://vk.ru/id422397933
575913308;https://vk.ru/id575913308;422397933;https://vk.ru/id422397933
576149324;https://vk.ru/id576149324;422397933;https://vk.ru/id422397933
577229300;https://vk.ru/id577229300;422397933;https://vk.ru/id422397933
578235596;https://vk.ru/id578235596;422397933;https://vk.ru/id422397933
578612936;https://vk.ru/id578612936;422397933;https://vk.ru/id422397933
578816254;https://vk.ru/id578816254;422397933;https://vk.ru/id422397933
578989505;https://vk.ru/id578989505;422397933;https://vk.ru/id422397933
579022463;https://vk.ru/id579022463;422397933;https://vk.ru/id422397933
579325729;https://vk.ru/id579325729;422397933;https://vk.ru/id422397933
579380000;https://vk.ru/id579380000;422397933;https://vk.ru/id422397933
579405322;https://vk.ru/id579405322;422397933;https://vk.ru/id422397933
579567568;https://vk.ru/id579567568;422397933;https://vk.ru/id422397933
579575263;https://vk.ru/id579575263;422397933;https://vk.ru/id422397933
579865490;https://vk.ru/id579865490;422397933;https://vk.ru/id422397933
580122843;https://vk.ru/id580122843;422397933;https://vk.ru/id422397933
580201537;https://vk.ru/id580201537;422397933;https://vk.ru/id422397933
581950008;https://vk.ru/id581950008;422397933;https://vk.ru/id422397933
582934247;https://vk.ru/id582934247;422397933;https://vk.ru/id422397933
583106714;https://vk.ru/id583106714;422397933;https://vk.ru/id422397933
583282729;https://vk.ru/id583282729;422397933;https://vk.ru/id422397933
583421935;https://vk.ru/id583421935;422397933;https://vk.ru/id422397933
583765049;https://vk.ru/id583765049;422397933;https://vk.ru/id422397933
584086067;https://vk.ru/id584086067;422397933;https://vk.ru/id422397933
584369142;https://vk.ru/id584369142;422397933;https://vk.ru/id422397933
584435663;https://vk.ru/id584435663;422397933;https://vk.ru/id422397933
584498657;https://vk.ru/id584498657;422397933;https://vk.ru/id422397933
584526466;https://vk.ru/id584526466;422397933;https://vk.ru/id422397933
584596423;https://vk.ru/id584596423;422397933;https://vk.ru/id422397933
585770401;https://vk.ru/id585770401;422397933;https://vk.ru/id422397933
586155642;https://vk.ru/id586155642;422397933;https://vk.ru/id422397933
586178108;https://vk.ru/id586178108;422397933;https://vk.ru/id422397933
586519863;https://vk.ru/id586519863;422397933;https://vk.ru/id422397933
587807188;https://vk.ru/id587807188;422397933;https://vk.ru/id422397933
588000242;https://vk.ru/id588000242;422397933;https://vk.ru/id422397933
588181320;https://vk.ru/id588181320;422397933;https://vk.ru/id422397933
588321395;https://vk.ru/id588321395;422397933;https://vk.ru/id422397933
588424310;https://vk.ru/id588424310;422397933;https://vk.ru/id422397933
588483386;https://vk.ru/id588483386;422397933;https://vk.ru/id422397933
588931930;https://vk.ru/id588931930;422397933;https://vk.ru/id422397933
589408529;https://vk.ru/id589408529;422397933;https://vk.ru/id422397933
590637517;https://vk.ru/id590637517;422397933;https://vk.ru/id422397933
591282692;https://vk.ru/id591282692;422397933;https://vk.ru/id422397933
591612492;https://vk.ru/id591612492;422397933;https://vk.ru/id422397933
591712245;https://vk.ru/id591712245;422397933;https://vk.ru/id422397933
592131520;https://vk.ru/id592131520;422397933;https://vk.ru/id422397933
592329358;https://vk.ru/id592329358;422397933;https://vk.ru/id422397933
592723187;https://vk.ru/id592723187;422397933;https://vk.ru/id422397933
593487629;https://vk.ru/id593487629;422397933;https://vk.ru/id422397933
594142861;https://vk.ru/id594142861;422397933;https://vk.ru/id422397933
594816480;https://vk.ru/id594816480;422397933;https://vk.ru/id422397933
595037992;https://vk.ru/id595037992;422397933;https://vk.ru/id422397933
595136800;https://vk.ru/id595136800;422397933;https://vk.ru/id422397933
595334116;https://vk.ru/id595334116;422397933;https://vk.ru/id422397933
596119424;https://vk.ru/id596119424;422397933;https://vk.ru/id422397933
596149183;https://vk.ru/id596149183;422397933;https://vk.ru/id422397933
596503572;https://vk.ru/id596503572;422397933;https://vk.ru/id422397933
597237505;https://vk.ru/id597237505;422397933;https://vk.ru/id422397933
598952564;https://vk.ru/id598952564;422397933;https://vk.ru/id422397933
598964860;https://vk.ru/id598964860;422397933;https://vk.ru/id422397933
598976235;https://vk.ru/id598976235;422397933;https://vk.ru/id422397933
599058705;https://vk.ru/id599058705;422397933;https://vk.ru/id422397933
599173891;https://vk.ru/id599173891;422397933;https://vk.ru/id422397933
599302372;https://vk.ru/id599302372;422397933;https://vk.ru/id422397933
599641897;https://vk.ru/id599641897;422397933;https://vk.ru/id422397933
599857499;https://vk.ru/id599857499;422397933;https://vk.ru/id422397933
599943342;https://vk.ru/id599943342;422397933;https://vk.ru/id422397933
599994807;https://vk.ru/id599994807;422397933;https://vk.ru/id422397933
600076475;https://vk.ru/id600076475;422397933;https://vk.ru/id422397933
600126632;https://vk.ru/id600126632;422397933;https://vk.ru/id422397933
600810448;https://vk.ru/id600810448;422397933;https://vk.ru/id422397933
600911313;https://vk.ru/id600911313;422397933;https://vk.ru/id422397933
602413756;https://vk.ru/id602413756;422397933;https://vk.ru/id422397933
602458306;https://vk.ru/id602458306;422397933;https://vk.ru/id422397933
602590721;https://vk.ru/id602590721;422397933;https://vk.ru/id422397933
602757444;https://vk.ru/id602757444;422397933;https://vk.ru/id422397933
602903152;https://vk.ru/id602903152;422397933;https://vk.ru/id422397933
603335130;https://vk.ru/id603335130;422397933;https://vk.ru/id422397933
603573850;https://vk.ru/id603573850;422397933;https://vk.ru/id422397933
604218107;https://vk.ru/id604218107;422397933;https://vk.ru/id422397933
604460596;https://vk.ru/id604460596;422397933;https://vk.ru/id422397933
604530959;https://vk.ru/id604530959;422397933;https://vk.ru/id422397933
604745073;https://vk.ru/id604745073;422397933;https://vk.ru/id422397933
604872997;https://vk.ru/id604872997;422397933;https://vk.ru/id422397933
604881436;https://vk.ru/id604881436;422397933;https://vk.ru/id422397933
605148236;https://vk.ru/id605148236;422397933;https://vk.ru/id422397933
605151864;https://vk.ru/id605151864;422397933;https://vk.ru/id422397933
605520356;https://vk.ru/id605520356;422397933;https://vk.ru/id422397933
606583233;https://vk.ru/id606583233;422397933;https://vk.ru/id422397933
607386085;https://vk.ru/id607386085;422397933;https://vk.ru/id422397933
607815353;https://vk.ru/id607815353;422397933;https://vk.ru/id422397933
607969779;https://vk.ru/id607969779;422397933;https://vk.ru/id422397933
608059132;https://vk.ru/id608059132;422397933;https://vk.ru/id422397933
608230314;https://vk.ru/id608230314;422397933;https://vk.ru/id422397933
608291312;https://vk.ru/id608291312;422397933;https://vk.ru/id422397933
608306047;https://vk.ru/id608306047;422397933;https://vk.ru/id422397933
609538785;https://vk.ru/id609538785;422397933;https://vk.ru/id422397933
609899540;https://vk.ru/id609899540;422397933;https://vk.ru/id422397933
609972439;https://vk.ru/id609972439;422397933;https://vk.ru/id422397933
610148439;https://vk.ru/id610148439;422397933;https://vk.ru/id422397933
610643693;https://vk.ru/id610643693;422397933;https://vk.ru/id422397933
611123120;https://vk.ru/id611123120;422397933;https://vk.ru/id422397933
611169652;https://vk.ru/id611169652;422397933;https://vk.ru/id422397933
611434102;https://vk.ru/id611434102;422397933;https://vk.ru/id422397933
611788621;https://vk.ru/id611788621;422397933;https://vk.ru/id422397933
611934639;https://vk.ru/id611934639;422397933;https://vk.ru/id422397933
612091073;https://vk.ru/id612091073;422397933;https://vk.ru/id422397933
612204821;https://vk.ru/id612204821;422397933;https://vk.ru/id422397933
612535236;https://vk.ru/id612535236;422397933;https://vk.ru/id422397933
612551108;https://vk.ru/id612551108;422397933;https://vk.ru/id422397933
612605814;https://vk.ru/id612605814;422397933;https://vk.ru/id422397933
612717660;https://vk.ru/id612717660;422397933;https://vk.ru/id422397933
612722230;https://vk.ru/id612722230;422397933;https://vk.ru/id422397933
612843827;https://vk.ru/id612843827;422397933;https://vk.ru/id422397933
612868325;https://vk.ru/id612868325;422397933;https://vk.ru/id422397933
612899179;https://vk.ru/id612899179;422397933;https://vk.ru/id422397933
613034797;https://vk.ru/id613034797;422397933;https://vk.ru/id422397933
613130901;https://vk.ru/id613130901;422397933;https://vk.ru/id422397933
613451490;https://vk.ru/id613451490;422397933;https://vk.ru/id422397933
613998536;https://vk.ru/id613998536;422397933;https://vk.ru/id422397933
614006754;https://vk.ru/id614006754;422397933;https://vk.ru/id422397933
614027715;https://vk.ru/id614027715;422397933;https://vk.ru/id422397933
614104265;https://vk.ru/id614104265;422397933;https://vk.ru/id422397933
614270391;https://vk.ru/id614270391;422397933;https://vk.ru/id422397933
614641488;https://vk.ru/id614641488;422397933;https://vk.ru/id422397933
614792310;https://vk.ru/id614792310;422397933;https://vk.ru/id422397933
615225253;https://vk.ru/id615225253;422397933;https://vk.ru/id422397933
615690565;https://vk.ru/id615690565;422397933;https://vk.ru/id422397933
615868294;https://vk.ru/id615868294;422397933;https://vk.ru/id422397933
615984887;https://vk.ru/id615984887;422397933;https://vk.ru/id422397933
616001142;https://vk.ru/id616001142;422397933;https://vk.ru/id422397933
616215816;https://vk.ru/id616215816;422397933;https://vk.ru/id422397933
616427571;https://vk.ru/id616427571;422397933;https://vk.ru/id422397933
617583623;https://vk.ru/id617583623;422397933;https://vk.ru/id422397933
617797237;https://vk.ru/id617797237;422397933;https://vk.ru/id422397933
617917796;https://vk.ru/id617917796;422397933;https://vk.ru/id422397933
618158350;https://vk.ru/id618158350;422397933;https://vk.ru/id422397933
618203981;https://vk.ru/id618203981;422397933;https://vk.ru/id422397933
618221398;https://vk.ru/id618221398;422397933;https://vk.ru/id422397933
618275344;https://vk.ru/id618275344;422397933;https://vk.ru/id422397933
618301761;https://vk.ru/id618301761;422397933;https://vk.ru/id422397933
618522853;https://vk.ru/id618522853;422397933;https://vk.ru/id422397933
618530821;https://vk.ru/id618530821;422397933;https://vk.ru/id422397933
618718797;https://vk.ru/id618718797;422397933;https://vk.ru/id422397933
619449393;https://vk.ru/id619449393;422397933;https://vk.ru/id422397933
620012815;https://vk.ru/id620012815;422397933;https://vk.ru/id422397933
620900334;https://vk.ru/id620900334;422397933;https://vk.ru/id422397933
621086486;https://vk.ru/id621086486;422397933;https://vk.ru/id422397933
621638874;https://vk.ru/id621638874;422397933;https://vk.ru/id422397933
622432809;https://vk.ru/id622432809;422397933;https://vk.ru/id422397933
622672449;https://vk.ru/id622672449;422397933;https://vk.ru/id422397933
622702574;https://vk.ru/id622702574;422397933;https://vk.ru/id422397933
624392800;https://vk.ru/id624392800;422397933;https://vk.ru/id422397933
624578716;https://vk.ru/id624578716;422397933;https://vk.ru/id422397933
624624323;https://vk.ru/id624624323;422397933;https://vk.ru/id422397933
624773339;https://vk.ru/id624773339;422397933;https://vk.ru/id422397933
625293534;https://vk.ru/id625293534;422397933;https://vk.ru/id422397933
625724670;https://vk.ru/id625724670;422397933;https://vk.ru/id422397933
625810228;https://vk.ru/id625810228;422397933;https://vk.ru/id422397933
626127292;https://vk.ru/id626127292;422397933;https://vk.ru/id422397933
626429440;https://vk.ru/id626429440;422397933;https://vk.ru/id422397933
628011295;https://vk.ru/id628011295;422397933;https://vk.ru/id422397933
628525861;https://vk.ru/id628525861;422397933;https://vk.ru/id422397933
628691477;https://vk.ru/id628691477;422397933;https://vk.ru/id422397933
628871223;https://vk.ru/id628871223;422397933;https://vk.ru/id422397933
629903117;https://vk.ru/id629903117;422397933;https://vk.ru/id422397933
630133109;https://vk.ru/id630133109;422397933;https://vk.ru/id422397933
630405027;https://vk.ru/id630405027;422397933;https://vk.ru/id422397933
630554428;https://vk.ru/id630554428;422397933;https://vk.ru/id422397933
630978153;https://vk.ru/id630978153;422397933;https://vk.ru/id422397933
631005506;https://vk.ru/id631005506;422397933;https://vk.ru/id422397933
631163457;https://vk.ru/id631163457;422397933;https://vk.ru/id422397933
631272962;https://vk.ru/id631272962;422397933;https://vk.ru/id422397933
632134355;https://vk.ru/id632134355;422397933;https://vk.ru/id422397933
632286983;https://vk.ru/id632286983;422397933;https://vk.ru/id422397933
632547607;https://vk.ru/id632547607;422397933;https://vk.ru/id422397933
632727374;https://vk.ru/id632727374;422397933;https://vk.ru/id422397933
633176546;https://vk.ru/id633176546;422397933;https://vk.ru/id422397933
634190460;https://vk.ru/id634190460;422397933;https://vk.ru/id422397933
634253688;https://vk.ru/id634253688;422397933;https://vk.ru/id422397933
635333951;https://vk.ru/id635333951;422397933;https://vk.ru/id422397933
635407889;https://vk.ru/id635407889;422397933;https://vk.ru/id422397933
635555330;https://vk.ru/id635555330;422397933;https://vk.ru/id422397933
635564663;https://vk.ru/id635564663;422397933;https://vk.ru/id422397933
635965215;https://vk.ru/id635965215;422397933;https://vk.ru/id422397933
636368150;https://vk.ru/id636368150;422397933;https://vk.ru/id422397933
636973403;https://vk.ru/id636973403;422397933;https://vk.ru/id422397933
637247579;https://vk.ru/id637247579;422397933;https://vk.ru/id422397933
637518464;https://vk.ru/id637518464;422397933;https://vk.ru/id422397933
637749177;https://vk.ru/id637749177;422397933;https://vk.ru/id422397933
637773935;https://vk.ru/id637773935;422397933;https://vk.ru/id422397933
637979543;https://vk.ru/id637979543;422397933;https://vk.ru/id422397933
639099971;https://vk.ru/id639099971;422397933;https://vk.ru/id422397933
639212607;https://vk.ru/id639212607;422397933;https://vk.ru/id422397933
639565971;https://vk.ru/id639565971;422397933;https://vk.ru/id422397933
639739686;https://vk.ru/id639739686;422397933;https://vk.ru/id422397933
640083191;https://vk.ru/id640083191;422397933;https://vk.ru/id422397933
640936877;https://vk.ru/id640936877;422397933;https://vk.ru/id422397933
641649974;https://vk.ru/id641649974;422397933;https://vk.ru/id422397933
642508866;https://vk.ru/id642508866;422397933;https://vk.ru/id422397933
642720525;https://vk.ru/id642720525;422397933;https://vk.ru/id422397933
642886418;https://vk.ru/id642886418;422397933;https://vk.ru/id422397933
643041616;https://vk.ru/id643041616;422397933;https://vk.ru/id422397933
643365123;https://vk.ru/id643365123;422397933;https://vk.ru/id422397933
643421967;https://vk.ru/id643421967;422397933;https://vk.ru/id422397933
643914930;https://vk.ru/id643914930;422397933;https://vk.ru/id422397933
644220418;https://vk.ru/id644220418;422397933;https://vk.ru/id422397933
644422353;https://vk.ru/id644422353;422397933;https://vk.ru/id422397933
644650204;https://vk.ru/id644650204;422397933;https://vk.ru/id422397933
644834409;https://vk.ru/id644834409;422397933;https://vk.ru/id422397933
646769660;https://vk.ru/id646769660;422397933;https://vk.ru/id422397933
647149607;https://vk.ru/id647149607;422397933;https://vk.ru/id422397933
647383048;https://vk.ru/id647383048;422397933;https://vk.ru/id422397933
647406000;https://vk.ru/id647406000;422397933;https://vk.ru/id422397933
648558995;https://vk.ru/id648558995;422397933;https://vk.ru/id422397933
649016122;https://vk.ru/id649016122;422397933;https://vk.ru/id422397933
649190505;https://vk.ru/id649190505;422397933;https://vk.ru/id422397933
649403774;https://vk.ru/id649403774;422397933;https://vk.ru/id422397933
650092326;https://vk.ru/id650092326;422397933;https://vk.ru/id422397933
650741245;https://vk.ru/id650741245;422397933;https://vk.ru/id422397933
651100891;https://vk.ru/id651100891;422397933;https://vk.ru/id422397933
652338205;https://vk.ru/id652338205;422397933;https://vk.ru/id422397933
652862531;https://vk.ru/id652862531;422397933;https://vk.ru/id422397933
652976175;https://vk.ru/id652976175;422397933;https://vk.ru/id422397933
653484998;https://vk.ru/id653484998;422397933;https://vk.ru/id422397933
653663797;https://vk.ru/id653663797;422397933;https://vk.ru/id422397933
653748197;https://vk.ru/id653748197;422397933;https://vk.ru/id422397933
654106126;https://vk.ru/id654106126;422397933;https://vk.ru/id422397933
654398021;https://vk.ru/id654398021;422397933;https://vk.ru/id422397933
654876178;https://vk.ru/id654876178;422397933;https://vk.ru/id422397933
655120049;https://vk.ru/id655120049;422397933;https://vk.ru/id422397933
655555896;https://vk.ru/id655555896;422397933;https://vk.ru/id422397933
655632263;https://vk.ru/id655632263;422397933;https://vk.ru/id422397933
656327714;https://vk.ru/id656327714;422397933;https://vk.ru/id422397933
656924213;https://vk.ru/id656924213;422397933;https://vk.ru/id422397933
657070790;https://vk.ru/id657070790;422397933;https://vk.ru/id422397933
657634691;https://vk.ru/id657634691;422397933;https://vk.ru/id422397933
657675740;https://vk.ru/id657675740;422397933;https://vk.ru/id422397933
657732121;https://vk.ru/id657732121;422397933;https://vk.ru/id422397933
658341602;https://vk.ru/id658341602;422397933;https://vk.ru/id422397933
658386859;https://vk.ru/id658386859;422397933;https://vk.ru/id422397933
658435609;https://vk.ru/id658435609;422397933;https://vk.ru/id422397933
659407255;https://vk.ru/id659407255;422397933;https://vk.ru/id422397933
659652416;https://vk.ru/id659652416;422397933;https://vk.ru/id422397933
659759954;https://vk.ru/id659759954;422397933;https://vk.ru/id422397933
660582809;https://vk.ru/id660582809;422397933;https://vk.ru/id422397933
660818788;https://vk.ru/id660818788;422397933;https://vk.ru/id422397933
660980016;https://vk.ru/id660980016;422397933;https://vk.ru/id422397933
662272472;https://vk.ru/id662272472;422397933;https://vk.ru/id422397933
662518150;https://vk.ru/id662518150;422397933;https://vk.ru/id422397933
662741463;https://vk.ru/id662741463;422397933;https://vk.ru/id422397933
662939893;https://vk.ru/id662939893;422397933;https://vk.ru/id422397933
663049309;https://vk.ru/id663049309;422397933;https://vk.ru/id422397933
663676754;https://vk.ru/id663676754;422397933;https://vk.ru/id422397933
663687985;https://vk.ru/id663687985;422397933;https://vk.ru/id422397933
663972218;https://vk.ru/id663972218;422397933;https://vk.ru/id422397933
664271415;https://vk.ru/id664271415;422397933;https://vk.ru/id422397933
664600077;https://vk.ru/id664600077;422397933;https://vk.ru/id422397933
664681520;https://vk.ru/id664681520;422397933;https://vk.ru/id422397933
665187388;https://vk.ru/id665187388;422397933;https://vk.ru/id422397933
665301727;https://vk.ru/id665301727;422397933;https://vk.ru/id422397933
665847143;https://vk.ru/id665847143;422397933;https://vk.ru/id422397933
665849164;https://vk.ru/id665849164;422397933;https://vk.ru/id422397933
666009083;https://vk.ru/id666009083;422397933;https://vk.ru/id422397933
666816490;https://vk.ru/id666816490;422397933;https://vk.ru/id422397933
666954706;https://vk.ru/id666954706;422397933;https://vk.ru/id422397933
667714131;https://vk.ru/id667714131;422397933;https://vk.ru/id422397933
667718405;https://vk.ru/id667718405;422397933;https://vk.ru/id422397933
667828829;https://vk.ru/id667828829;422397933;https://vk.ru/id422397933
667966429;https://vk.ru/id667966429;422397933;https://vk.ru/id422397933
668210260;https://vk.ru/id668210260;422397933;https://vk.ru/id422397933
668685441;https://vk.ru/id668685441;422397933;https://vk.ru/id422397933
668999355;https://vk.ru/id668999355;422397933;https://vk.ru/id422397933
669256953;https://vk.ru/id669256953;422397933;https://vk.ru/id422397933
669261749;https://vk.ru/id669261749;422397933;https://vk.ru/id422397933
669835729;https://vk.ru/id669835729;422397933;https://vk.ru/id422397933
669924306;https://vk.ru/id669924306;422397933;https://vk.ru/id422397933
669973814;https://vk.ru/id669973814;422397933;https://vk.ru/id422397933
670372193;https://vk.ru/id670372193;422397933;https://vk.ru/id422397933
670789454;https://vk.ru/id670789454;422397933;https://vk.ru/id422397933
671146428;https://vk.ru/id671146428;422397933;https://vk.ru/id422397933
671283284;https://vk.ru/id671283284;422397933;https://vk.ru/id422397933
671575903;https://vk.ru/id671575903;422397933;https://vk.ru/id422397933
671599144;https://vk.ru/id671599144;422397933;https://vk.ru/id422397933
671760207;https://vk.ru/id671760207;422397933;https://vk.ru/id422397933
671909219;https://vk.ru/id671909219;422397933;https://vk.ru/id422397933
671920407;https://vk.ru/id671920407;422397933;https://vk.ru/id422397933
671940091;https://vk.ru/id671940091;422397933;https://vk.ru/id422397933
671965036;https://vk.ru/id671965036;422397933;https://vk.ru/id422397933
672293728;https://vk.ru/id672293728;422397933;https://vk.ru/id422397933
672970318;https://vk.ru/id672970318;422397933;https://vk.ru/id422397933
673181323;https://vk.ru/id673181323;422397933;https://vk.ru/id422397933
673561168;https://vk.ru/id673561168;422397933;https://vk.ru/id422397933
673670833;https://vk.ru/id673670833;422397933;https://vk.ru/id422397933
674582090;https://vk.ru/id674582090;422397933;https://vk.ru/id422397933
674583598;https://vk.ru/id674583598;422397933;https://vk.ru/id422397933
674715870;https://vk.ru/id674715870;422397933;https://vk.ru/id422397933
675460112;https://vk.ru/id675460112;422397933;https://vk.ru/id422397933
675812543;https://vk.ru/id675812543;422397933;https://vk.ru/id422397933
676917128;https://vk.ru/id676917128;422397933;https://vk.ru/id422397933
676940302;https://vk.ru/id676940302;422397933;https://vk.ru/id422397933
677635939;https://vk.ru/id677635939;422397933;https://vk.ru/id422397933
677752354;https://vk.ru/id677752354;422397933;https://vk.ru/id422397933
677797131;https://vk.ru/id677797131;422397933;https://vk.ru/id422397933
677845527;https://vk.ru/id677845527;422397933;https://vk.ru/id422397933
677937690;https://vk.ru/id677937690;422397933;https://vk.ru/id422397933
678292161;https://vk.ru/id678292161;422397933;https://vk.ru/id422397933
678649184;https://vk.ru/id678649184;422397933;https://vk.ru/id422397933
679139224;https://vk.ru/id679139224;422397933;https://vk.ru/id422397933
679399989;https://vk.ru/id679399989;422397933;https://vk.ru/id422397933
680050623;https://vk.ru/id680050623;422397933;https://vk.ru/id422397933
680438592;https://vk.ru/id680438592;422397933;https://vk.ru/id422397933
681268341;https://vk.ru/id681268341;422397933;https://vk.ru/id422397933
681399417;https://vk.ru/id681399417;422397933;https://vk.ru/id422397933
682538775;https://vk.ru/id682538775;422397933;https://vk.ru/id422397933
682892180;https://vk.ru/id682892180;422397933;https://vk.ru/id422397933
683243001;https://vk.ru/id683243001;422397933;https://vk.ru/id422397933
684180830;https://vk.ru/id684180830;422397933;https://vk.ru/id422397933
684230956;https://vk.ru/id684230956;422397933;https://vk.ru/id422397933
684341170;https://vk.ru/id684341170;422397933;https://vk.ru/id422397933
684736901;https://vk.ru/id684736901;422397933;https://vk.ru/id422397933
684810515;https://vk.ru/id684810515;422397933;https://vk.ru/id422397933
684930763;https://vk.ru/id684930763;422397933;https://vk.ru/id422397933
685095958;https://vk.ru/id685095958;422397933;https://vk.ru/id422397933
685841755;https://vk.ru/id685841755;422397933;https://vk.ru/id422397933
686215107;https://vk.ru/id686215107;422397933;https://vk.ru/id422397933
686336927;https://vk.ru/id686336927;422397933;https://vk.ru/id422397933
687257870;https://vk.ru/id687257870;422397933;https://vk.ru/id422397933
687271715;https://vk.ru/id687271715;422397933;https://vk.ru/id422397933
687587125;https://vk.ru/id687587125;422397933;https://vk.ru/id422397933
687692499;https://vk.ru/id687692499;422397933;https://vk.ru/id422397933
687849249;https://vk.ru/id687849249;422397933;https://vk.ru/id422397933
688593345;https://vk.ru/id688593345;422397933;https://vk.ru/id422397933
688595454;https://vk.ru/id688595454;422397933;https://vk.ru/id422397933
688772305;https://vk.ru/id688772305;422397933;https://vk.ru/id422397933
689117100;https://vk.ru/id689117100;422397933;https://vk.ru/id422397933
689174414;https://vk.ru/id689174414;422397933;https://vk.ru/id422397933
689308541;https://vk.ru/id689308541;422397933;https://vk.ru/id422397933
689667714;https://vk.ru/id689667714;422397933;https://vk.ru/id422397933
690264722;https://vk.ru/id690264722;422397933;https://vk.ru/id422397933
690775248;https://vk.ru/id690775248;422397933;https://vk.ru/id422397933
691917030;https://vk.ru/id691917030;422397933;https://vk.ru/id422397933
691958879;https://vk.ru/id691958879;422397933;https://vk.ru/id422397933
692051237;https://vk.ru/id692051237;422397933;https://vk.ru/id422397933
692271690;https://vk.ru/id692271690;422397933;https://vk.ru/id422397933
692782645;https://vk.ru/id692782645;422397933;https://vk.ru/id422397933
692902285;https://vk.ru/id692902285;422397933;https://vk.ru/id422397933
693062465;https://vk.ru/id693062465;422397933;https://vk.ru/id422397933
693286374;https://vk.ru/id693286374;422397933;https://vk.ru/id422397933
693405278;https://vk.ru/id693405278;422397933;https://vk.ru/id422397933
693577057;https://vk.ru/id693577057;422397933;https://vk.ru/id422397933
693799936;https://vk.ru/id693799936;422397933;https://vk.ru/id422397933
693824139;https://vk.ru/id693824139;422397933;https://vk.ru/id422397933
694152474;https://vk.ru/id694152474;422397933;https://vk.ru/id422397933
694725284;https://vk.ru/id694725284;422397933;https://vk.ru/id422397933
694787940;https://vk.ru/id694787940;422397933;https://vk.ru/id422397933
695198838;https://vk.ru/id695198838;422397933;https://vk.ru/id422397933
695266286;https://vk.ru/id695266286;422397933;https://vk.ru/id422397933
695307761;https://vk.ru/id695307761;422397933;https://vk.ru/id422397933
695497814;https://vk.ru/id695497814;422397933;https://vk.ru/id422397933
695616188;https://vk.ru/id695616188;422397933;https://vk.ru/id422397933
695834030;https://vk.ru/id695834030;422397933;https://vk.ru/id422397933
696398641;https://vk.ru/id696398641;422397933;https://vk.ru/id422397933
697192737;https://vk.ru/id697192737;422397933;https://vk.ru/id422397933
697592367;https://vk.ru/id697592367;422397933;https://vk.ru/id422397933
698199067;https://vk.ru/id698199067;422397933;https://vk.ru/id422397933
698373409;https://vk.ru/id698373409;422397933;https://vk.ru/id422397933
698925043;https://vk.ru/id698925043;422397933;https://vk.ru/id422397933
698959820;https://vk.ru/id698959820;422397933;https://vk.ru/id422397933
699237349;https://vk.ru/id699237349;422397933;https://vk.ru/id422397933
699752576;https://vk.ru/id699752576;422397933;https://vk.ru/id422397933
700366741;https://vk.ru/id700366741;422397933;https://vk.ru/id422397933
700795733;https://vk.ru/id700795733;422397933;https://vk.ru/id422397933
701205521;https://vk.ru/id701205521;422397933;https://vk.ru/id422397933
701320200;https://vk.ru/id701320200;422397933;https://vk.ru/id422397933
702665028;https://vk.ru/id702665028;422397933;https://vk.ru/id422397933
703174977;https://vk.ru/id703174977;422397933;https://vk.ru/id422397933
703600001;https://vk.ru/id703600001;422397933;https://vk.ru/id422397933
703726204;https://vk.ru/id703726204;422397933;https://vk.ru/id422397933
704233210;https://vk.ru/id704233210;422397933;https://vk.ru/id422397933
704865648;https://vk.ru/id704865648;422397933;https://vk.ru/id422397933
705287692;https://vk.ru/id705287692;422397933;https://vk.ru/id422397933
705318808;https://vk.ru/id705318808;422397933;https://vk.ru/id422397933
705916953;https://vk.ru/id705916953;422397933;https://vk.ru/id422397933
705917840;https://vk.ru/id705917840;422397933;https://vk.ru/id422397933
707046191;https://vk.ru/id707046191;422397933;https://vk.ru/id422397933
707257510;https://vk.ru/id707257510;422397933;https://vk.ru/id422397933
707488763;https://vk.ru/id707488763;422397933;https://vk.ru/id422397933
707697352;https://vk.ru/id707697352;422397933;https://vk.ru/id422397933
708212748;https://vk.ru/id708212748;422397933;https://vk.ru/id422397933
708455109;https://vk.ru/id708455109;422397933;https://vk.ru/id422397933
708893935;https://vk.ru/id708893935;422397933;https://vk.ru/id422397933
709141993;https://vk.ru/id709141993;422397933;https://vk.ru/id422397933
709267504;https://vk.ru/id709267504;422397933;https://vk.ru/id422397933
709490024;https://vk.ru/id709490024;422397933;https://vk.ru/id422397933
709498258;https://vk.ru/id709498258;422397933;https://vk.ru/id422397933
709960347;https://vk.ru/id709960347;422397933;https://vk.ru/id422397933
710053875;https://vk.ru/id710053875;422397933;https://vk.ru/id422397933
710057024;https://vk.ru/id710057024;422397933;https://vk.ru/id422397933
710096481;https://vk.ru/id710096481;422397933;https://vk.ru/id422397933
710251262;https://vk.ru/id710251262;422397933;https://vk.ru/id422397933
710340833;https://vk.ru/id710340833;422397933;https://vk.ru/id422397933
710683513;https://vk.ru/id710683513;422397933;https://vk.ru/id422397933
710864067;https://vk.ru/id710864067;422397933;https://vk.ru/id422397933
711228320;https://vk.ru/id711228320;422397933;https://vk.ru/id422397933
711283025;https://vk.ru/id711283025;422397933;https://vk.ru/id422397933
711610795;https://vk.ru/id711610795;422397933;https://vk.ru/id422397933
712781952;https://vk.ru/id712781952;422397933;https://vk.ru/id422397933
712984317;https://vk.ru/id712984317;422397933;https://vk.ru/id422397933
714580408;https://vk.ru/id714580408;422397933;https://vk.ru/id422397933
715068554;https://vk.ru/id715068554;422397933;https://vk.ru/id422397933
715200560;https://vk.ru/id715200560;422397933;https://vk.ru/id422397933
715305805;https://vk.ru/id715305805;422397933;https://vk.ru/id422397933
716173614;https://vk.ru/id716173614;422397933;https://vk.ru/id422397933
716386345;https://vk.ru/id716386345;422397933;https://vk.ru/id422397933
717133923;https://vk.ru/id717133923;422397933;https://vk.ru/id422397933
717330342;https://vk.ru/id717330342;422397933;https://vk.ru/id422397933
718802790;https://vk.ru/id718802790;422397933;https://vk.ru/id422397933
719556222;https://vk.ru/id719556222;422397933;https://vk.ru/id422397933
719979179;https://vk.ru/id719979179;422397933;https://vk.ru/id422397933
720454585;https://vk.ru/id720454585;422397933;https://vk.ru/id422397933
720642261;https://vk.ru/id720642261;422397933;https://vk.ru/id422397933
722067282;https://vk.ru/id722067282;422397933;https://vk.ru/id422397933
722440259;https://vk.ru/id722440259;422397933;https://vk.ru/id422397933
722691173;https://vk.ru/id722691173;422397933;https://vk.ru/id422397933
723222477;https://vk.ru/id723222477;422397933;https://vk.ru/id422397933
728254323;https://vk.ru/id728254323;422397933;https://vk.ru/id422397933
728438362;https://vk.ru/id728438362;422397933;https://vk.ru/id422397933
729439858;https://vk.ru/id729439858;422397933;https://vk.ru/id422397933
729470804;https://vk.ru/id729470804;422397933;https://vk.ru/id422397933
730105277;https://vk.ru/id730105277;422397933;https://vk.ru/id422397933
730573410;https://vk.ru/id730573410;422397933;https://vk.ru/id422397933
730716207;https://vk.ru/id730716207;422397933;https://vk.ru/id422397933
731182974;https://vk.ru/id731182974;422397933;https://vk.ru/id422397933
731360213;https://vk.ru/id731360213;422397933;https://vk.ru/id422397933
732483407;https://vk.ru/id732483407;422397933;https://vk.ru/id422397933
733299228;https://vk.ru/id733299228;422397933;https://vk.ru/id422397933
733579968;https://vk.ru/id733579968;422397933;https://vk.ru/id422397933
733634441;https://vk.ru/id733634441;422397933;https://vk.ru/id422397933
733746845;https://vk.ru/id733746845;422397933;https://vk.ru/id422397933
733831998;https://vk.ru/id733831998;422397933;https://vk.ru/id422397933
734148435;https://vk.ru/id734148435;422397933;https://vk.ru/id422397933
734656997;https://vk.ru/id734656997;422397933;https://vk.ru/id422397933
734858403;https://vk.ru/id734858403;422397933;https://vk.ru/id422397933
734875867;https://vk.ru/id734875867;422397933;https://vk.ru/id422397933
735079715;https://vk.ru/id735079715;422397933;https://vk.ru/id422397933
735119981;https://vk.ru/id735119981;422397933;https://vk.ru/id422397933
735127390;https://vk.ru/id735127390;422397933;https://vk.ru/id422397933
735335944;https://vk.ru/id735335944;422397933;https://vk.ru/id422397933
735435483;https://vk.ru/id735435483;422397933;https://vk.ru/id422397933
736242635;https://vk.ru/id736242635;422397933;https://vk.ru/id422397933
736391693;https://vk.ru/id736391693;422397933;https://vk.ru/id422397933
736635355;https://vk.ru/id736635355;422397933;https://vk.ru/id422397933
736643435;https://vk.ru/id736643435;422397933;https://vk.ru/id422397933
737078254;https://vk.ru/id737078254;422397933;https://vk.ru/id422397933
737401226;https://vk.ru/id737401226;422397933;https://vk.ru/id422397933
737423451;https://vk.ru/id737423451;422397933;https://vk.ru/id422397933
737559193;https://vk.ru/id737559193;422397933;https://vk.ru/id422397933
737589030;https://vk.ru/id737589030;422397933;https://vk.ru/id422397933
737716273;https://vk.ru/id737716273;422397933;https://vk.ru/id422397933
738213905;https://vk.ru/id738213905;422397933;https://vk.ru/id422397933
738266782;https://vk.ru/id738266782;422397933;https://vk.ru/id422397933
738492253;https://vk.ru/id738492253;422397933;https://vk.ru/id422397933
738556101;https://vk.ru/id738556101;422397933;https://vk.ru/id422397933
738665300;https://vk.ru/id738665300;422397933;https://vk.ru/id422397933
738667602;https://vk.ru/id738667602;422397933;https://vk.ru/id422397933
739211160;https://vk.ru/id739211160;422397933;https://vk.ru/id422397933
739352475;https://vk.ru/id739352475;422397933;https://vk.ru/id422397933
739377609;https://vk.ru/id739377609;422397933;https://vk.ru/id422397933
739421374;https://vk.ru/id739421374;422397933;https://vk.ru/id422397933
739621269;https://vk.ru/id739621269;422397933;https://vk.ru/id422397933
739912125;https://vk.ru/id739912125;422397933;https://vk.ru/id422397933
740330923;https://vk.ru/id740330923;422397933;https://vk.ru/id422397933
740371329;https://vk.ru/id740371329;422397933;https://vk.ru/id422397933
740502515;https://vk.ru/id740502515;422397933;https://vk.ru/id422397933
740519213;https://vk.ru/id740519213;422397933;https://vk.ru/id422397933
741162186;https://vk.ru/id741162186;422397933;https://vk.ru/id422397933
741472627;https://vk.ru/id741472627;422397933;https://vk.ru/id422397933
741578948;https://vk.ru/id741578948;422397933;https://vk.ru/id422397933
741741752;https://vk.ru/id741741752;422397933;https://vk.ru/id422397933
742077353;https://vk.ru/id742077353;422397933;https://vk.ru/id422397933
742448677;https://vk.ru/id742448677;422397933;https://vk.ru/id422397933
743140661;https://vk.ru/id743140661;422397933;https://vk.ru/id422397933
743144110;https://vk.ru/id743144110;422397933;https://vk.ru/id422397933
743151277;https://vk.ru/id743151277;422397933;https://vk.ru/id422397933
743252551;https://vk.ru/id743252551;422397933;https://vk.ru/id422397933
743749122;https://vk.ru/id743749122;422397933;https://vk.ru/id422397933
743919916;https://vk.ru/id743919916;422397933;https://vk.ru/id422397933
744119470;https://vk.ru/id744119470;422397933;https://vk.ru/id422397933
744293297;https://vk.ru/id744293297;422397933;https://vk.ru/id422397933
744494211;https://vk.ru/id744494211;422397933;https://vk.ru/id422397933
744694132;https://vk.ru/id744694132;422397933;https://vk.ru/id422397933
744723886;https://vk.ru/id744723886;422397933;https://vk.ru/id422397933
744759328;https://vk.ru/id744759328;422397933;https://vk.ru/id422397933
745808195;https://vk.ru/id745808195;422397933;https://vk.ru/id422397933
746536661;https://vk.ru/id746536661;422397933;https://vk.ru/id422397933
746581515;https://vk.ru/id746581515;422397933;https://vk.ru/id422397933
746729800;https://vk.ru/id746729800;422397933;https://vk.ru/id422397933
746930047;https://vk.ru/id746930047;422397933;https://vk.ru/id422397933
747161442;https://vk.ru/id747161442;422397933;https://vk.ru/id422397933
747228860;https://vk.ru/id747228860;422397933;https://vk.ru/id422397933
747292734;https://vk.ru/id747292734;422397933;https://vk.ru/id422397933
747392909;https://vk.ru/id747392909;422397933;https://vk.ru/id422397933
747819461;https://vk.ru/id747819461;422397933;https://vk.ru/id422397933
747835597;https://vk.ru/id747835597;422397933;https://vk.ru/id422397933
747893610;https://vk.ru/id747893610;422397933;https://vk.ru/id422397933
747917523;https://vk.ru/id747917523;422397933;https://vk.ru/id422397933
747946264;https://vk.ru/id747946264;422397933;https://vk.ru/id422397933
748141430;https://vk.ru/id748141430;422397933;https://vk.ru/id422397933
748698160;https://vk.ru/id748698160;422397933;https://vk.ru/id422397933
748709266;https://vk.ru/id748709266;422397933;https://vk.ru/id422397933
748837588;https://vk.ru/id748837588;422397933;https://vk.ru/id422397933
749077060;https://vk.ru/id749077060;422397933;https://vk.ru/id422397933
749093368;https://vk.ru/id749093368;422397933;https://vk.ru/id422397933
749119915;https://vk.ru/id749119915;422397933;https://vk.ru/id422397933
749168667;https://vk.ru/id749168667;422397933;https://vk.ru/id422397933
749271985;https://vk.ru/id749271985;422397933;https://vk.ru/id422397933
749565859;https://vk.ru/id749565859;422397933;https://vk.ru/id422397933
750013444;https://vk.ru/id750013444;422397933;https://vk.ru/id422397933
750383662;https://vk.ru/id750383662;422397933;https://vk.ru/id422397933
750586068;https://vk.ru/id750586068;422397933;https://vk.ru/id422397933
750939311;https://vk.ru/id750939311;422397933;https://vk.ru/id422397933
750946121;https://vk.ru/id750946121;422397933;https://vk.ru/id422397933
751686839;https://vk.ru/id751686839;422397933;https://vk.ru/id422397933
751780103;https://vk.ru/id751780103;422397933;https://vk.ru/id422397933
751785254;https://vk.ru/id751785254;422397933;https://vk.ru/id422397933
751931834;https://vk.ru/id751931834;422397933;https://vk.ru/id422397933
752122663;https://vk.ru/id752122663;422397933;https://vk.ru/id422397933
752285511;https://vk.ru/id752285511;422397933;https://vk.ru/id422397933
752625982;https://vk.ru/id752625982;422397933;https://vk.ru/id422397933
752688887;https://vk.ru/id752688887;422397933;https://vk.ru/id422397933
752741610;https://vk.ru/id752741610;422397933;https://vk.ru/id422397933
752749377;https://vk.ru/id752749377;422397933;https://vk.ru/id422397933
752826227;https://vk.ru/id752826227;422397933;https://vk.ru/id422397933
752828058;https://vk.ru/id752828058;422397933;https://vk.ru/id422397933
753013874;https://vk.ru/id753013874;422397933;https://vk.ru/id422397933
753044887;https://vk.ru/id753044887;422397933;https://vk.ru/id422397933
753159737;https://vk.ru/id753159737;422397933;https://vk.ru/id422397933
753210404;https://vk.ru/id753210404;422397933;https://vk.ru/id422397933
753279089;https://vk.ru/id753279089;422397933;https://vk.ru/id422397933
753281726;https://vk.ru/id753281726;422397933;https://vk.ru/id422397933
753963899;https://vk.ru/id753963899;422397933;https://vk.ru/id422397933
754003995;https://vk.ru/id754003995;422397933;https://vk.ru/id422397933
754096151;https://vk.ru/id754096151;422397933;https://vk.ru/id422397933
754101900;https://vk.ru/id754101900;422397933;https://vk.ru/id422397933
754264871;https://vk.ru/id754264871;422397933;https://vk.ru/id422397933
754305490;https://vk.ru/id754305490;422397933;https://vk.ru/id422397933
754388710;https://vk.ru/id754388710;422397933;https://vk.ru/id422397933
754611429;https://vk.ru/id754611429;422397933;https://vk.ru/id422397933
754732384;https://vk.ru/id754732384;422397933;https://vk.ru/id422397933
754815253;https://vk.ru/id754815253;422397933;https://vk.ru/id422397933
754906061;https://vk.ru/id754906061;422397933;https://vk.ru/id422397933
755134254;https://vk.ru/id755134254;422397933;https://vk.ru/id422397933
755284077;https://vk.ru/id755284077;422397933;https://vk.ru/id422397933
755432401;https://vk.ru/id755432401;422397933;https://vk.ru/id422397933
755459203;https://vk.ru/id755459203;422397933;https://vk.ru/id422397933
755991950;https://vk.ru/id755991950;422397933;https://vk.ru/id422397933
756086015;https://vk.ru/id756086015;422397933;https://vk.ru/id422397933
756113974;https://vk.ru/id756113974;422397933;https://vk.ru/id422397933
756506812;https://vk.ru/id756506812;422397933;https://vk.ru/id422397933
756662314;https://vk.ru/id756662314;422397933;https://vk.ru/id422397933
756671392;https://vk.ru/id756671392;422397933;https://vk.ru/id422397933
756676036;https://vk.ru/id756676036;422397933;https://vk.ru/id422397933
756699982;https://vk.ru/id756699982;422397933;https://vk.ru/id422397933
757056112;https://vk.ru/id757056112;422397933;https://vk.ru/id422397933
757194333;https://vk.ru/id757194333;422397933;https://vk.ru/id422397933
757231224;https://vk.ru/id757231224;422397933;https://vk.ru/id422397933
757452554;https://vk.ru/id757452554;422397933;https://vk.ru/id422397933
757491128;https://vk.ru/id757491128;422397933;https://vk.ru/id422397933
757635766;https://vk.ru/id757635766;422397933;https://vk.ru/id422397933
757669967;https://vk.ru/id757669967;422397933;https://vk.ru/id422397933
758474933;https://vk.ru/id758474933;422397933;https://vk.ru/id422397933
758648345;https://vk.ru/id758648345;422397933;https://vk.ru/id422397933
758788865;https://vk.ru/id758788865;422397933;https://vk.ru/id422397933
758825482;https://vk.ru/id758825482;422397933;https://vk.ru/id422397933
758865062;https://vk.ru/id758865062;422397933;https://vk.ru/id422397933
758892686;https://vk.ru/id758892686;422397933;https://vk.ru/id422397933
758951334;https://vk.ru/id758951334;422397933;https://vk.ru/id422397933
758979796;https://vk.ru/id758979796;422397933;https://vk.ru/id422397933
758987305;https://vk.ru/id758987305;422397933;https://vk.ru/id422397933
759322690;https://vk.ru/id759322690;422397933;https://vk.ru/id422397933
759375297;https://vk.ru/id759375297;422397933;https://vk.ru/id422397933
759498320;https://vk.ru/id759498320;422397933;https://vk.ru/id422397933
759764031;https://vk.ru/id759764031;422397933;https://vk.ru/id422397933
759968496;https://vk.ru/id759968496;422397933;https://vk.ru/id422397933
760176936;https://vk.ru/id760176936;422397933;https://vk.ru/id422397933
760412153;https://vk.ru/id760412153;422397933;https://vk.ru/id422397933
760450782;https://vk.ru/id760450782;422397933;https://vk.ru/id422397933
760528558;https://vk.ru/id760528558;422397933;https://vk.ru/id422397933
760538542;https://vk.ru/id760538542;422397933;https://vk.ru/id422397933
760544954;https://vk.ru/id760544954;422397933;https://vk.ru/id422397933
760666063;https://vk.ru/id760666063;422397933;https://vk.ru/id422397933
760690045;https://vk.ru/id760690045;422397933;https://vk.ru/id422397933
761385931;https://vk.ru/id761385931;422397933;https://vk.ru/id422397933
761664539;https://vk.ru/id761664539;422397933;https://vk.ru/id422397933
761842646;https://vk.ru/id761842646;422397933;https://vk.ru/id422397933
762349647;https://vk.ru/id762349647;422397933;https://vk.ru/id422397933
762522804;https://vk.ru/id762522804;422397933;https://vk.ru/id422397933
762674812;https://vk.ru/id762674812;422397933;https://vk.ru/id422397933
762799350;https://vk.ru/id762799350;422397933;https://vk.ru/id422397933
762910501;https://vk.ru/id762910501;422397933;https://vk.ru/id422397933
763142297;https://vk.ru/id763142297;422397933;https://vk.ru/id422397933
763358210;https://vk.ru/id763358210;422397933;https://vk.ru/id422397933
764093371;https://vk.ru/id764093371;422397933;https://vk.ru/id422397933
764206504;https://vk.ru/id764206504;422397933;https://vk.ru/id422397933
764267578;https://vk.ru/id764267578;422397933;https://vk.ru/id422397933
764640682;https://vk.ru/id764640682;422397933;https://vk.ru/id422397933
765086533;https://vk.ru/id765086533;422397933;https://vk.ru/id422397933
765331788;https://vk.ru/id765331788;422397933;https://vk.ru/id422397933
765393975;https://vk.ru/id765393975;422397933;https://vk.ru/id422397933
765405040;https://vk.ru/id765405040;422397933;https://vk.ru/id422397933
765444162;https://vk.ru/id765444162;422397933;https://vk.ru/id422397933
766586048;https://vk.ru/id766586048;422397933;https://vk.ru/id422397933
766919856;https://vk.ru/id766919856;422397933;https://vk.ru/id422397933
767057158;https://vk.ru/id767057158;422397933;https://vk.ru/id422397933
767145896;https://vk.ru/id767145896;422397933;https://vk.ru/id422397933
767387258;https://vk.ru/id767387258;422397933;https://vk.ru/id422397933
767584713;https://vk.ru/id767584713;422397933;https://vk.ru/id422397933
768693502;https://vk.ru/id768693502;422397933;https://vk.ru/id422397933
768748858;https://vk.ru/id768748858;422397933;https://vk.ru/id422397933
768850108;https://vk.ru/id768850108;422397933;https://vk.ru/id422397933
769710300;https://vk.ru/id769710300;422397933;https://vk.ru/id422397933
770179838;https://vk.ru/id770179838;422397933;https://vk.ru/id422397933
770415559;https://vk.ru/id770415559;422397933;https://vk.ru/id422397933
772165607;https://vk.ru/id772165607;422397933;https://vk.ru/id422397933
772255494;https://vk.ru/id772255494;422397933;https://vk.ru/id422397933
772510482;https://vk.ru/id772510482;422397933;https://vk.ru/id422397933
772763161;https://vk.ru/id772763161;422397933;https://vk.ru/id422397933
772825938;https://vk.ru/id772825938;422397933;https://vk.ru/id422397933
772839175;https://vk.ru/id772839175;422397933;https://vk.ru/id422397933
773122420;https://vk.ru/id773122420;422397933;https://vk.ru/id422397933
773594749;https://vk.ru/id773594749;422397933;https://vk.ru/id422397933
774008041;https://vk.ru/id774008041;422397933;https://vk.ru/id422397933
774154123;https://vk.ru/id774154123;422397933;https://vk.ru/id422397933
774217272;https://vk.ru/id774217272;422397933;https://vk.ru/id422397933
774235908;https://vk.ru/id774235908;422397933;https://vk.ru/id422397933
774423437;https://vk.ru/id774423437;422397933;https://vk.ru/id422397933
774539377;https://vk.ru/id774539377;422397933;https://vk.ru/id422397933
774592048;https://vk.ru/id774592048;422397933;https://vk.ru/id422397933
774720266;https://vk.ru/id774720266;422397933;https://vk.ru/id422397933
774807553;https://vk.ru/id774807553;422397933;https://vk.ru/id422397933
775432825;https://vk.ru/id775432825;422397933;https://vk.ru/id422397933
775827740;https://vk.ru/id775827740;422397933;https://vk.ru/id422397933
776589757;https://vk.ru/id776589757;422397933;https://vk.ru/id422397933
776620333;https://vk.ru/id776620333;422397933;https://vk.ru/id422397933
776882555;https://vk.ru/id776882555;422397933;https://vk.ru/id422397933
776974023;https://vk.ru/id776974023;422397933;https://vk.ru/id422397933
777161781;https://vk.ru/id777161781;422397933;https://vk.ru/id422397933
777304201;https://vk.ru/id777304201;422397933;https://vk.ru/id422397933
777354263;https://vk.ru/id777354263;422397933;https://vk.ru/id422397933
777794786;https://vk.ru/id777794786;422397933;https://vk.ru/id422397933
777998342;https://vk.ru/id777998342;422397933;https://vk.ru/id422397933
778113698;https://vk.ru/id778113698;422397933;https://vk.ru/id422397933
778391336;https://vk.ru/id778391336;422397933;https://vk.ru/id422397933
778895712;https://vk.ru/id778895712;422397933;https://vk.ru/id422397933
779038199;https://vk.ru/id779038199;422397933;https://vk.ru/id422397933
779457587;https://vk.ru/id779457587;422397933;https://vk.ru/id422397933
779801645;https://vk.ru/id779801645;422397933;https://vk.ru/id422397933
780016799;https://vk.ru/id780016799;422397933;https://vk.ru/id422397933
780018366;https://vk.ru/id780018366;422397933;https://vk.ru/id422397933
780207479;https://vk.ru/id780207479;422397933;https://vk.ru/id422397933
780347392;https://vk.ru/id780347392;422397933;https://vk.ru/id422397933
780445795;https://vk.ru/id780445795;422397933;https://vk.ru/id422397933
780781899;https://vk.ru/id780781899;422397933;https://vk.ru/id422397933
781265639;https://vk.ru/id781265639;422397933;https://vk.ru/id422397933
782179124;https://vk.ru/id782179124;422397933;https://vk.ru/id422397933
782225825;https://vk.ru/id782225825;422397933;https://vk.ru/id422397933
782546624;https://vk.ru/id782546624;422397933;https://vk.ru/id422397933
782585735;https://vk.ru/id782585735;422397933;https://vk.ru/id422397933
782867294;https://vk.ru/id782867294;422397933;https://vk.ru/id422397933
782896877;https://vk.ru/id782896877;422397933;https://vk.ru/id422397933
783211874;https://vk.ru/id783211874;422397933;https://vk.ru/id422397933
783857759;https://vk.ru/id783857759;422397933;https://vk.ru/id422397933
783974328;https://vk.ru/id783974328;422397933;https://vk.ru/id422397933
784258925;https://vk.ru/id784258925;422397933;https://vk.ru/id422397933
784885846;https://vk.ru/id784885846;422397933;https://vk.ru/id422397933
785304904;https://vk.ru/id785304904;422397933;https://vk.ru/id422397933
785375915;https://vk.ru/id785375915;422397933;https://vk.ru/id422397933
785500411;https://vk.ru/id785500411;422397933;https://vk.ru/id422397933
786002974;https://vk.ru/id786002974;422397933;https://vk.ru/id422397933
786280952;https://vk.ru/id786280952;422397933;https://vk.ru/id422397933
786522969;https://vk.ru/id786522969;422397933;https://vk.ru/id422397933
786913814;https://vk.ru/id786913814;422397933;https://vk.ru/id422397933
787821868;https://vk.ru/id787821868;422397933;https://vk.ru/id422397933
788276388;https://vk.ru/id788276388;422397933;https://vk.ru/id422397933
788322652;https://vk.ru/id788322652;422397933;https://vk.ru/id422397933
788797363;https://vk.ru/id788797363;422397933;https://vk.ru/id422397933
788817820;https://vk.ru/id788817820;422397933;https://vk.ru/id422397933
790279356;https://vk.ru/id790279356;422397933;https://vk.ru/id422397933
790428373;https://vk.ru/id790428373;422397933;https://vk.ru/id422397933
790450280;https://vk.ru/id790450280;422397933;https://vk.ru/id422397933
790496219;https://vk.ru/id790496219;422397933;https://vk.ru/id422397933
790562083;https://vk.ru/id790562083;422397933;https://vk.ru/id422397933
790585300;https://vk.ru/id790585300;422397933;https://vk.ru/id422397933
790889401;https://vk.ru/id790889401;422397933;https://vk.ru/id422397933
791542863;https://vk.ru/id791542863;422397933;https://vk.ru/id422397933
792044169;https://vk.ru/id792044169;422397933;https://vk.ru/id422397933
792376485;https://vk.ru/id792376485;422397933;https://vk.ru/id422397933
792589958;https://vk.ru/id792589958;422397933;https://vk.ru/id422397933
792599082;https://vk.ru/id792599082;422397933;https://vk.ru/id422397933
792762121;https://vk.ru/id792762121;422397933;https://vk.ru/id422397933
794194850;https://vk.ru/id794194850;422397933;https://vk.ru/id422397933
794321475;https://vk.ru/id794321475;422397933;https://vk.ru/id422397933
794500927;https://vk.ru/id794500927;422397933;https://vk.ru/id422397933
794958760;https://vk.ru/id794958760;422397933;https://vk.ru/id422397933
795039510;https://vk.ru/id795039510;422397933;https://vk.ru/id422397933
795162857;https://vk.ru/id795162857;422397933;https://vk.ru/id422397933
795380558;https://vk.ru/id795380558;422397933;https://vk.ru/id422397933
795474627;https://vk.ru/id795474627;422397933;https://vk.ru/id422397933
795566742;https://vk.ru/id795566742;422397933;https://vk.ru/id422397933
795869775;https://vk.ru/id795869775;422397933;https://vk.ru/id422397933
795964582;https://vk.ru/id795964582;422397933;https://vk.ru/id422397933
796106715;https://vk.ru/id796106715;422397933;https://vk.ru/id422397933
796198805;https://vk.ru/id796198805;422397933;https://vk.ru/id422397933
796352543;https://vk.ru/id796352543;422397933;https://vk.ru/id422397933
796775412;https://vk.ru/id796775412;422397933;https://vk.ru/id422397933
796862764;https://vk.ru/id796862764;422397933;https://vk.ru/id422397933
796984256;https://vk.ru/id796984256;422397933;https://vk.ru/id422397933
797294079;https://vk.ru/id797294079;422397933;https://vk.ru/id422397933
797455898;https://vk.ru/id797455898;422397933;https://vk.ru/id422397933
797575401;https://vk.ru/id797575401;422397933;https://vk.ru/id422397933
798607784;https://vk.ru/id798607784;422397933;https://vk.ru/id422397933
798670601;https://vk.ru/id798670601;422397933;https://vk.ru/id422397933
799206514;https://vk.ru/id799206514;422397933;https://vk.ru/id422397933
799257765;https://vk.ru/id799257765;422397933;https://vk.ru/id422397933
799267917;https://vk.ru/id799267917;422397933;https://vk.ru/id422397933
799997135;https://vk.ru/id799997135;422397933;https://vk.ru/id422397933
800259114;https://vk.ru/id800259114;422397933;https://vk.ru/id422397933
800355821;https://vk.ru/id800355821;422397933;https://vk.ru/id422397933
801905057;https://vk.ru/id801905057;422397933;https://vk.ru/id422397933
802132946;https://vk.ru/id802132946;422397933;https://vk.ru/id422397933
802196107;https://vk.ru/id802196107;422397933;https://vk.ru/id422397933
802380147;https://vk.ru/id802380147;422397933;https://vk.ru/id422397933
803063593;https://vk.ru/id803063593;422397933;https://vk.ru/id422397933
803213163;https://vk.ru/id803213163;422397933;https://vk.ru/id422397933
803396252;https://vk.ru/id803396252;422397933;https://vk.ru/id422397933
803597641;https://vk.ru/id803597641;422397933;https://vk.ru/id422397933
803978042;https://vk.ru/id803978042;422397933;https://vk.ru/id422397933
804999046;https://vk.ru/id804999046;422397933;https://vk.ru/id422397933
806033567;https://vk.ru/id806033567;422397933;https://vk.ru/id422397933
806127553;https://vk.ru/id806127553;422397933;https://vk.ru/id422397933
806160902;https://vk.ru/id806160902;422397933;https://vk.ru/id422397933
806310961;https://vk.ru/id806310961;422397933;https://vk.ru/id422397933
806611030;https://vk.ru/id806611030;422397933;https://vk.ru/id422397933
806831087;https://vk.ru/id806831087;422397933;https://vk.ru/id422397933
807078597;https://vk.ru/id807078597;422397933;https://vk.ru/id422397933
807081133;https://vk.ru/id807081133;422397933;https://vk.ru/id422397933
807150709;https://vk.ru/id807150709;422397933;https://vk.ru/id422397933
807958983;https://vk.ru/id807958983;422397933;https://vk.ru/id422397933
808696583;https://vk.ru/id808696583;422397933;https://vk.ru/id422397933
808706636;https://vk.ru/id808706636;422397933;https://vk.ru/id422397933
808847094;https://vk.ru/id808847094;422397933;https://vk.ru/id422397933
808898560;https://vk.ru/id808898560;422397933;https://vk.ru/id422397933
808920247;https://vk.ru/id808920247;422397933;https://vk.ru/id422397933
809254823;https://vk.ru/id809254823;422397933;https://vk.ru/id422397933
809596729;https://vk.ru/id809596729;422397933;https://vk.ru/id422397933
809767545;https://vk.ru/id809767545;422397933;https://vk.ru/id422397933
810825928;https://vk.ru/id810825928;422397933;https://vk.ru/id422397933
811099907;https://vk.ru/id811099907;422397933;https://vk.ru/id422397933
811181024;https://vk.ru/id811181024;422397933;https://vk.ru/id422397933
811812876;https://vk.ru/id811812876;422397933;https://vk.ru/id422397933
811988073;https://vk.ru/id811988073;422397933;https://vk.ru/id422397933
812287664;https://vk.ru/id812287664;422397933;https://vk.ru/id422397933
812839244;https://vk.ru/id812839244;422397933;https://vk.ru/id422397933
812944221;https://vk.ru/id812944221;422397933;https://vk.ru/id422397933
813022338;https://vk.ru/id813022338;422397933;https://vk.ru/id422397933
813061248;https://vk.ru/id813061248;422397933;https://vk.ru/id422397933
813135355;https://vk.ru/id813135355;422397933;https://vk.ru/id422397933
813414633;https://vk.ru/id813414633;422397933;https://vk.ru/id422397933
813415240;https://vk.ru/id813415240;422397933;https://vk.ru/id422397933
813416014;https://vk.ru/id813416014;422397933;https://vk.ru/id422397933
813436287;https://vk.ru/id813436287;422397933;https://vk.ru/id422397933
813439581;https://vk.ru/id813439581;422397933;https://vk.ru/id422397933
813895871;https://vk.ru/id813895871;422397933;https://vk.ru/id422397933
813961362;https://vk.ru/id813961362;422397933;https://vk.ru/id422397933
813984423;https://vk.ru/id813984423;422397933;https://vk.ru/id422397933
814286670;https://vk.ru/id814286670;422397933;https://vk.ru/id422397933
814287464;https://vk.ru/id814287464;422397933;https://vk.ru/id422397933
814344798;https://vk.ru/id814344798;422397933;https://vk.ru/id422397933
814477664;https://vk.ru/id814477664;422397933;https://vk.ru/id422397933
814488625;https://vk.ru/id814488625;422397933;https://vk.ru/id422397933
814497391;https://vk.ru/id814497391;422397933;https://vk.ru/id422397933
814561469;https://vk.ru/id814561469;422397933;https://vk.ru/id422397933
814779977;https://vk.ru/id814779977;422397933;https://vk.ru/id422397933
814804691;https://vk.ru/id814804691;422397933;https://vk.ru/id422397933
815227876;https://vk.ru/id815227876;422397933;https://vk.ru/id422397933
815274543;https://vk.ru/id815274543;422397933;https://vk.ru/id422397933
815304762;https://vk.ru/id815304762;422397933;https://vk.ru/id422397933
815517706;https://vk.ru/id815517706;422397933;https://vk.ru/id422397933
815673046;https://vk.ru/id815673046;422397933;https://vk.ru/id422397933
815898666;https://vk.ru/id815898666;422397933;https://vk.ru/id422397933
816117397;https://vk.ru/id816117397;422397933;https://vk.ru/id422397933
816244143;https://vk.ru/id816244143;422397933;https://vk.ru/id422397933
816251496;https://vk.ru/id816251496;422397933;https://vk.ru/id422397933
816259026;https://vk.ru/id816259026;422397933;https://vk.ru/id422397933
816381939;https://vk.ru/id816381939;422397933;https://vk.ru/id422397933
816424913;https://vk.ru/id816424913;422397933;https://vk.ru/id422397933
816433157;https://vk.ru/id816433157;422397933;https://vk.ru/id422397933
816496300;https://vk.ru/id816496300;422397933;https://vk.ru/id422397933
816635824;https://vk.ru/id816635824;422397933;https://vk.ru/id422397933
816751760;https://vk.ru/id816751760;422397933;https://vk.ru/id422397933
816916995;https://vk.ru/id816916995;422397933;https://vk.ru/id422397933
816932019;https://vk.ru/id816932019;422397933;https://vk.ru/id422397933
817081062;https://vk.ru/id817081062;422397933;https://vk.ru/id422397933
817115584;https://vk.ru/id817115584;422397933;https://vk.ru/id422397933
817203008;https://vk.ru/id817203008;422397933;https://vk.ru/id422397933
817226836;https://vk.ru/id817226836;422397933;https://vk.ru/id422397933
817715717;https://vk.ru/id817715717;422397933;https://vk.ru/id422397933
817740330;https://vk.ru/id817740330;422397933;https://vk.ru/id422397933
817786655;https://vk.ru/id817786655;422397933;https://vk.ru/id422397933
817788914;https://vk.ru/id817788914;422397933;https://vk.ru/id422397933
817823169;https://vk.ru/id817823169;422397933;https://vk.ru/id422397933
817934229;https://vk.ru/id817934229;422397933;https://vk.ru/id422397933
818079117;https://vk.ru/id818079117;422397933;https://vk.ru/id422397933
818120564;https://vk.ru/id818120564;422397933;https://vk.ru/id422397933
818139314;https://vk.ru/id818139314;422397933;https://vk.ru/id422397933
818226292;https://vk.ru/id818226292;422397933;https://vk.ru/id422397933
818356349;https://vk.ru/id818356349;422397933;https://vk.ru/id422397933
818424778;https://vk.ru/id818424778;422397933;https://vk.ru/id422397933
818462668;https://vk.ru/id818462668;422397933;https://vk.ru/id422397933
818465245;https://vk.ru/id818465245;422397933;https://vk.ru/id422397933
818605085;https://vk.ru/id818605085;422397933;https://vk.ru/id422397933
818771960;https://vk.ru/id818771960;422397933;https://vk.ru/id422397933
818800997;https://vk.ru/id818800997;422397933;https://vk.ru/id422397933
818877710;https://vk.ru/id818877710;422397933;https://vk.ru/id422397933
818899704;https://vk.ru/id818899704;422397933;https://vk.ru/id422397933
818974629;https://vk.ru/id818974629;422397933;https://vk.ru/id422397933
818975557;https://vk.ru/id818975557;422397933;https://vk.ru/id422397933
819614193;https://vk.ru/id819614193;422397933;https://vk.ru/id422397933
819711018;https://vk.ru/id819711018;422397933;https://vk.ru/id422397933
819893511;https://vk.ru/id819893511;422397933;https://vk.ru/id422397933
819938530;https://vk.ru/id819938530;422397933;https://vk.ru/id422397933
819967672;https://vk.ru/id819967672;422397933;https://vk.ru/id422397933
820253547;https://vk.ru/id820253547;422397933;https://vk.ru/id422397933
820327713;https://vk.ru/id820327713;422397933;https://vk.ru/id422397933
820479712;https://vk.ru/id820479712;422397933;https://vk.ru/id422397933
820620484;https://vk.ru/id820620484;422397933;https://vk.ru/id422397933
820789636;https://vk.ru/id820789636;422397933;https://vk.ru/id422397933
820832637;https://vk.ru/id820832637;422397933;https://vk.ru/id422397933
821293979;https://vk.ru/id821293979;422397933;https://vk.ru/id422397933
821357387;https://vk.ru/id821357387;422397933;https://vk.ru/id422397933
821361089;https://vk.ru/id821361089;422397933;https://vk.ru/id422397933
821575351;https://vk.ru/id821575351;422397933;https://vk.ru/id422397933
821597974;https://vk.ru/id821597974;422397933;https://vk.ru/id422397933
821627664;https://vk.ru/id821627664;422397933;https://vk.ru/id422397933
821730728;https://vk.ru/id821730728;422397933;https://vk.ru/id422397933
821851076;https://vk.ru/id821851076;422397933;https://vk.ru/id422397933
821999111;https://vk.ru/id821999111;422397933;https://vk.ru/id422397933
822117389;https://vk.ru/id822117389;422397933;https://vk.ru/id422397933
822293664;https://vk.ru/id822293664;422397933;https://vk.ru/id422397933
822347745;https://vk.ru/id822347745;422397933;https://vk.ru/id422397933
822487604;https://vk.ru/id822487604;422397933;https://vk.ru/id422397933
822512154;https://vk.ru/id822512154;422397933;https://vk.ru/id422397933
822591162;https://vk.ru/id822591162;422397933;https://vk.ru/id422397933
823086013;https://vk.ru/id823086013;422397933;https://vk.ru/id422397933
823304294;https://vk.ru/id823304294;422397933;https://vk.ru/id422397933
823510835;https://vk.ru/id823510835;422397933;https://vk.ru/id422397933
823523684;https://vk.ru/id823523684;422397933;https://vk.ru/id422397933
823592224;https://vk.ru/id823592224;422397933;https://vk.ru/id422397933
823688054;https://vk.ru/id823688054;422397933;https://vk.ru/id422397933
823718374;https://vk.ru/id823718374;422397933;https://vk.ru/id422397933
823744266;https://vk.ru/id823744266;422397933;https://vk.ru/id422397933
823934306;https://vk.ru/id823934306;422397933;https://vk.ru/id422397933
823934447;https://vk.ru/id823934447;422397933;https://vk.ru/id422397933
823985240;https://vk.ru/id823985240;422397933;https://vk.ru/id422397933
823997200;https://vk.ru/id823997200;422397933;https://vk.ru/id422397933
824191162;https://vk.ru/id824191162;422397933;https://vk.ru/id422397933
824336400;https://vk.ru/id824336400;422397933;https://vk.ru/id422397933
824627835;https://vk.ru/id824627835;422397933;https://vk.ru/id422397933
824686034;https://vk.ru/id824686034;422397933;https://vk.ru/id422397933
824965657;https://vk.ru/id824965657;422397933;https://vk.ru/id422397933
825380287;https://vk.ru/id825380287;422397933;https://vk.ru/id422397933
826028179;https://vk.ru/id826028179;422397933;https://vk.ru/id422397933
826101214;https://vk.ru/id826101214;422397933;https://vk.ru/id422397933
826252273;https://vk.ru/id826252273;422397933;https://vk.ru/id422397933
826264034;https://vk.ru/id826264034;422397933;https://vk.ru/id422397933
826369294;https://vk.ru/id826369294;422397933;https://vk.ru/id422397933
826458786;https://vk.ru/id826458786;422397933;https://vk.ru/id422397933
826714839;https://vk.ru/id826714839;422397933;https://vk.ru/id422397933
826738978;https://vk.ru/id826738978;422397933;https://vk.ru/id422397933
826912470;https://vk.ru/id826912470;422397933;https://vk.ru/id422397933
827056956;https://vk.ru/id827056956;422397933;https://vk.ru/id422397933
827244775;https://vk.ru/id827244775;422397933;https://vk.ru/id422397933
827413385;https://vk.ru/id827413385;422397933;https://vk.ru/id422397933
827789227;https://vk.ru/id827789227;422397933;https://vk.ru/id422397933
827991545;https://vk.ru/id827991545;422397933;https://vk.ru/id422397933
828014537;https://vk.ru/id828014537;422397933;https://vk.ru/id422397933
828137686;https://vk.ru/id828137686;422397933;https://vk.ru/id422397933
828157770;https://vk.ru/id828157770;422397933;https://vk.ru/id422397933
828160103;https://vk.ru/id828160103;422397933;https://vk.ru/id422397933
828338719;https://vk.ru/id828338719;422397933;https://vk.ru/id422397933
828339291;https://vk.ru/id828339291;422397933;https://vk.ru/id422397933
828560562;https://vk.ru/id828560562;422397933;https://vk.ru/id422397933
828655947;https://vk.ru/id828655947;422397933;https://vk.ru/id422397933
828847882;https://vk.ru/id828847882;422397933;https://vk.ru/id422397933
828862251;https://vk.ru/id828862251;422397933;https://vk.ru/id422397933
829131895;https://vk.ru/id829131895;422397933;https://vk.ru/id422397933
829957189;https://vk.ru/id829957189;422397933;https://vk.ru/id422397933
829988111;https://vk.ru/id829988111;422397933;https://vk.ru/id422397933
830050965;https://vk.ru/id830050965;422397933;https://vk.ru/id422397933
830140536;https://vk.ru/id830140536;422397933;https://vk.ru/id422397933
830188663;https://vk.ru/id830188663;422397933;https://vk.ru/id422397933
830260943;https://vk.ru/id830260943;422397933;https://vk.ru/id422397933
830316176;https://vk.ru/id830316176;422397933;https://vk.ru/id422397933
830336357;https://vk.ru/id830336357;422397933;https://vk.ru/id422397933
830386559;https://vk.ru/id830386559;422397933;https://vk.ru/id422397933
830598776;https://vk.ru/id830598776;422397933;https://vk.ru/id422397933
830640268;https://vk.ru/id830640268;422397933;https://vk.ru/id422397933
830881801;https://vk.ru/id830881801;422397933;https://vk.ru/id422397933
830923179;https://vk.ru/id830923179;422397933;https://vk.ru/id422397933
830996609;https://vk.ru/id830996609;422397933;https://vk.ru/id422397933
831013317;https://vk.ru/id831013317;422397933;https://vk.ru/id422397933
831108322;https://vk.ru/id831108322;422397933;https://vk.ru/id422397933
831172813;https://vk.ru/id831172813;422397933;https://vk.ru/id422397933
831183009;https://vk.ru/id831183009;422397933;https://vk.ru/id422397933
831291528;https://vk.ru/id831291528;422397933;https://vk.ru/id422397933
831365110;https://vk.ru/id831365110;422397933;https://vk.ru/id422397933
831420630;https://vk.ru/id831420630;422397933;https://vk.ru/id422397933
831655075;https://vk.ru/id831655075;422397933;https://vk.ru/id422397933
831683662;https://vk.ru/id831683662;422397933;https://vk.ru/id422397933
831694817;https://vk.ru/id831694817;422397933;https://vk.ru/id422397933
831774427;https://vk.ru/id831774427;422397933;https://vk.ru/id422397933
831774818;https://vk.ru/id831774818;422397933;https://vk.ru/id422397933
832073563;https://vk.ru/id832073563;422397933;https://vk.ru/id422397933
832291936;https://vk.ru/id832291936;422397933;https://vk.ru/id422397933
832319332;https://vk.ru/id832319332;422397933;https://vk.ru/id422397933
832343006;https://vk.ru/id832343006;422397933;https://vk.ru/id422397933
832414845;https://vk.ru/id832414845;422397933;https://vk.ru/id422397933
832425444;https://vk.ru/id832425444;422397933;https://vk.ru/id422397933
832429060;https://vk.ru/id832429060;422397933;https://vk.ru/id422397933
832600717;https://vk.ru/id832600717;422397933;https://vk.ru/id422397933
832676742;https://vk.ru/id832676742;422397933;https://vk.ru/id422397933
832697300;https://vk.ru/id832697300;422397933;https://vk.ru/id422397933
832801967;https://vk.ru/id832801967;422397933;https://vk.ru/id422397933
832852685;https://vk.ru/id832852685;422397933;https://vk.ru/id422397933
832893012;https://vk.ru/id832893012;422397933;https://vk.ru/id422397933
833067179;https://vk.ru/id833067179;422397933;https://vk.ru/id422397933
833070908;https://vk.ru/id833070908;422397933;https://vk.ru/id422397933
833683867;https://vk.ru/id833683867;422397933;https://vk.ru/id422397933
833772054;https://vk.ru/id833772054;422397933;https://vk.ru/id422397933
833945338;https://vk.ru/id833945338;422397933;https://vk.ru/id422397933
834477466;https://vk.ru/id834477466;422397933;https://vk.ru/id422397933
834523369;https://vk.ru/id834523369;422397933;https://vk.ru/id422397933
834543604;https://vk.ru/id834543604;422397933;https://vk.ru/id422397933
834588523;https://vk.ru/id834588523;422397933;https://vk.ru/id422397933
834620940;https://vk.ru/id834620940;422397933;https://vk.ru/id422397933
834627066;https://vk.ru/id834627066;422397933;https://vk.ru/id422397933
834700746;https://vk.ru/id834700746;422397933;https://vk.ru/id422397933
835138800;https://vk.ru/id835138800;422397933;https://vk.ru/id422397933
835152991;https://vk.ru/id835152991;422397933;https://vk.ru/id422397933
835163440;https://vk.ru/id835163440;422397933;https://vk.ru/id422397933
835258036;https://vk.ru/id835258036;422397933;https://vk.ru/id422397933
835328909;https://vk.ru/id835328909;422397933;https://vk.ru/id422397933
835360448;https://vk.ru/id835360448;422397933;https://vk.ru/id422397933
835368725;https://vk.ru/id835368725;422397933;https://vk.ru/id422397933
835810593;https://vk.ru/id835810593;422397933;https://vk.ru/id422397933
835947617;https://vk.ru/id835947617;422397933;https://vk.ru/id422397933
835986505;https://vk.ru/id835986505;422397933;https://vk.ru/id422397933
836131661;https://vk.ru/id836131661;422397933;https://vk.ru/id422397933
836173398;https://vk.ru/id836173398;422397933;https://vk.ru/id422397933
836239992;https://vk.ru/id836239992;422397933;https://vk.ru/id422397933
836495907;https://vk.ru/id836495907;422397933;https://vk.ru/id422397933
836539293;https://vk.ru/id836539293;422397933;https://vk.ru/id422397933
836568527;https://vk.ru/id836568527;422397933;https://vk.ru/id422397933
836577073;https://vk.ru/id836577073;422397933;https://vk.ru/id422397933
836798697;https://vk.ru/id836798697;422397933;https://vk.ru/id422397933
837044663;https://vk.ru/id837044663;422397933;https://vk.ru/id422397933
837176661;https://vk.ru/id837176661;422397933;https://vk.ru/id422397933
837401586;https://vk.ru/id837401586;422397933;https://vk.ru/id422397933
837450684;https://vk.ru/id837450684;422397933;https://vk.ru/id422397933
837495040;https://vk.ru/id837495040;422397933;https://vk.ru/id422397933
837517638;https://vk.ru/id837517638;422397933;https://vk.ru/id422397933
837528305;https://vk.ru/id837528305;422397933;https://vk.ru/id422397933
837535963;https://vk.ru/id837535963;422397933;https://vk.ru/id422397933
837574283;https://vk.ru/id837574283;422397933;https://vk.ru/id422397933
837655098;https://vk.ru/id837655098;422397933;https://vk.ru/id422397933
838323704;https://vk.ru/id838323704;422397933;https://vk.ru/id422397933
838480142;https://vk.ru/id838480142;422397933;https://vk.ru/id422397933
838537727;https://vk.ru/id838537727;422397933;https://vk.ru/id422397933
838561587;https://vk.ru/id838561587;422397933;https://vk.ru/id422397933
838570273;https://vk.ru/id838570273;422397933;https://vk.ru/id422397933
838869227;https://vk.ru/id838869227;422397933;https://vk.ru/id422397933
838998934;https://vk.ru/id838998934;422397933;https://vk.ru/id422397933
839018314;https://vk.ru/id839018314;422397933;https://vk.ru/id422397933
839172551;https://vk.ru/id839172551;422397933;https://vk.ru/id422397933
839232880;https://vk.ru/id839232880;422397933;https://vk.ru/id422397933
839235415;https://vk.ru/id839235415;422397933;https://vk.ru/id422397933
839294267;https://vk.ru/id839294267;422397933;https://vk.ru/id422397933
839347272;https://vk.ru/id839347272;422397933;https://vk.ru/id422397933
839467166;https://vk.ru/id839467166;422397933;https://vk.ru/id422397933
839847230;https://vk.ru/id839847230;422397933;https://vk.ru/id422397933
839936029;https://vk.ru/id839936029;422397933;https://vk.ru/id422397933
840108766;https://vk.ru/id840108766;422397933;https://vk.ru/id422397933
840320731;https://vk.ru/id840320731;422397933;https://vk.ru/id422397933
840322716;https://vk.ru/id840322716;422397933;https://vk.ru/id422397933
840341658;https://vk.ru/id840341658;422397933;https://vk.ru/id422397933
840444311;https://vk.ru/id840444311;422397933;https://vk.ru/id422397933
840514243;https://vk.ru/id840514243;422397933;https://vk.ru/id422397933
840553013;https://vk.ru/id840553013;422397933;https://vk.ru/id422397933
840571689;https://vk.ru/id840571689;422397933;https://vk.ru/id422397933
840582903;https://vk.ru/id840582903;422397933;https://vk.ru/id422397933
840959536;https://vk.ru/id840959536;422397933;https://vk.ru/id422397933
841420359;https://vk.ru/id841420359;422397933;https://vk.ru/id422397933
841488342;https://vk.ru/id841488342;422397933;https://vk.ru/id422397933
841549480;https://vk.ru/id841549480;422397933;https://vk.ru/id422397933
841637414;https://vk.ru/id841637414;422397933;https://vk.ru/id422397933
841849205;https://vk.ru/id841849205;422397933;https://vk.ru/id422397933
841905166;https://vk.ru/id841905166;422397933;https://vk.ru/id422397933
842137857;https://vk.ru/id842137857;422397933;https://vk.ru/id422397933
842174111;https://vk.ru/id842174111;422397933;https://vk.ru/id422397933
842257376;https://vk.ru/id842257376;422397933;https://vk.ru/id422397933
842260638;https://vk.ru/id842260638;422397933;https://vk.ru/id422397933
842303967;https://vk.ru/id842303967;422397933;https://vk.ru/id422397933
842526047;https://vk.ru/id842526047;422397933;https://vk.ru/id422397933
842564323;https://vk.ru/id842564323;422397933;https://vk.ru/id422397933
842596841;https://vk.ru/id842596841;422397933;https://vk.ru/id422397933
842721677;https://vk.ru/id842721677;422397933;https://vk.ru/id422397933
842807345;https://vk.ru/id842807345;422397933;https://vk.ru/id422397933
842938555;https://vk.ru/id842938555;422397933;https://vk.ru/id422397933
843100497;https://vk.ru/id843100497;422397933;https://vk.ru/id422397933
843108509;https://vk.ru/id843108509;422397933;https://vk.ru/id422397933
843167921;https://vk.ru/id843167921;422397933;https://vk.ru/id422397933
843193321;https://vk.ru/id843193321;422397933;https://vk.ru/id422397933
843209845;https://vk.ru/id843209845;422397933;https://vk.ru/id422397933
843351551;https://vk.ru/id843351551;422397933;https://vk.ru/id422397933
843369162;https://vk.ru/id843369162;422397933;https://vk.ru/id422397933
843380233;https://vk.ru/id843380233;422397933;https://vk.ru/id422397933
843491368;https://vk.ru/id843491368;422397933;https://vk.ru/id422397933
843502124;https://vk.ru/id843502124;422397933;https://vk.ru/id422397933
843559809;https://vk.ru/id843559809;422397933;https://vk.ru/id422397933
843672754;https://vk.ru/id843672754;422397933;https://vk.ru/id422397933
843771159;https://vk.ru/id843771159;422397933;https://vk.ru/id422397933
843846964;https://vk.ru/id843846964;422397933;https://vk.ru/id422397933
843919283;https://vk.ru/id843919283;422397933;https://vk.ru/id422397933
844046489;https://vk.ru/id844046489;422397933;https://vk.ru/id422397933
844114433;https://vk.ru/id844114433;422397933;https://vk.ru/id422397933
844120761;https://vk.ru/id844120761;422397933;https://vk.ru/id422397933
844150613;https://vk.ru/id844150613;422397933;https://vk.ru/id422397933
844407408;https://vk.ru/id844407408;422397933;https://vk.ru/id422397933
844436758;https://vk.ru/id844436758;422397933;https://vk.ru/id422397933
844442507;https://vk.ru/id844442507;422397933;https://vk.ru/id422397933
844497378;https://vk.ru/id844497378;422397933;https://vk.ru/id422397933
844516423;https://vk.ru/id844516423;422397933;https://vk.ru/id422397933
844522887;https://vk.ru/id844522887;422397933;https://vk.ru/id422397933
844567709;https://vk.ru/id844567709;422397933;https://vk.ru/id422397933
844571897;https://vk.ru/id844571897;422397933;https://vk.ru/id422397933
844615866;https://vk.ru/id844615866;422397933;https://vk.ru/id422397933
844633676;https://vk.ru/id844633676;422397933;https://vk.ru/id422397933
844637329;https://vk.ru/id844637329;422397933;https://vk.ru/id422397933
844707185;https://vk.ru/id844707185;422397933;https://vk.ru/id422397933
844714290;https://vk.ru/id844714290;422397933;https://vk.ru/id422397933
844826324;https://vk.ru/id844826324;422397933;https://vk.ru/id422397933
844943132;https://vk.ru/id844943132;422397933;https://vk.ru/id422397933
844978257;https://vk.ru/id844978257;422397933;https://vk.ru/id422397933
845005230;https://vk.ru/id845005230;422397933;https://vk.ru/id422397933
845010061;https://vk.ru/id845010061;422397933;https://vk.ru/id422397933
845020230;https://vk.ru/id845020230;422397933;https://vk.ru/id422397933
845141218;https://vk.ru/id845141218;422397933;https://vk.ru/id422397933
845194822;https://vk.ru/id845194822;422397933;https://vk.ru/id422397933
845216331;https://vk.ru/id845216331;422397933;https://vk.ru/id422397933
845254616;https://vk.ru/id845254616;422397933;https://vk.ru/id422397933
845270620;https://vk.ru/id845270620;422397933;https://vk.ru/id422397933
845324681;https://vk.ru/id845324681;422397933;https://vk.ru/id422397933
845381235;https://vk.ru/id845381235;422397933;https://vk.ru/id422397933
845383933;https://vk.ru/id845383933;422397933;https://vk.ru/id422397933
845385012;https://vk.ru/id845385012;422397933;https://vk.ru/id422397933
845385615;https://vk.ru/id845385615;422397933;https://vk.ru/id422397933
845407768;https://vk.ru/id845407768;422397933;https://vk.ru/id422397933
845428589;https://vk.ru/id845428589;422397933;https://vk.ru/id422397933
845433003;https://vk.ru/id845433003;422397933;https://vk.ru/id422397933
845463487;https://vk.ru/id845463487;422397933;https://vk.ru/id422397933
845496890;https://vk.ru/id845496890;422397933;https://vk.ru/id422397933
845531304;https://vk.ru/id845531304;422397933;https://vk.ru/id422397933
845550645;https://vk.ru/id845550645;422397933;https://vk.ru/id422397933
845569145;https://vk.ru/id845569145;422397933;https://vk.ru/id422397933
845652380;https://vk.ru/id845652380;422397933;https://vk.ru/id422397933
845790454;https://vk.ru/id845790454;422397933;https://vk.ru/id422397933
845812000;https://vk.ru/id845812000;422397933;https://vk.ru/id422397933
845833116;https://vk.ru/id845833116;422397933;https://vk.ru/id422397933
845930440;https://vk.ru/id845930440;422397933;https://vk.ru/id422397933
846057200;https://vk.ru/id846057200;422397933;https://vk.ru/id422397933
846089876;https://vk.ru/id846089876;422397933;https://vk.ru/id422397933
846094038;https://vk.ru/id846094038;422397933;https://vk.ru/id422397933
846155697;https://vk.ru/id846155697;422397933;https://vk.ru/id422397933
846175793;https://vk.ru/id846175793;422397933;https://vk.ru/id422397933
846226448;https://vk.ru/id846226448;422397933;https://vk.ru/id422397933
846310322;https://vk.ru/id846310322;422397933;https://vk.ru/id422397933
846316973;https://vk.ru/id846316973;422397933;https://vk.ru/id422397933
846357338;https://vk.ru/id846357338;422397933;https://vk.ru/id422397933
846413085;https://vk.ru/id846413085;422397933;https://vk.ru/id422397933
846421466;https://vk.ru/id846421466;422397933;https://vk.ru/id422397933
846531428;https://vk.ru/id846531428;422397933;https://vk.ru/id422397933
846547098;https://vk.ru/id846547098;422397933;https://vk.ru/id422397933
846691705;https://vk.ru/id846691705;422397933;https://vk.ru/id422397933
846725692;https://vk.ru/id846725692;422397933;https://vk.ru/id422397933
846771827;https://vk.ru/id846771827;422397933;https://vk.ru/id422397933
846834492;https://vk.ru/id846834492;422397933;https://vk.ru/id422397933
846881802;https://vk.ru/id846881802;422397933;https://vk.ru/id422397933
846898381;https://vk.ru/id846898381;422397933;https://vk.ru/id422397933
846942267;https://vk.ru/id846942267;422397933;https://vk.ru/id422397933
847009718;https://vk.ru/id847009718;422397933;https://vk.ru/id422397933
847044057;https://vk.ru/id847044057;422397933;https://vk.ru/id422397933
847205848;https://vk.ru/id847205848;422397933;https://vk.ru/id422397933
847423814;https://vk.ru/id847423814;422397933;https://vk.ru/id422397933
847547930;https://vk.ru/id847547930;422397933;https://vk.ru/id422397933
847570940;https://vk.ru/id847570940;422397933;https://vk.ru/id422397933
847633244;https://vk.ru/id847633244;422397933;https://vk.ru/id422397933
847634906;https://vk.ru/id847634906;422397933;https://vk.ru/id422397933
847657652;https://vk.ru/id847657652;422397933;https://vk.ru/id422397933
847782182;https://vk.ru/id847782182;422397933;https://vk.ru/id422397933
847847212;https://vk.ru/id847847212;422397933;https://vk.ru/id422397933
847946020;https://vk.ru/id847946020;422397933;https://vk.ru/id422397933
848015862;https://vk.ru/id848015862;422397933;https://vk.ru/id422397933
848036347;https://vk.ru/id848036347;422397933;https://vk.ru/id422397933
848091983;https://vk.ru/id848091983;422397933;https://vk.ru/id422397933
848234595;https://vk.ru/id848234595;422397933;https://vk.ru/id422397933
848248099;https://vk.ru/id848248099;422397933;https://vk.ru/id422397933
848450876;https://vk.ru/id848450876;422397933;https://vk.ru/id422397933
848666870;https://vk.ru/id848666870;422397933;https://vk.ru/id422397933
848805541;https://vk.ru/id848805541;422397933;https://vk.ru/id422397933
848866774;https://vk.ru/id848866774;422397933;https://vk.ru/id422397933
849036069;https://vk.ru/id849036069;422397933;https://vk.ru/id422397933
849080807;https://vk.ru/id849080807;422397933;https://vk.ru/id422397933
849179438;https://vk.ru/id849179438;422397933;https://vk.ru/id422397933
849229499;https://vk.ru/id849229499;422397933;https://vk.ru/id422397933
849279494;https://vk.ru/id849279494;422397933;https://vk.ru/id422397933
849294230;https://vk.ru/id849294230;422397933;https://vk.ru/id422397933
849402880;https://vk.ru/id849402880;422397933;https://vk.ru/id422397933
849462071;https://vk.ru/id849462071;422397933;https://vk.ru/id422397933
849483845;https://vk.ru/id849483845;422397933;https://vk.ru/id422397933
849488524;https://vk.ru/id849488524;422397933;https://vk.ru/id422397933
849572472;https://vk.ru/id849572472;422397933;https://vk.ru/id422397933
849705656;https://vk.ru/id849705656;422397933;https://vk.ru/id422397933
849747290;https://vk.ru/id849747290;422397933;https://vk.ru/id422397933
849809670;https://vk.ru/id849809670;422397933;https://vk.ru/id422397933
849846597;https://vk.ru/id849846597;422397933;https://vk.ru/id422397933
849871915;https://vk.ru/id849871915;422397933;https://vk.ru/id422397933
849907514;https://vk.ru/id849907514;422397933;https://vk.ru/id422397933
849930637;https://vk.ru/id849930637;422397933;https://vk.ru/id422397933
849949804;https://vk.ru/id849949804;422397933;https://vk.ru/id422397933
850003831;https://vk.ru/id850003831;422397933;https://vk.ru/id422397933
850142169;https://vk.ru/id850142169;422397933;https://vk.ru/id422397933
850228804;https://vk.ru/id850228804;422397933;https://vk.ru/id422397933
850238715;https://vk.ru/id850238715;422397933;https://vk.ru/id422397933
850347842;https://vk.ru/id850347842;422397933;https://vk.ru/id422397933
850367963;https://vk.ru/id850367963;422397933;https://vk.ru/id422397933
850467242;https://vk.ru/id850467242;422397933;https://vk.ru/id422397933
850570955;https://vk.ru/id850570955;422397933;https://vk.ru/id422397933
850619697;https://vk.ru/id850619697;422397933;https://vk.ru/id422397933
850637960;https://vk.ru/id850637960;422397933;https://vk.ru/id422397933
850767675;https://vk.ru/id850767675;422397933;https://vk.ru/id422397933
850832510;https://vk.ru/id850832510;422397933;https://vk.ru/id422397933
850840820;https://vk.ru/id850840820;422397933;https://vk.ru/id422397933
850863893;https://vk.ru/id850863893;422397933;https://vk.ru/id422397933
851009143;https://vk.ru/id851009143;422397933;https://vk.ru/id422397933
851078573;https://vk.ru/id851078573;422397933;https://vk.ru/id422397933
851120346;https://vk.ru/id851120346;422397933;https://vk.ru/id422397933
851160141;https://vk.ru/id851160141;422397933;https://vk.ru/id422397933
851207834;https://vk.ru/id851207834;422397933;https://vk.ru/id422397933
851224104;https://vk.ru/id851224104;422397933;https://vk.ru/id422397933
851244923;https://vk.ru/id851244923;422397933;https://vk.ru/id422397933
851266648;https://vk.ru/id851266648;422397933;https://vk.ru/id422397933
851271346;https://vk.ru/id851271346;422397933;https://vk.ru/id422397933
851271925;https://vk.ru/id851271925;422397933;https://vk.ru/id422397933
851278464;https://vk.ru/id851278464;422397933;https://vk.ru/id422397933
851307415;https://vk.ru/id851307415;422397933;https://vk.ru/id422397933
851326187;https://vk.ru/id851326187;422397933;https://vk.ru/id422397933
851394867;https://vk.ru/id851394867;422397933;https://vk.ru/id422397933
851396923;https://vk.ru/id851396923;422397933;https://vk.ru/id422397933
851422061;https://vk.ru/id851422061;422397933;https://vk.ru/id422397933
851428990;https://vk.ru/id851428990;422397933;https://vk.ru/id422397933
851511616;https://vk.ru/id851511616;422397933;https://vk.ru/id422397933
851542672;https://vk.ru/id851542672;422397933;https://vk.ru/id422397933
851572841;https://vk.ru/id851572841;422397933;https://vk.ru/id422397933
851578496;https://vk.ru/id851578496;422397933;https://vk.ru/id422397933
851598204;https://vk.ru/id851598204;422397933;https://vk.ru/id422397933
851627568;https://vk.ru/id851627568;422397933;https://vk.ru/id422397933
851711168;https://vk.ru/id851711168;422397933;https://vk.ru/id422397933
851805765;https://vk.ru/id851805765;422397933;https://vk.ru/id422397933
851826980;https://vk.ru/id851826980;422397933;https://vk.ru/id422397933
851941936;https://vk.ru/id851941936;422397933;https://vk.ru/id422397933
851957385;https://vk.ru/id851957385;422397933;https://vk.ru/id422397933
852016462;https://vk.ru/id852016462;422397933;https://vk.ru/id422397933
852126374;https://vk.ru/id852126374;422397933;https://vk.ru/id422397933
852243596;https://vk.ru/id852243596;422397933;https://vk.ru/id422397933
852291830;https://vk.ru/id852291830;422397933;https://vk.ru/id422397933
852317325;https://vk.ru/id852317325;422397933;https://vk.ru/id422397933
852340007;https://vk.ru/id852340007;422397933;https://vk.ru/id422397933
852356535;https://vk.ru/id852356535;422397933;https://vk.ru/id422397933
852365378;https://vk.ru/id852365378;422397933;https://vk.ru/id422397933
852413654;https://vk.ru/id852413654;422397933;https://vk.ru/id422397933
852454017;https://vk.ru/id852454017;422397933;https://vk.ru/id422397933
852508017;https://vk.ru/id852508017;422397933;https://vk.ru/id422397933
852573732;https://vk.ru/id852573732;422397933;https://vk.ru/id422397933
852612519;https://vk.ru/id852612519;422397933;https://vk.ru/id422397933
852627845;https://vk.ru/id852627845;422397933;https://vk.ru/id422397933
852689482;https://vk.ru/id852689482;422397933;https://vk.ru/id422397933
852693744;https://vk.ru/id852693744;422397933;https://vk.ru/id422397933
852694153;https://vk.ru/id852694153;422397933;https://vk.ru/id422397933
852699236;https://vk.ru/id852699236;422397933;https://vk.ru/id422397933
852721093;https://vk.ru/id852721093;422397933;https://vk.ru/id422397933
852752790;https://vk.ru/id852752790;422397933;https://vk.ru/id422397933
852782378;https://vk.ru/id852782378;422397933;https://vk.ru/id422397933
852813832;https://vk.ru/id852813832;422397933;https://vk.ru/id422397933
852823168;https://vk.ru/id852823168;422397933;https://vk.ru/id422397933
852894502;https://vk.ru/id852894502;422397933;https://vk.ru/id422397933
852897252;https://vk.ru/id852897252;422397933;https://vk.ru/id422397933
852902573;https://vk.ru/id852902573;422397933;https://vk.ru/id422397933
852922186;https://vk.ru/id852922186;422397933;https://vk.ru/id422397933
852954561;https://vk.ru/id852954561;422397933;https://vk.ru/id422397933
853044966;https://vk.ru/id853044966;422397933;https://vk.ru/id422397933
853229767;https://vk.ru/id853229767;422397933;https://vk.ru/id422397933
853272012;https://vk.ru/id853272012;422397933;https://vk.ru/id422397933
853301678;https://vk.ru/id853301678;422397933;https://vk.ru/id422397933
853325283;https://vk.ru/id853325283;422397933;https://vk.ru/id422397933
853351062;https://vk.ru/id853351062;422397933;https://vk.ru/id422397933
853464919;https://vk.ru/id853464919;422397933;https://vk.ru/id422397933
853499450;https://vk.ru/id853499450;422397933;https://vk.ru/id422397933
853524982;https://vk.ru/id853524982;422397933;https://vk.ru/id422397933
853604614;https://vk.ru/id853604614;422397933;https://vk.ru/id422397933
853605201;https://vk.ru/id853605201;422397933;https://vk.ru/id422397933
853659597;https://vk.ru/id853659597;422397933;https://vk.ru/id422397933
853660859;https://vk.ru/id853660859;422397933;https://vk.ru/id422397933
853684786;https://vk.ru/id853684786;422397933;https://vk.ru/id422397933
853713526;https://vk.ru/id853713526;422397933;https://vk.ru/id422397933
853720638;https://vk.ru/id853720638;422397933;https://vk.ru/id422397933
853765008;https://vk.ru/id853765008;422397933;https://vk.ru/id422397933
853765967;https://vk.ru/id853765967;422397933;https://vk.ru/id422397933
853795251;https://vk.ru/id853795251;422397933;https://vk.ru/id422397933
853821134;https://vk.ru/id853821134;422397933;https://vk.ru/id422397933
853920894;https://vk.ru/id853920894;422397933;https://vk.ru/id422397933
853983182;https://vk.ru/id853983182;422397933;https://vk.ru/id422397933
853988947;https://vk.ru/id853988947;422397933;https://vk.ru/id422397933
853989408;https://vk.ru/id853989408;422397933;https://vk.ru/id422397933
854042753;https://vk.ru/id854042753;422397933;https://vk.ru/id422397933
854167276;https://vk.ru/id854167276;422397933;https://vk.ru/id422397933
854174785;https://vk.ru/id854174785;422397933;https://vk.ru/id422397933
854274618;https://vk.ru/id854274618;422397933;https://vk.ru/id422397933
854324344;https://vk.ru/id854324344;422397933;https://vk.ru/id422397933
854423951;https://vk.ru/id854423951;422397933;https://vk.ru/id422397933
854438948;https://vk.ru/id854438948;422397933;https://vk.ru/id422397933
854473968;https://vk.ru/id854473968;422397933;https://vk.ru/id422397933
854723075;https://vk.ru/id854723075;422397933;https://vk.ru/id422397933
854761040;https://vk.ru/id854761040;422397933;https://vk.ru/id422397933
854829975;https://vk.ru/id854829975;422397933;https://vk.ru/id422397933
854877380;https://vk.ru/id854877380;422397933;https://vk.ru/id422397933
854909178;https://vk.ru/id854909178;422397933;https://vk.ru/id422397933
854946108;https://vk.ru/id854946108;422397933;https://vk.ru/id422397933
854952902;https://vk.ru/id854952902;422397933;https://vk.ru/id422397933
854955881;https://vk.ru/id854955881;422397933;https://vk.ru/id422397933
854959371;https://vk.ru/id854959371;422397933;https://vk.ru/id422397933
855007560;https://vk.ru/id855007560;422397933;https://vk.ru/id422397933
855040929;https://vk.ru/id855040929;422397933;https://vk.ru/id422397933
855043162;https://vk.ru/id855043162;422397933;https://vk.ru/id422397933
855071932;https://vk.ru/id855071932;422397933;https://vk.ru/id422397933
855111343;https://vk.ru/id855111343;422397933;https://vk.ru/id422397933
855111574;https://vk.ru/id855111574;422397933;https://vk.ru/id422397933
855178186;https://vk.ru/id855178186;422397933;https://vk.ru/id422397933
855185887;https://vk.ru/id855185887;422397933;https://vk.ru/id422397933
855193121;https://vk.ru/id855193121;422397933;https://vk.ru/id422397933
855255339;https://vk.ru/id855255339;422397933;https://vk.ru/id422397933
855294832;https://vk.ru/id855294832;422397933;https://vk.ru/id422397933
855298644;https://vk.ru/id855298644;422397933;https://vk.ru/id422397933
855356406;https://vk.ru/id855356406;422397933;https://vk.ru/id422397933
855378539;https://vk.ru/id855378539;422397933;https://vk.ru/id422397933
855394938;https://vk.ru/id855394938;422397933;https://vk.ru/id422397933
855396351;https://vk.ru/id855396351;422397933;https://vk.ru/id422397933
855441765;https://vk.ru/id855441765;422397933;https://vk.ru/id422397933
855481789;https://vk.ru/id855481789;422397933;https://vk.ru/id422397933
855501974;https://vk.ru/id855501974;422397933;https://vk.ru/id422397933
855541314;https://vk.ru/id855541314;422397933;https://vk.ru/id422397933
855564010;https://vk.ru/id855564010;422397933;https://vk.ru/id422397933
855587549;https://vk.ru/id855587549;422397933;https://vk.ru/id422397933
855669888;https://vk.ru/id855669888;422397933;https://vk.ru/id422397933
855769424;https://vk.ru/id855769424;422397933;https://vk.ru/id422397933
855817956;https://vk.ru/id855817956;422397933;https://vk.ru/id422397933
855863066;https://vk.ru/id855863066;422397933;https://vk.ru/id422397933
855865309;https://vk.ru/id855865309;422397933;https://vk.ru/id422397933
855885332;https://vk.ru/id855885332;422397933;https://vk.ru/id422397933
855887703;https://vk.ru/id855887703;422397933;https://vk.ru/id422397933
855891089;https://vk.ru/id855891089;422397933;https://vk.ru/id422397933
855904249;https://vk.ru/id855904249;422397933;https://vk.ru/id422397933
855957102;https://vk.ru/id855957102;422397933;https://vk.ru/id422397933
855960616;https://vk.ru/id855960616;422397933;https://vk.ru/id422397933
855969403;https://vk.ru/id855969403;422397933;https://vk.ru/id422397933
855988983;https://vk.ru/id855988983;422397933;https://vk.ru/id422397933
855998159;https://vk.ru/id855998159;422397933;https://vk.ru/id422397933
855999094;https://vk.ru/id855999094;422397933;https://vk.ru/id422397933
856027807;https://vk.ru/id856027807;422397933;https://vk.ru/id422397933
856028618;https://vk.ru/id856028618;422397933;https://vk.ru/id422397933
856034373;https://vk.ru/id856034373;422397933;https://vk.ru/id422397933
856041425;https://vk.ru/id856041425;422397933;https://vk.ru/id422397933
856065834;https://vk.ru/id856065834;422397933;https://vk.ru/id422397933
856069000;https://vk.ru/id856069000;422397933;https://vk.ru/id422397933
856088701;https://vk.ru/id856088701;422397933;https://vk.ru/id422397933
856095106;https://vk.ru/id856095106;422397933;https://vk.ru/id422397933
856098487;https://vk.ru/id856098487;422397933;https://vk.ru/id422397933
856159148;https://vk.ru/id856159148;422397933;https://vk.ru/id422397933
856204407;https://vk.ru/id856204407;422397933;https://vk.ru/id422397933
856213424;https://vk.ru/id856213424;422397933;https://vk.ru/id422397933
856213845;https://vk.ru/id856213845;422397933;https://vk.ru/id422397933
856215309;https://vk.ru/id856215309;422397933;https://vk.ru/id422397933
856218867;https://vk.ru/id856218867;422397933;https://vk.ru/id422397933
856275545;https://vk.ru/id856275545;422397933;https://vk.ru/id422397933
856278869;https://vk.ru/id856278869;422397933;https://vk.ru/id422397933
856334354;https://vk.ru/id856334354;422397933;https://vk.ru/id422397933
856391169;https://vk.ru/id856391169;422397933;https://vk.ru/id422397933
856405055;https://vk.ru/id856405055;422397933;https://vk.ru/id422397933
856415308;https://vk.ru/id856415308;422397933;https://vk.ru/id422397933
856466318;https://vk.ru/id856466318;422397933;https://vk.ru/id422397933
856535292;https://vk.ru/id856535292;422397933;https://vk.ru/id422397933
856542192;https://vk.ru/id856542192;422397933;https://vk.ru/id422397933
856560272;https://vk.ru/id856560272;422397933;https://vk.ru/id422397933
856588343;https://vk.ru/id856588343;422397933;https://vk.ru/id422397933
856589806;https://vk.ru/id856589806;422397933;https://vk.ru/id422397933
856607205;https://vk.ru/id856607205;422397933;https://vk.ru/id422397933
856614387;https://vk.ru/id856614387;422397933;https://vk.ru/id422397933
856646779;https://vk.ru/id856646779;422397933;https://vk.ru/id422397933
856648552;https://vk.ru/id856648552;422397933;https://vk.ru/id422397933
856651456;https://vk.ru/id856651456;422397933;https://vk.ru/id422397933
856661920;https://vk.ru/id856661920;422397933;https://vk.ru/id422397933
856663754;https://vk.ru/id856663754;422397933;https://vk.ru/id422397933
856747086;https://vk.ru/id856747086;422397933;https://vk.ru/id422397933
856818308;https://vk.ru/id856818308;422397933;https://vk.ru/id422397933
856842930;https://vk.ru/id856842930;422397933;https://vk.ru/id422397933
856859906;https://vk.ru/id856859906;422397933;https://vk.ru/id422397933
856860752;https://vk.ru/id856860752;422397933;https://vk.ru/id422397933
856872170;https://vk.ru/id856872170;422397933;https://vk.ru/id422397933
856889774;https://vk.ru/id856889774;422397933;https://vk.ru/id422397933
856961077;https://vk.ru/id856961077;422397933;https://vk.ru/id422397933
857015338;https://vk.ru/id857015338;422397933;https://vk.ru/id422397933
857031529;https://vk.ru/id857031529;422397933;https://vk.ru/id422397933
857054903;https://vk.ru/id857054903;422397933;https://vk.ru/id422397933
857060813;https://vk.ru/id857060813;422397933;https://vk.ru/id422397933
857110076;https://vk.ru/id857110076;422397933;https://vk.ru/id422397933
857179140;https://vk.ru/id857179140;422397933;https://vk.ru/id422397933
857251761;https://vk.ru/id857251761;422397933;https://vk.ru/id422397933
857265994;https://vk.ru/id857265994;422397933;https://vk.ru/id422397933
857274023;https://vk.ru/id857274023;422397933;https://vk.ru/id422397933
857306703;https://vk.ru/id857306703;422397933;https://vk.ru/id422397933
857322402;https://vk.ru/id857322402;422397933;https://vk.ru/id422397933
857341737;https://vk.ru/id857341737;422397933;https://vk.ru/id422397933
857370148;https://vk.ru/id857370148;422397933;https://vk.ru/id422397933
857390158;https://vk.ru/id857390158;422397933;https://vk.ru/id422397933
857390963;https://vk.ru/id857390963;422397933;https://vk.ru/id422397933
857396833;https://vk.ru/id857396833;422397933;https://vk.ru/id422397933
857456022;https://vk.ru/id857456022;422397933;https://vk.ru/id422397933
857489195;https://vk.ru/id857489195;422397933;https://vk.ru/id422397933
857499289;https://vk.ru/id857499289;422397933;https://vk.ru/id422397933
857555470;https://vk.ru/id857555470;422397933;https://vk.ru/id422397933
857580744;https://vk.ru/id857580744;422397933;https://vk.ru/id422397933
857583918;https://vk.ru/id857583918;422397933;https://vk.ru/id422397933
857590090;https://vk.ru/id857590090;422397933;https://vk.ru/id422397933
857604718;https://vk.ru/id857604718;422397933;https://vk.ru/id422397933
857619105;https://vk.ru/id857619105;422397933;https://vk.ru/id422397933
857660049;https://vk.ru/id857660049;422397933;https://vk.ru/id422397933
857707862;https://vk.ru/id857707862;422397933;https://vk.ru/id422397933
857724657;https://vk.ru/id857724657;422397933;https://vk.ru/id422397933
857729568;https://vk.ru/id857729568;422397933;https://vk.ru/id422397933
857799747;https://vk.ru/id857799747;422397933;https://vk.ru/id422397933
857804832;https://vk.ru/id857804832;422397933;https://vk.ru/id422397933
857832718;https://vk.ru/id857832718;422397933;https://vk.ru/id422397933
857906938;https://vk.ru/id857906938;422397933;https://vk.ru/id422397933
857913116;https://vk.ru/id857913116;422397933;https://vk.ru/id422397933
857919752;https://vk.ru/id857919752;422397933;https://vk.ru/id422397933
857940216;https://vk.ru/id857940216;422397933;https://vk.ru/id422397933
857951769;https://vk.ru/id857951769;422397933;https://vk.ru/id422397933
858010498;https://vk.ru/id858010498;422397933;https://vk.ru/id422397933
858035892;https://vk.ru/id858035892;422397933;https://vk.ru/id422397933
858080486;https://vk.ru/id858080486;422397933;https://vk.ru/id422397933
858137735;https://vk.ru/id858137735;422397933;https://vk.ru/id422397933
858151205;https://vk.ru/id858151205;422397933;https://vk.ru/id422397933
858151579;https://vk.ru/id858151579;422397933;https://vk.ru/id422397933
858151713;https://vk.ru/id858151713;422397933;https://vk.ru/id422397933
858162189;https://vk.ru/id858162189;422397933;https://vk.ru/id422397933
858186011;https://vk.ru/id858186011;422397933;https://vk.ru/id422397933
858216513;https://vk.ru/id858216513;422397933;https://vk.ru/id422397933
858220719;https://vk.ru/id858220719;422397933;https://vk.ru/id422397933
858238490;https://vk.ru/id858238490;422397933;https://vk.ru/id422397933
858243373;https://vk.ru/id858243373;422397933;https://vk.ru/id422397933
858259568;https://vk.ru/id858259568;422397933;https://vk.ru/id422397933
858266108;https://vk.ru/id858266108;422397933;https://vk.ru/id422397933
858296470;https://vk.ru/id858296470;422397933;https://vk.ru/id422397933
858311185;https://vk.ru/id858311185;422397933;https://vk.ru/id422397933
858313149;https://vk.ru/id858313149;422397933;https://vk.ru/id422397933
858323036;https://vk.ru/id858323036;422397933;https://vk.ru/id422397933
858332821;https://vk.ru/id858332821;422397933;https://vk.ru/id422397933
858360597;https://vk.ru/id858360597;422397933;https://vk.ru/id422397933
858361790;https://vk.ru/id858361790;422397933;https://vk.ru/id422397933
858362451;https://vk.ru/id858362451;422397933;https://vk.ru/id422397933
858362836;https://vk.ru/id858362836;422397933;https://vk.ru/id422397933
858363077;https://vk.ru/id858363077;422397933;https://vk.ru/id422397933
858366597;https://vk.ru/id858366597;422397933;https://vk.ru/id422397933
858379139;https://vk.ru/id858379139;422397933;https://vk.ru/id422397933
858389104;https://vk.ru/id858389104;422397933;https://vk.ru/id422397933
858390935;https://vk.ru/id858390935;422397933;https://vk.ru/id422397933
858410506;https://vk.ru/id858410506;422397933;https://vk.ru/id422397933
858413624;https://vk.ru/id858413624;422397933;https://vk.ru/id422397933
858413827;https://vk.ru/id858413827;422397933;https://vk.ru/id422397933
858416504;https://vk.ru/id858416504;422397933;https://vk.ru/id422397933
858429704;https://vk.ru/id858429704;422397933;https://vk.ru/id422397933
858437072;https://vk.ru/id858437072;422397933;https://vk.ru/id422397933
858443762;https://vk.ru/id858443762;422397933;https://vk.ru/id422397933
858454335;https://vk.ru/id858454335;422397933;https://vk.ru/id422397933
858456773;https://vk.ru/id858456773;422397933;https://vk.ru/id422397933
858458452;https://vk.ru/id858458452;422397933;https://vk.ru/id422397933
858470405;https://vk.ru/id858470405;422397933;https://vk.ru/id422397933
858471103;https://vk.ru/id858471103;422397933;https://vk.ru/id422397933
858471825;https://vk.ru/id858471825;422397933;https://vk.ru/id422397933
858481117;https://vk.ru/id858481117;422397933;https://vk.ru/id422397933
858481484;https://vk.ru/id858481484;422397933;https://vk.ru/id422397933
858481644;https://vk.ru/id858481644;422397933;https://vk.ru/id422397933
858482113;https://vk.ru/id858482113;422397933;https://vk.ru/id422397933
858486981;https://vk.ru/id858486981;422397933;https://vk.ru/id422397933
858490908;https://vk.ru/id858490908;422397933;https://vk.ru/id422397933
858492771;https://vk.ru/id858492771;422397933;https://vk.ru/id422397933
858497722;https://vk.ru/id858497722;422397933;https://vk.ru/id422397933
858498613;https://vk.ru/id858498613;422397933;https://vk.ru/id422397933
858501664;https://vk.ru/id858501664;422397933;https://vk.ru/id422397933
858506345;https://vk.ru/id858506345;422397933;https://vk.ru/id422397933
858507637;https://vk.ru/id858507637;422397933;https://vk.ru/id422397933
858510878;https://vk.ru/id858510878;422397933;https://vk.ru/id422397933
858511312;https://vk.ru/id858511312;422397933;https://vk.ru/id422397933
858512495;https://vk.ru/id858512495;422397933;https://vk.ru/id422397933
858514190;https://vk.ru/id858514190;422397933;https://vk.ru/id422397933
858514927;https://vk.ru/id858514927;422397933;https://vk.ru/id422397933
858516863;https://vk.ru/id858516863;422397933;https://vk.ru/id422397933
858516879;https://vk.ru/id858516879;422397933;https://vk.ru/id422397933
858521041;https://vk.ru/id858521041;422397933;https://vk.ru/id422397933
858521656;https://vk.ru/id858521656;422397933;https://vk.ru/id422397933
858539794;https://vk.ru/id858539794;422397933;https://vk.ru/id422397933
858541036;https://vk.ru/id858541036;422397933;https://vk.ru/id422397933
858546474;https://vk.ru/id858546474;422397933;https://vk.ru/id422397933
858553119;https://vk.ru/id858553119;422397933;https://vk.ru/id422397933
858557631;https://vk.ru/id858557631;422397933;https://vk.ru/id422397933
858558874;https://vk.ru/id858558874;422397933;https://vk.ru/id422397933
858560857;https://vk.ru/id858560857;422397933;https://vk.ru/id422397933
858561827;https://vk.ru/id858561827;422397933;https://vk.ru/id422397933
858563837;https://vk.ru/id858563837;422397933;https://vk.ru/id422397933
858564347;https://vk.ru/id858564347;422397933;https://vk.ru/id422397933
858564740;https://vk.ru/id858564740;422397933;https://vk.ru/id422397933
858564761;https://vk.ru/id858564761;422397933;https://vk.ru/id422397933
858564774;https://vk.ru/id858564774;422397933;https://vk.ru/id422397933
858564778;https://vk.ru/id858564778;422397933;https://vk.ru/id422397933
858564780;https://vk.ru/id858564780;422397933;https://vk.ru/id422397933
858564781;https://vk.ru/id858564781;422397933;https://vk.ru/id422397933
858564782;https://vk.ru/id858564782;422397933;https://vk.ru/id422397933
858564783;https://vk.ru/id858564783;422397933;https://vk.ru/id422397933
858565596;https://vk.ru/id858565596;422397933;https://vk.ru/id422397933
858565693;https://vk.ru/id858565693;422397933;https://vk.ru/id422397933
858566457;https://vk.ru/id858566457;422397933;https://vk.ru/id422397933
858566466;https://vk.ru/id858566466;422397933;https://vk.ru/id422397933
858567344;https://vk.ru/id858567344;422397933;https://vk.ru/id422397933
858567353;https://vk.ru/id858567353;422397933;https://vk.ru/id422397933
858570579;https://vk.ru/id858570579;422397933;https://vk.ru/id422397933
858570601;https://vk.ru/id858570601;422397933;https://vk.ru/id422397933
858571880;https://vk.ru/id858571880;422397933;https://vk.ru/id422397933
858572000;https://vk.ru/id858572000;422397933;https://vk.ru/id422397933
858574449;https://vk.ru/id858574449;422397933;https://vk.ru/id422397933
858574632;https://vk.ru/id858574632;422397933;https://vk.ru/id422397933
858575150;https://vk.ru/id858575150;422397933;https://vk.ru/id422397933
858575332;https://vk.ru/id858575332;422397933;https://vk.ru/id422397933
858578865;https://vk.ru/id858578865;422397933;https://vk.ru/id422397933
858579280;https://vk.ru/id858579280;422397933;https://vk.ru/id422397933
858580017;https://vk.ru/id858580017;422397933;https://vk.ru/id422397933
858582763;https://vk.ru/id858582763;422397933;https://vk.ru/id422397933
858583730;https://vk.ru/id858583730;422397933;https://vk.ru/id422397933
858584641;https://vk.ru/id858584641;422397933;https://vk.ru/id422397933
858585636;https://vk.ru/id858585636;422397933;https://vk.ru/id422397933
858589699;https://vk.ru/id858589699;422397933;https://vk.ru/id422397933
858593829;https://vk.ru/id858593829;422397933;https://vk.ru/id422397933
858595512;https://vk.ru/id858595512;422397933;https://vk.ru/id422397933
858598043;https://vk.ru/id858598043;422397933;https://vk.ru/id422397933
858603167;https://vk.ru/id858603167;422397933;https://vk.ru/id422397933
858606709;https://vk.ru/id858606709;422397933;https://vk.ru/id422397933
858610459;https://vk.ru/id858610459;422397933;https://vk.ru/id422397933
858616493;https://vk.ru/id858616493;422397933;https://vk.ru/id422397933
858616811;https://vk.ru/id858616811;422397933;https://vk.ru/id422397933
858617631;https://vk.ru/id858617631;422397933;https://vk.ru/id422397933
858617741;https://vk.ru/id858617741;422397933;https://vk.ru/id422397933
858620507;https://vk.ru/id858620507;422397933;https://vk.ru/id422397933
858620745;https://vk.ru/id858620745;422397933;https://vk.ru/id422397933
858620794;https://vk.ru/id858620794;422397933;https://vk.ru/id422397933
858620932;https://vk.ru/id858620932;422397933;https://vk.ru/id422397933
858624357;https://vk.ru/id858624357;422397933;https://vk.ru/id422397933
858625354;https://vk.ru/id858625354;422397933;https://vk.ru/id422397933
858625457;https://vk.ru/id858625457;422397933;https://vk.ru/id422397933
858648994;https://vk.ru/id858648994;422397933;https://vk.ru/id422397933
858658584;https://vk.ru/id858658584;422397933;https://vk.ru/id422397933
858665826;https://vk.ru/id858665826;422397933;https://vk.ru/id422397933
858673677;https://vk.ru/id858673677;422397933;https://vk.ru/id422397933
858674646;https://vk.ru/id858674646;422397933;https://vk.ru/id422397933
858679221;https://vk.ru/id858679221;422397933;https://vk.ru/id422397933
858679615;https://vk.ru/id858679615;422397933;https://vk.ru/id422397933
858680261;https://vk.ru/id858680261;422397933;https://vk.ru/id422397933
858680578;https://vk.ru/id858680578;422397933;https://vk.ru/id422397933
858682112;https://vk.ru/id858682112;422397933;https://vk.ru/id422397933
858686688;https://vk.ru/id858686688;422397933;https://vk.ru/id422397933
858687099;https://vk.ru/id858687099;422397933;https://vk.ru/id422397933
858689940;https://vk.ru/id858689940;422397933;https://vk.ru/id422397933
858691732;https://vk.ru/id858691732;422397933;https://vk.ru/id422397933
858698572;https://vk.ru/id858698572;422397933;https://vk.ru/id422397933
858700161;https://vk.ru/id858700161;422397933;https://vk.ru/id422397933
858701314;https://vk.ru/id858701314;422397933;https://vk.ru/id422397933
858705943;https://vk.ru/id858705943;422397933;https://vk.ru/id422397933
858706237;https://vk.ru/id858706237;422397933;https://vk.ru/id422397933
858706933;https://vk.ru/id858706933;422397933;https://vk.ru/id422397933
858709559;https://vk.ru/id858709559;422397933;https://vk.ru/id422397933
858713094;https://vk.ru/id858713094;422397933;https://vk.ru/id422397933
858715453;https://vk.ru/id858715453;422397933;https://vk.ru/id422397933
858723857;https://vk.ru/id858723857;422397933;https://vk.ru/id422397933
858726081;https://vk.ru/id858726081;422397933;https://vk.ru/id422397933
858727644;https://vk.ru/id858727644;422397933;https://vk.ru/id422397933
858727682;https://vk.ru/id858727682;422397933;https://vk.ru/id422397933
858729084;https://vk.ru/id858729084;422397933;https://vk.ru/id422397933
858729129;https://vk.ru/id858729129;422397933;https://vk.ru/id422397933
858729648;https://vk.ru/id858729648;422397933;https://vk.ru/id422397933
858729909;https://vk.ru/id858729909;422397933;https://vk.ru/id422397933
858734001;https://vk.ru/id858734001;422397933;https://vk.ru/id422397933
858739969;https://vk.ru/id858739969;422397933;https://vk.ru/id422397933
858743677;https://vk.ru/id858743677;422397933;https://vk.ru/id422397933
858744074;https://vk.ru/id858744074;422397933;https://vk.ru/id422397933
858746028;https://vk.ru/id858746028;422397933;https://vk.ru/id422397933
858748236;https://vk.ru/id858748236;422397933;https://vk.ru/id422397933
858761550;https://vk.ru/id858761550;422397933;https://vk.ru/id422397933
858768864;https://vk.ru/id858768864;422397933;https://vk.ru/id422397933
858771508;https://vk.ru/id858771508;422397933;https://vk.ru/id422397933
858772391;https://vk.ru/id858772391;422397933;https://vk.ru/id422397933
858776155;https://vk.ru/id858776155;422397933;https://vk.ru/id422397933
858782272;https://vk.ru/id858782272;422397933;https://vk.ru/id422397933
858785945;https://vk.ru/id858785945;422397933;https://vk.ru/id422397933
858785956;https://vk.ru/id858785956;422397933;https://vk.ru/id422397933
858788121;https://vk.ru/id858788121;422397933;https://vk.ru/id422397933
858788534;https://vk.ru/id858788534;422397933;https://vk.ru/id422397933
858792973;https://vk.ru/id858792973;422397933;https://vk.ru/id422397933
858793365;https://vk.ru/id858793365;422397933;https://vk.ru/id422397933
858794608;https://vk.ru/id858794608;422397933;https://vk.ru/id422397933
858796034;https://vk.ru/id858796034;422397933;https://vk.ru/id422397933
858796627;https://vk.ru/id858796627;422397933;https://vk.ru/id422397933
858797809;https://vk.ru/id858797809;422397933;https://vk.ru/id422397933
858801014;https://vk.ru/id858801014;422397933;https://vk.ru/id422397933
858801521;https://vk.ru/id858801521;422397933;https://vk.ru/id422397933
858803556;https://vk.ru/id858803556;422397933;https://vk.ru/id422397933
858803683;https://vk.ru/id858803683;422397933;https://vk.ru/id422397933
858807581;https://vk.ru/id858807581;422397933;https://vk.ru/id422397933
858811821;https://vk.ru/id858811821;422397933;https://vk.ru/id422397933
858812647;https://vk.ru/id858812647;422397933;https://vk.ru/id422397933
858813025;https://vk.ru/id858813025;422397933;https://vk.ru/id422397933
858814646;https://vk.ru/id858814646;422397933;https://vk.ru/id422397933
858816731;https://vk.ru/id858816731;422397933;https://vk.ru/id422397933
858818912;https://vk.ru/id858818912;422397933;https://vk.ru/id422397933
858822733;https://vk.ru/id858822733;422397933;https://vk.ru/id422397933
858824371;https://vk.ru/id858824371;422397933;https://vk.ru/id422397933
858825374;https://vk.ru/id858825374;422397933;https://vk.ru/id422397933
858829394;https://vk.ru/id858829394;422397933;https://vk.ru/id422397933
858839745;https://vk.ru/id858839745;422397933;https://vk.ru/id422397933
858839999;https://vk.ru/id858839999;422397933;https://vk.ru/id422397933
858841676;https://vk.ru/id858841676;422397933;https://vk.ru/id422397933
858843811;https://vk.ru/id858843811;422397933;https://vk.ru/id422397933
858847273;https://vk.ru/id858847273;422397933;https://vk.ru/id422397933
858852153;https://vk.ru/id858852153;422397933;https://vk.ru/id422397933
858856416;https://vk.ru/id858856416;422397933;https://vk.ru/id422397933
858861853;https://vk.ru/id858861853;422397933;https://vk.ru/id422397933
858870747;https://vk.ru/id858870747;422397933;https://vk.ru/id422397933
858873587;https://vk.ru/id858873587;422397933;https://vk.ru/id422397933
858877413;https://vk.ru/id858877413;422397933;https://vk.ru/id422397933
858879273;https://vk.ru/id858879273;422397933;https://vk.ru/id422397933
858886304;https://vk.ru/id858886304;422397933;https://vk.ru/id422397933
858892846;https://vk.ru/id858892846;422397933;https://vk.ru/id422397933
858893092;https://vk.ru/id858893092;422397933;https://vk.ru/id422397933
858893461;https://vk.ru/id858893461;422397933;https://vk.ru/id422397933
858893706;https://vk.ru/id858893706;422397933;https://vk.ru/id422397933
858899246;https://vk.ru/id858899246;422397933;https://vk.ru/id422397933
858901056;https://vk.ru/id858901056;422397933;https://vk.ru/id422397933
858902104;https://vk.ru/id858902104;422397933;https://vk.ru/id422397933
858907526;https://vk.ru/id858907526;422397933;https://vk.ru/id422397933
858908789;https://vk.ru/id858908789;422397933;https://vk.ru/id422397933
858913297;https://vk.ru/id858913297;422397933;https://vk.ru/id422397933
858915339;https://vk.ru/id858915339;422397933;https://vk.ru/id422397933
858919560;https://vk.ru/id858919560;422397933;https://vk.ru/id422397933
858925146;https://vk.ru/id858925146;422397933;https://vk.ru/id422397933
858939415;https://vk.ru/id858939415;422397933;https://vk.ru/id422397933
858943234;https://vk.ru/id858943234;422397933;https://vk.ru/id422397933
858950893;https://vk.ru/id858950893;422397933;https://vk.ru/id422397933
858950901;https://vk.ru/id858950901;422397933;https://vk.ru/id422397933
858953371;https://vk.ru/id858953371;422397933;https://vk.ru/id422397933
858955060;https://vk.ru/id858955060;422397933;https://vk.ru/id422397933
858955560;https://vk.ru/id858955560;422397933;https://vk.ru/id422397933
858956513;https://vk.ru/id858956513;422397933;https://vk.ru/id422397933
858958064;https://vk.ru/id858958064;422397933;https://vk.ru/id422397933
858958476;https://vk.ru/id858958476;422397933;https://vk.ru/id422397933
858962292;https://vk.ru/id858962292;422397933;https://vk.ru/id422397933
858974700;https://vk.ru/id858974700;422397933;https://vk.ru/id422397933
858980157;https://vk.ru/id858980157;422397933;https://vk.ru/id422397933
859001207;https://vk.ru/id859001207;422397933;https://vk.ru/id422397933
859002115;https://vk.ru/id859002115;422397933;https://vk.ru/id422397933
859003090;https://vk.ru/id859003090;422397933;https://vk.ru/id422397933
859005307;https://vk.ru/id859005307;422397933;https://vk.ru/id422397933
859016546;https://vk.ru/id859016546;422397933;https://vk.ru/id422397933
859019285;https://vk.ru/id859019285;422397933;https://vk.ru/id422397933
859021727;https://vk.ru/id859021727;422397933;https://vk.ru/id422397933
859022755;https://vk.ru/id859022755;422397933;https://vk.ru/id422397933
859024050;https://vk.ru/id859024050;422397933;https://vk.ru/id422397933
859026289;https://vk.ru/id859026289;422397933;https://vk.ru/id422397933
859028582;https://vk.ru/id859028582;422397933;https://vk.ru/id422397933
859031091;https://vk.ru/id859031091;422397933;https://vk.ru/id422397933
859034188;https://vk.ru/id859034188;422397933;https://vk.ru/id422397933
859036501;https://vk.ru/id859036501;422397933;https://vk.ru/id422397933
859037330;https://vk.ru/id859037330;422397933;https://vk.ru/id422397933
859039718;https://vk.ru/id859039718;422397933;https://vk.ru/id422397933
859057886;https://vk.ru/id859057886;422397933;https://vk.ru/id422397933
859062240;https://vk.ru/id859062240;422397933;https://vk.ru/id422397933
859066174;https://vk.ru/id859066174;422397933;https://vk.ru/id422397933
859069605;https://vk.ru/id859069605;422397933;https://vk.ru/id422397933
859069674;https://vk.ru/id859069674;422397933;https://vk.ru/id422397933
859069812;https://vk.ru/id859069812;422397933;https://vk.ru/id422397933
859071459;https://vk.ru/id859071459;422397933;https://vk.ru/id422397933
859076705;https://vk.ru/id859076705;422397933;https://vk.ru/id422397933
859077378;https://vk.ru/id859077378;422397933;https://vk.ru/id422397933
859078801;https://vk.ru/id859078801;422397933;https://vk.ru/id422397933
859079281;https://vk.ru/id859079281;422397933;https://vk.ru/id422397933
859080199;https://vk.ru/id859080199;422397933;https://vk.ru/id422397933
859083112;https://vk.ru/id859083112;422397933;https://vk.ru/id422397933
859087555;https://vk.ru/id859087555;422397933;https://vk.ru/id422397933
859088838;https://vk.ru/id859088838;422397933;https://vk.ru/id422397933
859089880;https://vk.ru/id859089880;422397933;https://vk.ru/id422397933
859092030;https://vk.ru/id859092030;422397933;https://vk.ru/id422397933
859094076;https://vk.ru/id859094076;422397933;https://vk.ru/id422397933
859095675;https://vk.ru/id859095675;422397933;https://vk.ru/id422397933
859097105;https://vk.ru/id859097105;422397933;https://vk.ru/id422397933
859097405;https://vk.ru/id859097405;422397933;https://vk.ru/id422397933
859097897;https://vk.ru/id859097897;422397933;https://vk.ru/id422397933
859098301;https://vk.ru/id859098301;422397933;https://vk.ru/id422397933
859099210;https://vk.ru/id859099210;422397933;https://vk.ru/id422397933
859100047;https://vk.ru/id859100047;422397933;https://vk.ru/id422397933
859100313;https://vk.ru/id859100313;422397933;https://vk.ru/id422397933
859101179;https://vk.ru/id859101179;422397933;https://vk.ru/id422397933
859101238;https://vk.ru/id859101238;422397933;https://vk.ru/id422397933
859102133;https://vk.ru/id859102133;422397933;https://vk.ru/id422397933
859102204;https://vk.ru/id859102204;422397933;https://vk.ru/id422397933
859103044;https://vk.ru/id859103044;422397933;https://vk.ru/id422397933
859105148;https://vk.ru/id859105148;422397933;https://vk.ru/id422397933
859106071;https://vk.ru/id859106071;422397933;https://vk.ru/id422397933
859108793;https://vk.ru/id859108793;422397933;https://vk.ru/id422397933
859110097;https://vk.ru/id859110097;422397933;https://vk.ru/id422397933
859111975;https://vk.ru/id859111975;422397933;https://vk.ru/id422397933
859112423;https://vk.ru/id859112423;422397933;https://vk.ru/id422397933
859112504;https://vk.ru/id859112504;422397933;https://vk.ru/id422397933
859113324;https://vk.ru/id859113324;422397933;https://vk.ru/id422397933
859113893;https://vk.ru/id859113893;422397933;https://vk.ru/id422397933
859114349;https://vk.ru/id859114349;422397933;https://vk.ru/id422397933
859118440;https://vk.ru/id859118440;422397933;https://vk.ru/id422397933
859119593;https://vk.ru/id859119593;422397933;https://vk.ru/id422397933
859123873;https://vk.ru/id859123873;422397933;https://vk.ru/id422397933
859124876;https://vk.ru/id859124876;422397933;https://vk.ru/id422397933
859133520;https://vk.ru/id859133520;422397933;https://vk.ru/id422397933
859133983;https://vk.ru/id859133983;422397933;https://vk.ru/id422397933
859137062;https://vk.ru/id859137062;422397933;https://vk.ru/id422397933
859137079;https://vk.ru/id859137079;422397933;https://vk.ru/id422397933
859138494;https://vk.ru/id859138494;422397933;https://vk.ru/id422397933
859143475;https://vk.ru/id859143475;422397933;https://vk.ru/id422397933
859145024;https://vk.ru/id859145024;422397933;https://vk.ru/id422397933
859148304;https://vk.ru/id859148304;422397933;https://vk.ru/id422397933
859148903;https://vk.ru/id859148903;422397933;https://vk.ru/id422397933
859153890;https://vk.ru/id859153890;422397933;https://vk.ru/id422397933
859155901;https://vk.ru/id859155901;422397933;https://vk.ru/id422397933
859160741;https://vk.ru/id859160741;422397933;https://vk.ru/id422397933
859162178;https://vk.ru/id859162178;422397933;https://vk.ru/id422397933
859168305;https://vk.ru/id859168305;422397933;https://vk.ru/id422397933
859168803;https://vk.ru/id859168803;422397933;https://vk.ru/id422397933
859172945;https://vk.ru/id859172945;422397933;https://vk.ru/id422397933
859174235;https://vk.ru/id859174235;422397933;https://vk.ru/id422397933
859176396;https://vk.ru/id859176396;422397933;https://vk.ru/id422397933
859177436;https://vk.ru/id859177436;422397933;https://vk.ru/id422397933
859177528;https://vk.ru/id859177528;422397933;https://vk.ru/id422397933
859178104;https://vk.ru/id859178104;422397933;https://vk.ru/id422397933
859178474;https://vk.ru/id859178474;422397933;https://vk.ru/id422397933
859179150;https://vk.ru/id859179150;422397933;https://vk.ru/id422397933
859179729;https://vk.ru/id859179729;422397933;https://vk.ru/id422397933
859180406;https://vk.ru/id859180406;422397933;https://vk.ru/id422397933
859180937;https://vk.ru/id859180937;422397933;https://vk.ru/id422397933
859181521;https://vk.ru/id859181521;422397933;https://vk.ru/id422397933
859182087;https://vk.ru/id859182087;422397933;https://vk.ru/id422397933
859182450;https://vk.ru/id859182450;422397933;https://vk.ru/id422397933
859185899;https://vk.ru/id859185899;422397933;https://vk.ru/id422397933
859188049;https://vk.ru/id859188049;422397933;https://vk.ru/id422397933
859190069;https://vk.ru/id859190069;422397933;https://vk.ru/id422397933
859192045;https://vk.ru/id859192045;422397933;https://vk.ru/id422397933
859193835;https://vk.ru/id859193835;422397933;https://vk.ru/id422397933
859194460;https://vk.ru/id859194460;422397933;https://vk.ru/id422397933
859197522;https://vk.ru/id859197522;422397933;https://vk.ru/id422397933
859200050;https://vk.ru/id859200050;422397933;https://vk.ru/id422397933
859200852;https://vk.ru/id859200852;422397933;https://vk.ru/id422397933
859206113;https://vk.ru/id859206113;422397933;https://vk.ru/id422397933
859215342;https://vk.ru/id859215342;422397933;https://vk.ru/id422397933
859216907;https://vk.ru/id859216907;422397933;https://vk.ru/id422397933
859221315;https://vk.ru/id859221315;422397933;https://vk.ru/id422397933
859221329;https://vk.ru/id859221329;422397933;https://vk.ru/id422397933
859222124;https://vk.ru/id859222124;422397933;https://vk.ru/id422397933
859222283;https://vk.ru/id859222283;422397933;https://vk.ru/id422397933
859225085;https://vk.ru/id859225085;422397933;https://vk.ru/id422397933
859228816;https://vk.ru/id859228816;422397933;https://vk.ru/id422397933
859230715;https://vk.ru/id859230715;422397933;https://vk.ru/id422397933
859231961;https://vk.ru/id859231961;422397933;https://vk.ru/id422397933
859238212;https://vk.ru/id859238212;422397933;https://vk.ru/id422397933
859239563;https://vk.ru/id859239563;422397933;https://vk.ru/id422397933
859241806;https://vk.ru/id859241806;422397933;https://vk.ru/id422397933
859243203;https://vk.ru/id859243203;422397933;https://vk.ru/id422397933
859245891;https://vk.ru/id859245891;422397933;https://vk.ru/id422397933
859251347;https://vk.ru/id859251347;422397933;https://vk.ru/id422397933
859255763;https://vk.ru/id859255763;422397933;https://vk.ru/id422397933
859256063;https://vk.ru/id859256063;422397933;https://vk.ru/id422397933
859259319;https://vk.ru/id859259319;422397933;https://vk.ru/id422397933
859259901;https://vk.ru/id859259901;422397933;https://vk.ru/id422397933
859263120;https://vk.ru/id859263120;422397933;https://vk.ru/id422397933
859264095;https://vk.ru/id859264095;422397933;https://vk.ru/id422397933
859264820;https://vk.ru/id859264820;422397933;https://vk.ru/id422397933
859279473;https://vk.ru/id859279473;422397933;https://vk.ru/id422397933
859297036;https://vk.ru/id859297036;422397933;https://vk.ru/id422397933
859298046;https://vk.ru/id859298046;422397933;https://vk.ru/id422397933
859321868;https://vk.ru/id859321868;422397933;https://vk.ru/id422397933
859322471;https://vk.ru/id859322471;422397933;https://vk.ru/id422397933
859329844;https://vk.ru/id859329844;422397933;https://vk.ru/id422397933
859341391;https://vk.ru/id859341391;422397933;https://vk.ru/id422397933
859341496;https://vk.ru/id859341496;422397933;https://vk.ru/id422397933
859341718;https://vk.ru/id859341718;422397933;https://vk.ru/id422397933
859343559;https://vk.ru/id859343559;422397933;https://vk.ru/id422397933
859346363;https://vk.ru/id859346363;422397933;https://vk.ru/id422397933
859349891;https://vk.ru/id859349891;422397933;https://vk.ru/id422397933
859350348;https://vk.ru/id859350348;422397933;https://vk.ru/id422397933
859355722;https://vk.ru/id859355722;422397933;https://vk.ru/id422397933
859357597;https://vk.ru/id859357597;422397933;https://vk.ru/id422397933
859358662;https://vk.ru/id859358662;422397933;https://vk.ru/id422397933
859359872;https://vk.ru/id859359872;422397933;https://vk.ru/id422397933
859360527;https://vk.ru/id859360527;422397933;https://vk.ru/id422397933
859364176;https://vk.ru/id859364176;422397933;https://vk.ru/id422397933
859366840;https://vk.ru/id859366840;422397933;https://vk.ru/id422397933
859370708;https://vk.ru/id859370708;422397933;https://vk.ru/id422397933
859371080;https://vk.ru/id859371080;422397933;https://vk.ru/id422397933
859374398;https://vk.ru/id859374398;422397933;https://vk.ru/id422397933
859378402;https://vk.ru/id859378402;422397933;https://vk.ru/id422397933
859383961;https://vk.ru/id859383961;422397933;https://vk.ru/id422397933
859392497;https://vk.ru/id859392497;422397933;https://vk.ru/id422397933
859393074;https://vk.ru/id859393074;422397933;https://vk.ru/id422397933
859393135;https://vk.ru/id859393135;422397933;https://vk.ru/id422397933
859402594;https://vk.ru/id859402594;422397933;https://vk.ru/id422397933
859405369;https://vk.ru/id859405369;422397933;https://vk.ru/id422397933
859406111;https://vk.ru/id859406111;422397933;https://vk.ru/id422397933
859406776;https://vk.ru/id859406776;422397933;https://vk.ru/id422397933
859407387;https://vk.ru/id859407387;422397933;https://vk.ru/id422397933
859408029;https://vk.ru/id859408029;422397933;https://vk.ru/id422397933
859409030;https://vk.ru/id859409030;422397933;https://vk.ru/id422397933
859409174;https://vk.ru/id859409174;422397933;https://vk.ru/id422397933
859409376;https://vk.ru/id859409376;422397933;https://vk.ru/id422397933
859410271;https://vk.ru/id859410271;422397933;https://vk.ru/id422397933
859411362;https://vk.ru/id859411362;422397933;https://vk.ru/id422397933
859411459;https://vk.ru/id859411459;422397933;https://vk.ru/id422397933
859411858;https://vk.ru/id859411858;422397933;https://vk.ru/id422397933
859411948;https://vk.ru/id859411948;422397933;https://vk.ru/id422397933
859412305;https://vk.ru/id859412305;422397933;https://vk.ru/id422397933
859414139;https://vk.ru/id859414139;422397933;https://vk.ru/id422397933
859415025;https://vk.ru/id859415025;422397933;https://vk.ru/id422397933
859415609;https://vk.ru/id859415609;422397933;https://vk.ru/id422397933
859416296;https://vk.ru/id859416296;422397933;https://vk.ru/id422397933
859416669;https://vk.ru/id859416669;422397933;https://vk.ru/id422397933
859416996;https://vk.ru/id859416996;422397933;https://vk.ru/id422397933
859417355;https://vk.ru/id859417355;422397933;https://vk.ru/id422397933
859418217;https://vk.ru/id859418217;422397933;https://vk.ru/id422397933
859418696;https://vk.ru/id859418696;422397933;https://vk.ru/id422397933
859418862;https://vk.ru/id859418862;422397933;https://vk.ru/id422397933
859419167;https://vk.ru/id859419167;422397933;https://vk.ru/id422397933
859419864;https://vk.ru/id859419864;422397933;https://vk.ru/id422397933
859420344;https://vk.ru/id859420344;422397933;https://vk.ru/id422397933
859421562;https://vk.ru/id859421562;422397933;https://vk.ru/id422397933
859421979;https://vk.ru/id859421979;422397933;https://vk.ru/id422397933
859422280;https://vk.ru/id859422280;422397933;https://vk.ru/id422397933
859425378;https://vk.ru/id859425378;422397933;https://vk.ru/id422397933
859428791;https://vk.ru/id859428791;422397933;https://vk.ru/id422397933
859431589;https://vk.ru/id859431589;422397933;https://vk.ru/id422397933
859438239;https://vk.ru/id859438239;422397933;https://vk.ru/id422397933
859438448;https://vk.ru/id859438448;422397933;https://vk.ru/id422397933
859442150;https://vk.ru/id859442150;422397933;https://vk.ru/id422397933
859452563;https://vk.ru/id859452563;422397933;https://vk.ru/id422397933
859453475;https://vk.ru/id859453475;422397933;https://vk.ru/id422397933
859455547;https://vk.ru/id859455547;422397933;https://vk.ru/id422397933
859455706;https://vk.ru/id859455706;422397933;https://vk.ru/id422397933
859456708;https://vk.ru/id859456708;422397933;https://vk.ru/id422397933
859456903;https://vk.ru/id859456903;422397933;https://vk.ru/id422397933
859460971;https://vk.ru/id859460971;422397933;https://vk.ru/id422397933
859464933;https://vk.ru/id859464933;422397933;https://vk.ru/id422397933
859472842;https://vk.ru/id859472842;422397933;https://vk.ru/id422397933
859474465;https://vk.ru/id859474465;422397933;https://vk.ru/id422397933
859481753;https://vk.ru/id859481753;422397933;https://vk.ru/id422397933
859481823;https://vk.ru/id859481823;422397933;https://vk.ru/id422397933
859482929;https://vk.ru/id859482929;422397933;https://vk.ru/id422397933
859491380;https://vk.ru/id859491380;422397933;https://vk.ru/id422397933
859509965;https://vk.ru/id859509965;422397933;https://vk.ru/id422397933
859512835;https://vk.ru/id859512835;422397933;https://vk.ru/id422397933
859514525;https://vk.ru/id859514525;422397933;https://vk.ru/id422397933
859529856;https://vk.ru/id859529856;422397933;https://vk.ru/id422397933
859539390;https://vk.ru/id859539390;422397933;https://vk.ru/id422397933
859539403;https://vk.ru/id859539403;422397933;https://vk.ru/id422397933
859539682;https://vk.ru/id859539682;422397933;https://vk.ru/id422397933
859549336;https://vk.ru/id859549336;422397933;https://vk.ru/id422397933
859551646;https://vk.ru/id859551646;422397933;https://vk.ru/id422397933
859553600;https://vk.ru/id859553600;422397933;https://vk.ru/id422397933
859574654;https://vk.ru/id859574654;422397933;https://vk.ru/id422397933
859577734;https://vk.ru/id859577734;422397933;https://vk.ru/id422397933
859606965;https://vk.ru/id859606965;422397933;https://vk.ru/id422397933
859612023;https://vk.ru/id859612023;422397933;https://vk.ru/id422397933
859632435;https://vk.ru/id859632435;422397933;https://vk.ru/id422397933
859639924;https://vk.ru/id859639924;422397933;https://vk.ru/id422397933
859641090;https://vk.ru/id859641090;422397933;https://vk.ru/id422397933
859642635;https://vk.ru/id859642635;422397933;https://vk.ru/id422397933
859672319;https://vk.ru/id859672319;422397933;https://vk.ru/id422397933
859680595;https://vk.ru/id859680595;422397933;https://vk.ru/id422397933
859702159;https://vk.ru/id859702159;422397933;https://vk.ru/id422397933
859703427;https://vk.ru/id859703427;422397933;https://vk.ru/id422397933
859705682;https://vk.ru/id859705682;422397933;https://vk.ru/id422397933
859707968;https://vk.ru/id859707968;422397933;https://vk.ru/id422397933
859708858;https://vk.ru/id859708858;422397933;https://vk.ru/id422397933
859721371;https://vk.ru/id859721371;422397933;https://vk.ru/id422397933
859735220;https://vk.ru/id859735220;422397933;https://vk.ru/id422397933
859736395;https://vk.ru/id859736395;422397933;https://vk.ru/id422397933
859739189;https://vk.ru/id859739189;422397933;https://vk.ru/id422397933
859745497;https://vk.ru/id859745497;422397933;https://vk.ru/id422397933
859750360;https://vk.ru/id859750360;422397933;https://vk.ru/id422397933
859753582;https://vk.ru/id859753582;422397933;https://vk.ru/id422397933
859761462;https://vk.ru/id859761462;422397933;https://vk.ru/id422397933
859772118;https://vk.ru/id859772118;422397933;https://vk.ru/id422397933
859777677;https://vk.ru/id859777677;422397933;https://vk.ru/id422397933
859782694;https://vk.ru/id859782694;422397933;https://vk.ru/id422397933
859786865;https://vk.ru/id859786865;422397933;https://vk.ru/id422397933
859801734;https://vk.ru/id859801734;422397933;https://vk.ru/id422397933
859804968;https://vk.ru/id859804968;422397933;https://vk.ru/id422397933
859806288;https://vk.ru/id859806288;422397933;https://vk.ru/id422397933
859808355;https://vk.ru/id859808355;422397933;https://vk.ru/id422397933
859822331;https://vk.ru/id859822331;422397933;https://vk.ru/id422397933
859825166;https://vk.ru/id859825166;422397933;https://vk.ru/id422397933
859825475;https://vk.ru/id859825475;422397933;https://vk.ru/id422397933
859826265;https://vk.ru/id859826265;422397933;https://vk.ru/id422397933
859828849;https://vk.ru/id859828849;422397933;https://vk.ru/id422397933
859830824;https://vk.ru/id859830824;422397933;https://vk.ru/id422397933
859830940;https://vk.ru/id859830940;422397933;https://vk.ru/id422397933
859833548;https://vk.ru/id859833548;422397933;https://vk.ru/id422397933
859835912;https://vk.ru/id859835912;422397933;https://vk.ru/id422397933
859835952;https://vk.ru/id859835952;422397933;https://vk.ru/id422397933
859836087;https://vk.ru/id859836087;422397933;https://vk.ru/id422397933
859837934;https://vk.ru/id859837934;422397933;https://vk.ru/id422397933
859838166;https://vk.ru/id859838166;422397933;https://vk.ru/id422397933
859840734;https://vk.ru/id859840734;422397933;https://vk.ru/id422397933
859844682;https://vk.ru/id859844682;422397933;https://vk.ru/id422397933
859844733;https://vk.ru/id859844733;422397933;https://vk.ru/id422397933
859844999;https://vk.ru/id859844999;422397933;https://vk.ru/id422397933
859849820;https://vk.ru/id859849820;422397933;https://vk.ru/id422397933
859852413;https://vk.ru/id859852413;422397933;https://vk.ru/id422397933
859854290;https://vk.ru/id859854290;422397933;https://vk.ru/id422397933
859855261;https://vk.ru/id859855261;422397933;https://vk.ru/id422397933
859876273;https://vk.ru/id859876273;422397933;https://vk.ru/id422397933
859878748;https://vk.ru/id859878748;422397933;https://vk.ru/id422397933
859879272;https://vk.ru/id859879272;422397933;https://vk.ru/id422397933
859882283;https://vk.ru/id859882283;422397933;https://vk.ru/id422397933
859890402;https://vk.ru/id859890402;422397933;https://vk.ru/id422397933
859899729;https://vk.ru/id859899729;422397933;https://vk.ru/id422397933
859930122;https://vk.ru/id859930122;422397933;https://vk.ru/id422397933
859937815;https://vk.ru/id859937815;422397933;https://vk.ru/id422397933
859952413;https://vk.ru/id859952413;422397933;https://vk.ru/id422397933
859952637;https://vk.ru/id859952637;422397933;https://vk.ru/id422397933
859954585;https://vk.ru/id859954585;422397933;https://vk.ru/id422397933
859973304;https://vk.ru/id859973304;422397933;https://vk.ru/id422397933
859978970;https://vk.ru/id859978970;422397933;https://vk.ru/id422397933
859982245;https://vk.ru/id859982245;422397933;https://vk.ru/id422397933
860008929;https://vk.ru/id860008929;422397933;https://vk.ru/id422397933
860010887;https://vk.ru/id860010887;422397933;https://vk.ru/id422397933
860011100;https://vk.ru/id860011100;422397933;https://vk.ru/id422397933
860012169;https://vk.ru/id860012169;422397933;https://vk.ru/id422397933
860016060;https://vk.ru/id860016060;422397933;https://vk.ru/id422397933
860029906;https://vk.ru/id860029906;422397933;https://vk.ru/id422397933
860032258;https://vk.ru/id860032258;422397933;https://vk.ru/id422397933
860035740;https://vk.ru/id860035740;422397933;https://vk.ru/id422397933
860041612;https://vk.ru/id860041612;422397933;https://vk.ru/id422397933
860050245;https://vk.ru/id860050245;422397933;https://vk.ru/id422397933
860055100;https://vk.ru/id860055100;422397933;https://vk.ru/id422397933
860065251;https://vk.ru/id860065251;422397933;https://vk.ru/id422397933
860083230;https://vk.ru/id860083230;422397933;https://vk.ru/id422397933
860088295;https://vk.ru/id860088295;422397933;https://vk.ru/id422397933
860089207;https://vk.ru/id860089207;422397933;https://vk.ru/id422397933
860094447;https://vk.ru/id860094447;422397933;https://vk.ru/id422397933
860105568;https://vk.ru/id860105568;422397933;https://vk.ru/id422397933
860114731;https://vk.ru/id860114731;422397933;https://vk.ru/id422397933
860121665;https://vk.ru/id860121665;422397933;https://vk.ru/id422397933
860127673;https://vk.ru/id860127673;422397933;https://vk.ru/id422397933
860134393;https://vk.ru/id860134393;422397933;https://vk.ru/id422397933
860137024;https://vk.ru/id860137024;422397933;https://vk.ru/id422397933
860138595;https://vk.ru/id860138595;422397933;https://vk.ru/id422397933
860141348;https://vk.ru/id860141348;422397933;https://vk.ru/id422397933
860143778;https://vk.ru/id860143778;422397933;https://vk.ru/id422397933
860144786;https://vk.ru/id860144786;422397933;https://vk.ru/id422397933
860147077;https://vk.ru/id860147077;422397933;https://vk.ru/id422397933
860147828;https://vk.ru/id860147828;422397933;https://vk.ru/id422397933
860148324;https://vk.ru/id860148324;422397933;https://vk.ru/id422397933
860151954;https://vk.ru/id860151954;422397933;https://vk.ru/id422397933
860153543;https://vk.ru/id860153543;422397933;https://vk.ru/id422397933
860159533;https://vk.ru/id860159533;422397933;https://vk.ru/id422397933
860167248;https://vk.ru/id860167248;422397933;https://vk.ru/id422397933
860168242;https://vk.ru/id860168242;422397933;https://vk.ru/id422397933
860170160;https://vk.ru/id860170160;422397933;https://vk.ru/id422397933
860171587;https://vk.ru/id860171587;422397933;https://vk.ru/id422397933
860179168;https://vk.ru/id860179168;422397933;https://vk.ru/id422397933
860179538;https://vk.ru/id860179538;422397933;https://vk.ru/id422397933
860184867;https://vk.ru/id860184867;422397933;https://vk.ru/id422397933
860187671;https://vk.ru/id860187671;422397933;https://vk.ru/id422397933
860187727;https://vk.ru/id860187727;422397933;https://vk.ru/id422397933
860191147;https://vk.ru/id860191147;422397933;https://vk.ru/id422397933
860192268;https://vk.ru/id860192268;422397933;https://vk.ru/id422397933
860192857;https://vk.ru/id860192857;422397933;https://vk.ru/id422397933
860193039;https://vk.ru/id860193039;422397933;https://vk.ru/id422397933
860194616;https://vk.ru/id860194616;422397933;https://vk.ru/id422397933
860196614;https://vk.ru/id860196614;422397933;https://vk.ru/id422397933
860196892;https://vk.ru/id860196892;422397933;https://vk.ru/id422397933
860197956;https://vk.ru/id860197956;422397933;https://vk.ru/id422397933
860205322;https://vk.ru/id860205322;422397933;https://vk.ru/id422397933
860211815;https://vk.ru/id860211815;422397933;https://vk.ru/id422397933
860211857;https://vk.ru/id860211857;422397933;https://vk.ru/id422397933
860257873;https://vk.ru/id860257873;422397933;https://vk.ru/id422397933
860261759;https://vk.ru/id860261759;422397933;https://vk.ru/id422397933
860262733;https://vk.ru/id860262733;422397933;https://vk.ru/id422397933
860264248;https://vk.ru/id860264248;422397933;https://vk.ru/id422397933
860268191;https://vk.ru/id860268191;422397933;https://vk.ru/id422397933
860271923;https://vk.ru/id860271923;422397933;https://vk.ru/id422397933
860272968;https://vk.ru/id860272968;422397933;https://vk.ru/id422397933
860276949;https://vk.ru/id860276949;422397933;https://vk.ru/id422397933
860277408;https://vk.ru/id860277408;422397933;https://vk.ru/id422397933
860279477;https://vk.ru/id860279477;422397933;https://vk.ru/id422397933
860287521;https://vk.ru/id860287521;422397933;https://vk.ru/id422397933
860289169;https://vk.ru/id860289169;422397933;https://vk.ru/id422397933
860295143;https://vk.ru/id860295143;422397933;https://vk.ru/id422397933
860305565;https://vk.ru/id860305565;422397933;https://vk.ru/id422397933
860309513;https://vk.ru/id860309513;422397933;https://vk.ru/id422397933
860309818;https://vk.ru/id860309818;422397933;https://vk.ru/id422397933
860315184;https://vk.ru/id860315184;422397933;https://vk.ru/id422397933
860315843;https://vk.ru/id860315843;422397933;https://vk.ru/id422397933
860328178;https://vk.ru/id860328178;422397933;https://vk.ru/id422397933
860329463;https://vk.ru/id860329463;422397933;https://vk.ru/id422397933
860329994;https://vk.ru/id860329994;422397933;https://vk.ru/id422397933
860332626;https://vk.ru/id860332626;422397933;https://vk.ru/id422397933
860333612;https://vk.ru/id860333612;422397933;https://vk.ru/id422397933
860334431;https://vk.ru/id860334431;422397933;https://vk.ru/id422397933
860334957;https://vk.ru/id860334957;422397933;https://vk.ru/id422397933
860351493;https://vk.ru/id860351493;422397933;https://vk.ru/id422397933
860359417;https://vk.ru/id860359417;422397933;https://vk.ru/id422397933
860374669;https://vk.ru/id860374669;422397933;https://vk.ru/id422397933
860382753;https://vk.ru/id860382753;422397933;https://vk.ru/id422397933
860387568;https://vk.ru/id860387568;422397933;https://vk.ru/id422397933
860389610;https://vk.ru/id860389610;422397933;https://vk.ru/id422397933
860402389;https://vk.ru/id860402389;422397933;https://vk.ru/id422397933
860419108;https://vk.ru/id860419108;422397933;https://vk.ru/id422397933
860436728;https://vk.ru/id860436728;422397933;https://vk.ru/id422397933
860438016;https://vk.ru/id860438016;422397933;https://vk.ru/id422397933
860446081;https://vk.ru/id860446081;422397933;https://vk.ru/id422397933
860485784;https://vk.ru/id860485784;422397933;https://vk.ru/id422397933
860490145;https://vk.ru/id860490145;422397933;https://vk.ru/id422397933
860495353;https://vk.ru/id860495353;422397933;https://vk.ru/id422397933
860495827;https://vk.ru/id860495827;422397933;https://vk.ru/id422397933
860497081;https://vk.ru/id860497081;422397933;https://vk.ru/id422397933
860500902;https://vk.ru/id860500902;422397933;https://vk.ru/id422397933
860507448;https://vk.ru/id860507448;422397933;https://vk.ru/id422397933
860511253;https://vk.ru/id860511253;422397933;https://vk.ru/id422397933
860534604;https://vk.ru/id860534604;422397933;https://vk.ru/id422397933
860536291;https://vk.ru/id860536291;422397933;https://vk.ru/id422397933
860539555;https://vk.ru/id860539555;422397933;https://vk.ru/id422397933
860540333;https://vk.ru/id860540333;422397933;https://vk.ru/id422397933
860541397;https://vk.ru/id860541397;422397933;https://vk.ru/id422397933
860545336;https://vk.ru/id860545336;422397933;https://vk.ru/id422397933
860555324;https://vk.ru/id860555324;422397933;https://vk.ru/id422397933
860558635;https://vk.ru/id860558635;422397933;https://vk.ru/id422397933
860561801;https://vk.ru/id860561801;422397933;https://vk.ru/id422397933
860562348;https://vk.ru/id860562348;422397933;https://vk.ru/id422397933
860562476;https://vk.ru/id860562476;422397933;https://vk.ru/id422397933
860567647;https://vk.ru/id860567647;422397933;https://vk.ru/id422397933
860568951;https://vk.ru/id860568951;422397933;https://vk.ru/id422397933
860569804;https://vk.ru/id860569804;422397933;https://vk.ru/id422397933
860570483;https://vk.ru/id860570483;422397933;https://vk.ru/id422397933
860572656;https://vk.ru/id860572656;422397933;https://vk.ru/id422397933
860584212;https://vk.ru/id860584212;422397933;https://vk.ru/id422397933
860598354;https://vk.ru/id860598354;422397933;https://vk.ru/id422397933
860598777;https://vk.ru/id860598777;422397933;https://vk.ru/id422397933
860598782;https://vk.ru/id860598782;422397933;https://vk.ru/id422397933
860600506;https://vk.ru/id860600506;422397933;https://vk.ru/id422397933
860609622;https://vk.ru/id860609622;422397933;https://vk.ru/id422397933
860623610;https://vk.ru/id860623610;422397933;https://vk.ru/id422397933
860632851;https://vk.ru/id860632851;422397933;https://vk.ru/id422397933
860633607;https://vk.ru/id860633607;422397933;https://vk.ru/id422397933
860634168;https://vk.ru/id860634168;422397933;https://vk.ru/id422397933
860637068;https://vk.ru/id860637068;422397933;https://vk.ru/id422397933
860640678;https://vk.ru/id860640678;422397933;https://vk.ru/id422397933
860645507;https://vk.ru/id860645507;422397933;https://vk.ru/id422397933
860683856;https://vk.ru/id860683856;422397933;https://vk.ru/id422397933
860702506;https://vk.ru/id860702506;422397933;https://vk.ru/id422397933
860702823;https://vk.ru/id860702823;422397933;https://vk.ru/id422397933
860714485;https://vk.ru/id860714485;422397933;https://vk.ru/id422397933
860728085;https://vk.ru/id860728085;422397933;https://vk.ru/id422397933
860735306;https://vk.ru/id860735306;422397933;https://vk.ru/id422397933
860744412;https://vk.ru/id860744412;422397933;https://vk.ru/id422397933
860746957;https://vk.ru/id860746957;422397933;https://vk.ru/id422397933
860750672;https://vk.ru/id860750672;422397933;https://vk.ru/id422397933
860756666;https://vk.ru/id860756666;422397933;https://vk.ru/id422397933
860769707;https://vk.ru/id860769707;422397933;https://vk.ru/id422397933
860780512;https://vk.ru/id860780512;422397933;https://vk.ru/id422397933
860781506;https://vk.ru/id860781506;422397933;https://vk.ru/id422397933
860782422;https://vk.ru/id860782422;422397933;https://vk.ru/id422397933
860782429;https://vk.ru/id860782429;422397933;https://vk.ru/id422397933
860782889;https://vk.ru/id860782889;422397933;https://vk.ru/id422397933
860782907;https://vk.ru/id860782907;422397933;https://vk.ru/id422397933
860786694;https://vk.ru/id860786694;422397933;https://vk.ru/id422397933
860799437;https://vk.ru/id860799437;422397933;https://vk.ru/id422397933
860801981;https://vk.ru/id860801981;422397933;https://vk.ru/id422397933
860802321;https://vk.ru/id860802321;422397933;https://vk.ru/id422397933
860804746;https://vk.ru/id860804746;422397933;https://vk.ru/id422397933
860807848;https://vk.ru/id860807848;422397933;https://vk.ru/id422397933
860810128;https://vk.ru/id860810128;422397933;https://vk.ru/id422397933
860818623;https://vk.ru/id860818623;422397933;https://vk.ru/id422397933
860834566;https://vk.ru/id860834566;422397933;https://vk.ru/id422397933
860838768;https://vk.ru/id860838768;422397933;https://vk.ru/id422397933
860843412;https://vk.ru/id860843412;422397933;https://vk.ru/id422397933
860847704;https://vk.ru/id860847704;422397933;https://vk.ru/id422397933
860848442;https://vk.ru/id860848442;422397933;https://vk.ru/id422397933
860856344;https://vk.ru/id860856344;422397933;https://vk.ru/id422397933
860857973;https://vk.ru/id860857973;422397933;https://vk.ru/id422397933
860859362;https://vk.ru/id860859362;422397933;https://vk.ru/id422397933
860860928;https://vk.ru/id860860928;422397933;https://vk.ru/id422397933
860862023;https://vk.ru/id860862023;422397933;https://vk.ru/id422397933
860862242;https://vk.ru/id860862242;422397933;https://vk.ru/id422397933
860862901;https://vk.ru/id860862901;422397933;https://vk.ru/id422397933
860864594;https://vk.ru/id860864594;422397933;https://vk.ru/id422397933
860867013;https://vk.ru/id860867013;422397933;https://vk.ru/id422397933
860873174;https://vk.ru/id860873174;422397933;https://vk.ru/id422397933
860875262;https://vk.ru/id860875262;422397933;https://vk.ru/id422397933
860879890;https://vk.ru/id860879890;422397933;https://vk.ru/id422397933
860883585;https://vk.ru/id860883585;422397933;https://vk.ru/id422397933
860888316;https://vk.ru/id860888316;422397933;https://vk.ru/id422397933
860889844;https://vk.ru/id860889844;422397933;https://vk.ru/id422397933
860893372;https://vk.ru/id860893372;422397933;https://vk.ru/id422397933
860894656;https://vk.ru/id860894656;422397933;https://vk.ru/id422397933
860895286;https://vk.ru/id860895286;422397933;https://vk.ru/id422397933
860898711;https://vk.ru/id860898711;422397933;https://vk.ru/id422397933
860900748;https://vk.ru/id860900748;422397933;https://vk.ru/id422397933
860901255;https://vk.ru/id860901255;422397933;https://vk.ru/id422397933
860901900;https://vk.ru/id860901900;422397933;https://vk.ru/id422397933
860905165;https://vk.ru/id860905165;422397933;https://vk.ru/id422397933
860907242;https://vk.ru/id860907242;422397933;https://vk.ru/id422397933
860907489;https://vk.ru/id860907489;422397933;https://vk.ru/id422397933
860909759;https://vk.ru/id860909759;422397933;https://vk.ru/id422397933
860915723;https://vk.ru/id860915723;422397933;https://vk.ru/id422397933
860920016;https://vk.ru/id860920016;422397933;https://vk.ru/id422397933
860937021;https://vk.ru/id860937021;422397933;https://vk.ru/id422397933
860939436;https://vk.ru/id860939436;422397933;https://vk.ru/id422397933
860940346;https://vk.ru/id860940346;422397933;https://vk.ru/id422397933
860941294;https://vk.ru/id860941294;422397933;https://vk.ru/id422397933
860941574;https://vk.ru/id860941574;422397933;https://vk.ru/id422397933
860949977;https://vk.ru/id860949977;422397933;https://vk.ru/id422397933
860961175;https://vk.ru/id860961175;422397933;https://vk.ru/id422397933
860961313;https://vk.ru/id860961313;422397933;https://vk.ru/id422397933
860961515;https://vk.ru/id860961515;422397933;https://vk.ru/id422397933
860961751;https://vk.ru/id860961751;422397933;https://vk.ru/id422397933
860964673;https://vk.ru/id860964673;422397933;https://vk.ru/id422397933
860964720;https://vk.ru/id860964720;422397933;https://vk.ru/id422397933
860966060;https://vk.ru/id860966060;422397933;https://vk.ru/id422397933
860966801;https://vk.ru/id860966801;422397933;https://vk.ru/id422397933
860975031;https://vk.ru/id860975031;422397933;https://vk.ru/id422397933
860979499;https://vk.ru/id860979499;422397933;https://vk.ru/id422397933
860979728;https://vk.ru/id860979728;422397933;https://vk.ru/id422397933
860980561;https://vk.ru/id860980561;422397933;https://vk.ru/id422397933
860981716;https://vk.ru/id860981716;422397933;https://vk.ru/id422397933
860986752;https://vk.ru/id860986752;422397933;https://vk.ru/id422397933
860987638;https://vk.ru/id860987638;422397933;https://vk.ru/id422397933
860989487;https://vk.ru/id860989487;422397933;https://vk.ru/id422397933
860989933;https://vk.ru/id860989933;422397933;https://vk.ru/id422397933
860990238;https://vk.ru/id860990238;422397933;https://vk.ru/id422397933
860994000;https://vk.ru/id860994000;422397933;https://vk.ru/id422397933
860994947;https://vk.ru/id860994947;422397933;https://vk.ru/id422397933
860995791;https://vk.ru/id860995791;422397933;https://vk.ru/id422397933
860997783;https://vk.ru/id860997783;422397933;https://vk.ru/id422397933
861001219;https://vk.ru/id861001219;422397933;https://vk.ru/id422397933
861003188;https://vk.ru/id861003188;422397933;https://vk.ru/id422397933
861003462;https://vk.ru/id861003462;422397933;https://vk.ru/id422397933
861003730;https://vk.ru/id861003730;422397933;https://vk.ru/id422397933
861009091;https://vk.ru/id861009091;422397933;https://vk.ru/id422397933
861009351;https://vk.ru/id861009351;422397933;https://vk.ru/id422397933
861010498;https://vk.ru/id861010498;422397933;https://vk.ru/id422397933
861014004;https://vk.ru/id861014004;422397933;https://vk.ru/id422397933
861014224;https://vk.ru/id861014224;422397933;https://vk.ru/id422397933
861017720;https://vk.ru/id861017720;422397933;https://vk.ru/id422397933
861029543;https://vk.ru/id861029543;422397933;https://vk.ru/id422397933
861041360;https://vk.ru/id861041360;422397933;https://vk.ru/id422397933
861041375;https://vk.ru/id861041375;422397933;https://vk.ru/id422397933
861043119;https://vk.ru/id861043119;422397933;https://vk.ru/id422397933
861050482;https://vk.ru/id861050482;422397933;https://vk.ru/id422397933
861053963;https://vk.ru/id861053963;422397933;https://vk.ru/id422397933
861058004;https://vk.ru/id861058004;422397933;https://vk.ru/id422397933
861064067;https://vk.ru/id861064067;422397933;https://vk.ru/id422397933
861066224;https://vk.ru/id861066224;422397933;https://vk.ru/id422397933
861066612;https://vk.ru/id861066612;422397933;https://vk.ru/id422397933
861067601;https://vk.ru/id861067601;422397933;https://vk.ru/id422397933
861070832;https://vk.ru/id861070832;422397933;https://vk.ru/id422397933
861073390;https://vk.ru/id861073390;422397933;https://vk.ru/id422397933
861076929;https://vk.ru/id861076929;422397933;https://vk.ru/id422397933
861077651;https://vk.ru/id861077651;422397933;https://vk.ru/id422397933
861078297;https://vk.ru/id861078297;422397933;https://vk.ru/id422397933
861082547;https://vk.ru/id861082547;422397933;https://vk.ru/id422397933
861082795;https://vk.ru/id861082795;422397933;https://vk.ru/id422397933
861083339;https://vk.ru/id861083339;422397933;https://vk.ru/id422397933
861084227;https://vk.ru/id861084227;422397933;https://vk.ru/id422397933
861084301;https://vk.ru/id861084301;422397933;https://vk.ru/id422397933
861084711;https://vk.ru/id861084711;422397933;https://vk.ru/id422397933
861106403;https://vk.ru/id861106403;422397933;https://vk.ru/id422397933
861110101;https://vk.ru/id861110101;422397933;https://vk.ru/id422397933
861113890;https://vk.ru/id861113890;422397933;https://vk.ru/id422397933
861114412;https://vk.ru/id861114412;422397933;https://vk.ru/id422397933
861118884;https://vk.ru/id861118884;422397933;https://vk.ru/id422397933
861119895;https://vk.ru/id861119895;422397933;https://vk.ru/id422397933
861127365;https://vk.ru/id861127365;422397933;https://vk.ru/id422397933
861127438;https://vk.ru/id861127438;422397933;https://vk.ru/id422397933
861137650;https://vk.ru/id861137650;422397933;https://vk.ru/id422397933
861137706;https://vk.ru/id861137706;422397933;https://vk.ru/id422397933
861138462;https://vk.ru/id861138462;422397933;https://vk.ru/id422397933
861138713;https://vk.ru/id861138713;422397933;https://vk.ru/id422397933
861139153;https://vk.ru/id861139153;422397933;https://vk.ru/id422397933
861139359;https://vk.ru/id861139359;422397933;https://vk.ru/id422397933
861151349;https://vk.ru/id861151349;422397933;https://vk.ru/id422397933
861157822;https://vk.ru/id861157822;422397933;https://vk.ru/id422397933
861193904;https://vk.ru/id861193904;422397933;https://vk.ru/id422397933
861210860;https://vk.ru/id861210860;422397933;https://vk.ru/id422397933
861218193;https://vk.ru/id861218193;422397933;https://vk.ru/id422397933
861230195;https://vk.ru/id861230195;422397933;https://vk.ru/id422397933
861235892;https://vk.ru/id861235892;422397933;https://vk.ru/id422397933
861236104;https://vk.ru/id861236104;422397933;https://vk.ru/id422397933
861238289;https://vk.ru/id861238289;422397933;https://vk.ru/id422397933
861239003;https://vk.ru/id861239003;422397933;https://vk.ru/id422397933
861253461;https://vk.ru/id861253461;422397933;https://vk.ru/id422397933
861300351;https://vk.ru/id861300351;422397933;https://vk.ru/id422397933
861301707;https://vk.ru/id861301707;422397933;https://vk.ru/id422397933
861303520;https://vk.ru/id861303520;422397933;https://vk.ru/id422397933
861304627;https://vk.ru/id861304627;422397933;https://vk.ru/id422397933
861320194;https://vk.ru/id861320194;422397933;https://vk.ru/id422397933
861321811;https://vk.ru/id861321811;422397933;https://vk.ru/id422397933
861326495;https://vk.ru/id861326495;422397933;https://vk.ru/id422397933
861327705;https://vk.ru/id861327705;422397933;https://vk.ru/id422397933
861329931;https://vk.ru/id861329931;422397933;https://vk.ru/id422397933
861334923;https://vk.ru/id861334923;422397933;https://vk.ru/id422397933
861339358;https://vk.ru/id861339358;422397933;https://vk.ru/id422397933
861340297;https://vk.ru/id861340297;422397933;https://vk.ru/id422397933
861342377;https://vk.ru/id861342377;422397933;https://vk.ru/id422397933
861342507;https://vk.ru/id861342507;422397933;https://vk.ru/id422397933
861352770;https://vk.ru/id861352770;422397933;https://vk.ru/id422397933
861353204;https://vk.ru/id861353204;422397933;https://vk.ru/id422397933
861367455;https://vk.ru/id861367455;422397933;https://vk.ru/id422397933
861369201;https://vk.ru/id861369201;422397933;https://vk.ru/id422397933
861370717;https://vk.ru/id861370717;422397933;https://vk.ru/id422397933
861371973;https://vk.ru/id861371973;422397933;https://vk.ru/id422397933
861377325;https://vk.ru/id861377325;422397933;https://vk.ru/id422397933
861382116;https://vk.ru/id861382116;422397933;https://vk.ru/id422397933
861385786;https://vk.ru/id861385786;422397933;https://vk.ru/id422397933
861386171;https://vk.ru/id861386171;422397933;https://vk.ru/id422397933
861387275;https://vk.ru/id861387275;422397933;https://vk.ru/id422397933
861395036;https://vk.ru/id861395036;422397933;https://vk.ru/id422397933
861397223;https://vk.ru/id861397223;422397933;https://vk.ru/id422397933
861399561;https://vk.ru/id861399561;422397933;https://vk.ru/id422397933
861404728;https://vk.ru/id861404728;422397933;https://vk.ru/id422397933
861405733;https://vk.ru/id861405733;422397933;https://vk.ru/id422397933
861406940;https://vk.ru/id861406940;422397933;https://vk.ru/id422397933
861410859;https://vk.ru/id861410859;422397933;https://vk.ru/id422397933
861411442;https://vk.ru/id861411442;422397933;https://vk.ru/id422397933
861412329;https://vk.ru/id861412329;422397933;https://vk.ru/id422397933
861417394;https://vk.ru/id861417394;422397933;https://vk.ru/id422397933
861417711;https://vk.ru/id861417711;422397933;https://vk.ru/id422397933
861417712;https://vk.ru/id861417712;422397933;https://vk.ru/id422397933
861419727;https://vk.ru/id861419727;422397933;https://vk.ru/id422397933
861421167;https://vk.ru/id861421167;422397933;https://vk.ru/id422397933
861422375;https://vk.ru/id861422375;422397933;https://vk.ru/id422397933
861424272;https://vk.ru/id861424272;422397933;https://vk.ru/id422397933
861427524;https://vk.ru/id861427524;422397933;https://vk.ru/id422397933
861432795;https://vk.ru/id861432795;422397933;https://vk.ru/id422397933
861435396;https://vk.ru/id861435396;422397933;https://vk.ru/id422397933
861436606;https://vk.ru/id861436606;422397933;https://vk.ru/id422397933
861445459;https://vk.ru/id861445459;422397933;https://vk.ru/id422397933
861457866;https://vk.ru/id861457866;422397933;https://vk.ru/id422397933
861472741;https://vk.ru/id861472741;422397933;https://vk.ru/id422397933
861478118;https://vk.ru/id861478118;422397933;https://vk.ru/id422397933
861479798;https://vk.ru/id861479798;422397933;https://vk.ru/id422397933
861486685;https://vk.ru/id861486685;422397933;https://vk.ru/id422397933
861486745;https://vk.ru/id861486745;422397933;https://vk.ru/id422397933
861492665;https://vk.ru/id861492665;422397933;https://vk.ru/id422397933
861492765;https://vk.ru/id861492765;422397933;https://vk.ru/id422397933
861495394;https://vk.ru/id861495394;422397933;https://vk.ru/id422397933
861498189;https://vk.ru/id861498189;422397933;https://vk.ru/id422397933
861550702;https://vk.ru/id861550702;422397933;https://vk.ru/id422397933
861588436;https://vk.ru/id861588436;422397933;https://vk.ru/id422397933
861591012;https://vk.ru/id861591012;422397933;https://vk.ru/id422397933
861611508;https://vk.ru/id861611508;422397933;https://vk.ru/id422397933
861636112;https://vk.ru/id861636112;422397933;https://vk.ru/id422397933
861641073;https://vk.ru/id861641073;422397933;https://vk.ru/id422397933
861666369;https://vk.ru/id861666369;422397933;https://vk.ru/id422397933
861676008;https://vk.ru/id861676008;422397933;https://vk.ru/id422397933
861678474;https://vk.ru/id861678474;422397933;https://vk.ru/id422397933
861687870;https://vk.ru/id861687870;422397933;https://vk.ru/id422397933
861688253;https://vk.ru/id861688253;422397933;https://vk.ru/id422397933
861690687;https://vk.ru/id861690687;422397933;https://vk.ru/id422397933
861696983;https://vk.ru/id861696983;422397933;https://vk.ru/id422397933
861698824;https://vk.ru/id861698824;422397933;https://vk.ru/id422397933
861699051;https://vk.ru/id861699051;422397933;https://vk.ru/id422397933
861702830;https://vk.ru/id861702830;422397933;https://vk.ru/id422397933
861707649;https://vk.ru/id861707649;422397933;https://vk.ru/id422397933
861710516;https://vk.ru/id861710516;422397933;https://vk.ru/id422397933
861710667;https://vk.ru/id861710667;422397933;https://vk.ru/id422397933
861723638;https://vk.ru/id861723638;422397933;https://vk.ru/id422397933
861740825;https://vk.ru/id861740825;422397933;https://vk.ru/id422397933
861751174;https://vk.ru/id861751174;422397933;https://vk.ru/id422397933
861756818;https://vk.ru/id861756818;422397933;https://vk.ru/id422397933
861760389;https://vk.ru/id861760389;422397933;https://vk.ru/id422397933
861766512;https://vk.ru/id861766512;422397933;https://vk.ru/id422397933
861766716;https://vk.ru/id861766716;422397933;https://vk.ru/id422397933
861781861;https://vk.ru/id861781861;422397933;https://vk.ru/id422397933
861804533;https://vk.ru/id861804533;422397933;https://vk.ru/id422397933
861810458;https://vk.ru/id861810458;422397933;https://vk.ru/id422397933
861821913;https://vk.ru/id861821913;422397933;https://vk.ru/id422397933
861829158;https://vk.ru/id861829158;422397933;https://vk.ru/id422397933
861832093;https://vk.ru/id861832093;422397933;https://vk.ru/id422397933
861841697;https://vk.ru/id861841697;422397933;https://vk.ru/id422397933
861848764;https://vk.ru/id861848764;422397933;https://vk.ru/id422397933
861848925;https://vk.ru/id861848925;422397933;https://vk.ru/id422397933
861851445;https://vk.ru/id861851445;422397933;https://vk.ru/id422397933
861851879;https://vk.ru/id861851879;422397933;https://vk.ru/id422397933
861855741;https://vk.ru/id861855741;422397933;https://vk.ru/id422397933
861856494;https://vk.ru/id861856494;422397933;https://vk.ru/id422397933
861856814;https://vk.ru/id861856814;422397933;https://vk.ru/id422397933
861858669;https://vk.ru/id861858669;422397933;https://vk.ru/id422397933
861860602;https://vk.ru/id861860602;422397933;https://vk.ru/id422397933
861861911;https://vk.ru/id861861911;422397933;https://vk.ru/id422397933
861862189;https://vk.ru/id861862189;422397933;https://vk.ru/id422397933
861864096;https://vk.ru/id861864096;422397933;https://vk.ru/id422397933
861866568;https://vk.ru/id861866568;422397933;https://vk.ru/id422397933
861909000;https://vk.ru/id861909000;422397933;https://vk.ru/id422397933
861914740;https://vk.ru/id861914740;422397933;https://vk.ru/id422397933
861921925;https://vk.ru/id861921925;422397933;https://vk.ru/id422397933
861928646;https://vk.ru/id861928646;422397933;https://vk.ru/id422397933
861932647;https://vk.ru/id861932647;422397933;https://vk.ru/id422397933
861936059;https://vk.ru/id861936059;422397933;https://vk.ru/id422397933
861937184;https://vk.ru/id861937184;422397933;https://vk.ru/id422397933
861938051;https://vk.ru/id861938051;422397933;https://vk.ru/id422397933
861939811;https://vk.ru/id861939811;422397933;https://vk.ru/id422397933
861943428;https://vk.ru/id861943428;422397933;https://vk.ru/id422397933
861943751;https://vk.ru/id861943751;422397933;https://vk.ru/id422397933
861944296;https://vk.ru/id861944296;422397933;https://vk.ru/id422397933
861948123;https://vk.ru/id861948123;422397933;https://vk.ru/id422397933
861948458;https://vk.ru/id861948458;422397933;https://vk.ru/id422397933
861949374;https://vk.ru/id861949374;422397933;https://vk.ru/id422397933
861950284;https://vk.ru/id861950284;422397933;https://vk.ru/id422397933
861955938;https://vk.ru/id861955938;422397933;https://vk.ru/id422397933
861963225;https://vk.ru/id861963225;422397933;https://vk.ru/id422397933
861965374;https://vk.ru/id861965374;422397933;https://vk.ru/id422397933
861966451;https://vk.ru/id861966451;422397933;https://vk.ru/id422397933
861966863;https://vk.ru/id861966863;422397933;https://vk.ru/id422397933
861966952;https://vk.ru/id861966952;422397933;https://vk.ru/id422397933
861967356;https://vk.ru/id861967356;422397933;https://vk.ru/id422397933
861967687;https://vk.ru/id861967687;422397933;https://vk.ru/id422397933
861970030;https://vk.ru/id861970030;422397933;https://vk.ru/id422397933
861972353;https://vk.ru/id861972353;422397933;https://vk.ru/id422397933
861972573;https://vk.ru/id861972573;422397933;https://vk.ru/id422397933
861978082;https://vk.ru/id861978082;422397933;https://vk.ru/id422397933
861999586;https://vk.ru/id861999586;422397933;https://vk.ru/id422397933
862005383;https://vk.ru/id862005383;422397933;https://vk.ru/id422397933
862006371;https://vk.ru/id862006371;422397933;https://vk.ru/id422397933
862006379;https://vk.ru/id862006379;422397933;https://vk.ru/id422397933
862006382;https://vk.ru/id862006382;422397933;https://vk.ru/id422397933
862006403;https://vk.ru/id862006403;422397933;https://vk.ru/id422397933
862006429;https://vk.ru/id862006429;422397933;https://vk.ru/id422397933
862006482;https://vk.ru/id862006482;422397933;https://vk.ru/id422397933
862006491;https://vk.ru/id862006491;422397933;https://vk.ru/id422397933
862006533;https://vk.ru/id862006533;422397933;https://vk.ru/id422397933
862006743;https://vk.ru/id862006743;422397933;https://vk.ru/id422397933
862038028;https://vk.ru/id862038028;422397933;https://vk.ru/id422397933
862061013;https://vk.ru/id862061013;422397933;https://vk.ru/id422397933
862073550;https://vk.ru/id862073550;422397933;https://vk.ru/id422397933
862074192;https://vk.ru/id862074192;422397933;https://vk.ru/id422397933
862080334;https://vk.ru/id862080334;422397933;https://vk.ru/id422397933
862080614;https://vk.ru/id862080614;422397933;https://vk.ru/id422397933
862081508;https://vk.ru/id862081508;422397933;https://vk.ru/id422397933
862085652;https://vk.ru/id862085652;422397933;https://vk.ru/id422397933
862089686;https://vk.ru/id862089686;422397933;https://vk.ru/id422397933
862090859;https://vk.ru/id862090859;422397933;https://vk.ru/id422397933
862094993;https://vk.ru/id862094993;422397933;https://vk.ru/id422397933
862095201;https://vk.ru/id862095201;422397933;https://vk.ru/id422397933
862095721;https://vk.ru/id862095721;422397933;https://vk.ru/id422397933
862096625;https://vk.ru/id862096625;422397933;https://vk.ru/id422397933
862100576;https://vk.ru/id862100576;422397933;https://vk.ru/id422397933
862100728;https://vk.ru/id862100728;422397933;https://vk.ru/id422397933
862105118;https://vk.ru/id862105118;422397933;https://vk.ru/id422397933
862110441;https://vk.ru/id862110441;422397933;https://vk.ru/id422397933
862111956;https://vk.ru/id862111956;422397933;https://vk.ru/id422397933
862119375;https://vk.ru/id862119375;422397933;https://vk.ru/id422397933
862119390;https://vk.ru/id862119390;422397933;https://vk.ru/id422397933
862122411;https://vk.ru/id862122411;422397933;https://vk.ru/id422397933
862125668;https://vk.ru/id862125668;422397933;https://vk.ru/id422397933
862125896;https://vk.ru/id862125896;422397933;https://vk.ru/id422397933
862126786;https://vk.ru/id862126786;422397933;https://vk.ru/id422397933
862126949;https://vk.ru/id862126949;422397933;https://vk.ru/id422397933
862130497;https://vk.ru/id862130497;422397933;https://vk.ru/id422397933
862133328;https://vk.ru/id862133328;422397933;https://vk.ru/id422397933
862133599;https://vk.ru/id862133599;422397933;https://vk.ru/id422397933
862135423;https://vk.ru/id862135423;422397933;https://vk.ru/id422397933
862136359;https://vk.ru/id862136359;422397933;https://vk.ru/id422397933
862139946;https://vk.ru/id862139946;422397933;https://vk.ru/id422397933
862150111;https://vk.ru/id862150111;422397933;https://vk.ru/id422397933
862155753;https://vk.ru/id862155753;422397933;https://vk.ru/id422397933
862156489;https://vk.ru/id862156489;422397933;https://vk.ru/id422397933
862157019;https://vk.ru/id862157019;422397933;https://vk.ru/id422397933
862164794;https://vk.ru/id862164794;422397933;https://vk.ru/id422397933
862167209;https://vk.ru/id862167209;422397933;https://vk.ru/id422397933
862175660;https://vk.ru/id862175660;422397933;https://vk.ru/id422397933
862178558;https://vk.ru/id862178558;422397933;https://vk.ru/id422397933
862181714;https://vk.ru/id862181714;422397933;https://vk.ru/id422397933
862184738;https://vk.ru/id862184738;422397933;https://vk.ru/id422397933
862197547;https://vk.ru/id862197547;422397933;https://vk.ru/id422397933
862209865;https://vk.ru/id862209865;422397933;https://vk.ru/id422397933
862225918;https://vk.ru/id862225918;422397933;https://vk.ru/id422397933
862259349;https://vk.ru/id862259349;422397933;https://vk.ru/id422397933
862263130;https://vk.ru/id862263130;422397933;https://vk.ru/id422397933
862274304;https://vk.ru/id862274304;422397933;https://vk.ru/id422397933
862281126;https://vk.ru/id862281126;422397933;https://vk.ru/id422397933
862283253;https://vk.ru/id862283253;422397933;https://vk.ru/id422397933
862284106;https://vk.ru/id862284106;422397933;https://vk.ru/id422397933
862287130;https://vk.ru/id862287130;422397933;https://vk.ru/id422397933
862289112;https://vk.ru/id862289112;422397933;https://vk.ru/id422397933
862317269;https://vk.ru/id862317269;422397933;https://vk.ru/id422397933
862319714;https://vk.ru/id862319714;422397933;https://vk.ru/id422397933
862320357;https://vk.ru/id862320357;422397933;https://vk.ru/id422397933
862351056;https://vk.ru/id862351056;422397933;https://vk.ru/id422397933
862367976;https://vk.ru/id862367976;422397933;https://vk.ru/id422397933
862369461;https://vk.ru/id862369461;422397933;https://vk.ru/id422397933
862372200;https://vk.ru/id862372200;422397933;https://vk.ru/id422397933
862376981;https://vk.ru/id862376981;422397933;https://vk.ru/id422397933
862377412;https://vk.ru/id862377412;422397933;https://vk.ru/id422397933
862382391;https://vk.ru/id862382391;422397933;https://vk.ru/id422397933
862384613;https://vk.ru/id862384613;422397933;https://vk.ru/id422397933
862386144;https://vk.ru/id862386144;422397933;https://vk.ru/id422397933
862390891;https://vk.ru/id862390891;422397933;https://vk.ru/id422397933
862396737;https://vk.ru/id862396737;422397933;https://vk.ru/id422397933
862404883;https://vk.ru/id862404883;422397933;https://vk.ru/id422397933
862405835;https://vk.ru/id862405835;422397933;https://vk.ru/id422397933
862407614;https://vk.ru/id862407614;422397933;https://vk.ru/id422397933
862408162;https://vk.ru/id862408162;422397933;https://vk.ru/id422397933
862412038;https://vk.ru/id862412038;422397933;https://vk.ru/id422397933
862416714;https://vk.ru/id862416714;422397933;https://vk.ru/id422397933
862419702;https://vk.ru/id862419702;422397933;https://vk.ru/id422397933
862429110;https://vk.ru/id862429110;422397933;https://vk.ru/id422397933
862432691;https://vk.ru/id862432691;422397933;https://vk.ru/id422397933
862449756;https://vk.ru/id862449756;422397933;https://vk.ru/id422397933
862454702;https://vk.ru/id862454702;422397933;https://vk.ru/id422397933
862469991;https://vk.ru/id862469991;422397933;https://vk.ru/id422397933
862502451;https://vk.ru/id862502451;422397933;https://vk.ru/id422397933
862516773;https://vk.ru/id862516773;422397933;https://vk.ru/id422397933
862518703;https://vk.ru/id862518703;422397933;https://vk.ru/id422397933
862543354;https://vk.ru/id862543354;422397933;https://vk.ru/id422397933
862551632;https://vk.ru/id862551632;422397933;https://vk.ru/id422397933
862560093;https://vk.ru/id862560093;422397933;https://vk.ru/id422397933
862564268;https://vk.ru/id862564268;422397933;https://vk.ru/id422397933
862570644;https://vk.ru/id862570644;422397933;https://vk.ru/id422397933
862573587;https://vk.ru/id862573587;422397933;https://vk.ru/id422397933
862589029;https://vk.ru/id862589029;422397933;https://vk.ru/id422397933
862594174;https://vk.ru/id862594174;422397933;https://vk.ru/id422397933
862596700;https://vk.ru/id862596700;422397933;https://vk.ru/id422397933
862613060;https://vk.ru/id862613060;422397933;https://vk.ru/id422397933
862649161;https://vk.ru/id862649161;422397933;https://vk.ru/id422397933
862652911;https://vk.ru/id862652911;422397933;https://vk.ru/id422397933
862667912;https://vk.ru/id862667912;422397933;https://vk.ru/id422397933
862668367;https://vk.ru/id862668367;422397933;https://vk.ru/id422397933
862669626;https://vk.ru/id862669626;422397933;https://vk.ru/id422397933
862675087;https://vk.ru/id862675087;422397933;https://vk.ru/id422397933
862679684;https://vk.ru/id862679684;422397933;https://vk.ru/id422397933
862679685;https://vk.ru/id862679685;422397933;https://vk.ru/id422397933
862683115;https://vk.ru/id862683115;422397933;https://vk.ru/id422397933
862684972;https://vk.ru/id862684972;422397933;https://vk.ru/id422397933
862685099;https://vk.ru/id862685099;422397933;https://vk.ru/id422397933
862687132;https://vk.ru/id862687132;422397933;https://vk.ru/id422397933
862688086;https://vk.ru/id862688086;422397933;https://vk.ru/id422397933
862689665;https://vk.ru/id862689665;422397933;https://vk.ru/id422397933
862693967;https://vk.ru/id862693967;422397933;https://vk.ru/id422397933
862697715;https://vk.ru/id862697715;422397933;https://vk.ru/id422397933
862701881;https://vk.ru/id862701881;422397933;https://vk.ru/id422397933
862702889;https://vk.ru/id862702889;422397933;https://vk.ru/id422397933
862706071;https://vk.ru/id862706071;422397933;https://vk.ru/id422397933
862706597;https://vk.ru/id862706597;422397933;https://vk.ru/id422397933
862708564;https://vk.ru/id862708564;422397933;https://vk.ru/id422397933
862709856;https://vk.ru/id862709856;422397933;https://vk.ru/id422397933
862710673;https://vk.ru/id862710673;422397933;https://vk.ru/id422397933
862712487;https://vk.ru/id862712487;422397933;https://vk.ru/id422397933
862715918;https://vk.ru/id862715918;422397933;https://vk.ru/id422397933
862718795;https://vk.ru/id862718795;422397933;https://vk.ru/id422397933
862734144;https://vk.ru/id862734144;422397933;https://vk.ru/id422397933
862735412;https://vk.ru/id862735412;422397933;https://vk.ru/id422397933
862750916;https://vk.ru/id862750916;422397933;https://vk.ru/id422397933
862753859;https://vk.ru/id862753859;422397933;https://vk.ru/id422397933
862771608;https://vk.ru/id862771608;422397933;https://vk.ru/id422397933
862771809;https://vk.ru/id862771809;422397933;https://vk.ru/id422397933
862779461;https://vk.ru/id862779461;422397933;https://vk.ru/id422397933
862782264;https://vk.ru/id862782264;422397933;https://vk.ru/id422397933
862791997;https://vk.ru/id862791997;422397933;https://vk.ru/id422397933
862815904;https://vk.ru/id862815904;422397933;https://vk.ru/id422397933
862821339;https://vk.ru/id862821339;422397933;https://vk.ru/id422397933
862837354;https://vk.ru/id862837354;422397933;https://vk.ru/id422397933
862842767;https://vk.ru/id862842767;422397933;https://vk.ru/id422397933
862865448;https://vk.ru/id862865448;422397933;https://vk.ru/id422397933
862880341;https://vk.ru/id862880341;422397933;https://vk.ru/id422397933
862883852;https://vk.ru/id862883852;422397933;https://vk.ru/id422397933
862893768;https://vk.ru/id862893768;422397933;https://vk.ru/id422397933
862900974;https://vk.ru/id862900974;422397933;https://vk.ru/id422397933
862905445;https://vk.ru/id862905445;422397933;https://vk.ru/id422397933
862919747;https://vk.ru/id862919747;422397933;https://vk.ru/id422397933
862920366;https://vk.ru/id862920366;422397933;https://vk.ru/id422397933
862921804;https://vk.ru/id862921804;422397933;https://vk.ru/id422397933
862927827;https://vk.ru/id862927827;422397933;https://vk.ru/id422397933
862932519;https://vk.ru/id862932519;422397933;https://vk.ru/id422397933
862934859;https://vk.ru/id862934859;422397933;https://vk.ru/id422397933
862974510;https://vk.ru/id862974510;422397933;https://vk.ru/id422397933
862993811;https://vk.ru/id862993811;422397933;https://vk.ru/id422397933
863010106;https://vk.ru/id863010106;422397933;https://vk.ru/id422397933
863010123;https://vk.ru/id863010123;422397933;https://vk.ru/id422397933
863010369;https://vk.ru/id863010369;422397933;https://vk.ru/id422397933
863022261;https://vk.ru/id863022261;422397933;https://vk.ru/id422397933
863029362;https://vk.ru/id863029362;422397933;https://vk.ru/id422397933
863063349;https://vk.ru/id863063349;422397933;https://vk.ru/id422397933
863070862;https://vk.ru/id863070862;422397933;https://vk.ru/id422397933
863078011;https://vk.ru/id863078011;422397933;https://vk.ru/id422397933
863078098;https://vk.ru/id863078098;422397933;https://vk.ru/id422397933
863108189;https://vk.ru/id863108189;422397933;https://vk.ru/id422397933
863109301;https://vk.ru/id863109301;422397933;https://vk.ru/id422397933
863109663;https://vk.ru/id863109663;422397933;https://vk.ru/id422397933
863118885;https://vk.ru/id863118885;422397933;https://vk.ru/id422397933
863119344;https://vk.ru/id863119344;422397933;https://vk.ru/id422397933
863139267;https://vk.ru/id863139267;422397933;https://vk.ru/id422397933
863146545;https://vk.ru/id863146545;422397933;https://vk.ru/id422397933
863149364;https://vk.ru/id863149364;422397933;https://vk.ru/id422397933
863152824;https://vk.ru/id863152824;422397933;https://vk.ru/id422397933
863157266;https://vk.ru/id863157266;422397933;https://vk.ru/id422397933
863163407;https://vk.ru/id863163407;422397933;https://vk.ru/id422397933
863169247;https://vk.ru/id863169247;422397933;https://vk.ru/id422397933
863170080;https://vk.ru/id863170080;422397933;https://vk.ru/id422397933
863170422;https://vk.ru/id863170422;422397933;https://vk.ru/id422397933
863177962;https://vk.ru/id863177962;422397933;https://vk.ru/id422397933
863222996;https://vk.ru/id863222996;422397933;https://vk.ru/id422397933
863223789;https://vk.ru/id863223789;422397933;https://vk.ru/id422397933
863230227;https://vk.ru/id863230227;422397933;https://vk.ru/id422397933
863248593;https://vk.ru/id863248593;422397933;https://vk.ru/id422397933
863253609;https://vk.ru/id863253609;422397933;https://vk.ru/id422397933
863254998;https://vk.ru/id863254998;422397933;https://vk.ru/id422397933
863255003;https://vk.ru/id863255003;422397933;https://vk.ru/id422397933
863259770;https://vk.ru/id863259770;422397933;https://vk.ru/id422397933
863263039;https://vk.ru/id863263039;422397933;https://vk.ru/id422397933
863267324;https://vk.ru/id863267324;422397933;https://vk.ru/id422397933
863267657;https://vk.ru/id863267657;422397933;https://vk.ru/id422397933
863272946;https://vk.ru/id863272946;422397933;https://vk.ru/id422397933
863273145;https://vk.ru/id863273145;422397933;https://vk.ru/id422397933
863281933;https://vk.ru/id863281933;422397933;https://vk.ru/id422397933
863314375;https://vk.ru/id863314375;422397933;https://vk.ru/id422397933
863370047;https://vk.ru/id863370047;422397933;https://vk.ru/id422397933
863370727;https://vk.ru/id863370727;422397933;https://vk.ru/id422397933
863379716;https://vk.ru/id863379716;422397933;https://vk.ru/id422397933
863402916;https://vk.ru/id863402916;422397933;https://vk.ru/id422397933
863403520;https://vk.ru/id863403520;422397933;https://vk.ru/id422397933
863404020;https://vk.ru/id863404020;422397933;https://vk.ru/id422397933
863405259;https://vk.ru/id863405259;422397933;https://vk.ru/id422397933
863406814;https://vk.ru/id863406814;422397933;https://vk.ru/id422397933
863407549;https://vk.ru/id863407549;422397933;https://vk.ru/id422397933
863407946;https://vk.ru/id863407946;422397933;https://vk.ru/id422397933
863433131;https://vk.ru/id863433131;422397933;https://vk.ru/id422397933
863448179;https://vk.ru/id863448179;422397933;https://vk.ru/id422397933
863455267;https://vk.ru/id863455267;422397933;https://vk.ru/id422397933
863473677;https://vk.ru/id863473677;422397933;https://vk.ru/id422397933
863476895;https://vk.ru/id863476895;422397933;https://vk.ru/id422397933
863485134;https://vk.ru/id863485134;422397933;https://vk.ru/id422397933
863491220;https://vk.ru/id863491220;422397933;https://vk.ru/id422397933
863501518;https://vk.ru/id863501518;422397933;https://vk.ru/id422397933
863513383;https://vk.ru/id863513383;422397933;https://vk.ru/id422397933
863728369;https://vk.ru/id863728369;422397933;https://vk.ru/id422397933
865230100;https://vk.ru/id865230100;422397933;https://vk.ru/id422397933
865264717;https://vk.ru/id865264717;422397933;https://vk.ru/id422397933
865271689;https://vk.ru/id865271689;422397933;https://vk.ru/id422397933
865278879;https://vk.ru/id865278879;422397933;https://vk.ru/id422397933
865656393;https://vk.ru/id865656393;422397933;https://vk.ru/id422397933
865658406;https://vk.ru/id865658406;422397933;https://vk.ru/id422397933
865666609;https://vk.ru/id865666609;422397933;https://vk.ru/id422397933
865668073;https://vk.ru/id865668073;422397933;https://vk.ru/id422397933
865670333;https://vk.ru/id865670333;422397933;https://vk.ru/id422397933
865680743;https://vk.ru/id865680743;422397933;https://vk.ru/id422397933
865697530;https://vk.ru/id865697530;422397933;https://vk.ru/id422397933
877582742;https://vk.ru/id877582742;422397933;https://vk.ru/id422397933
1103778087;https://vk.ru/id1103778087;422397933;https://vk.ru/id422397933